{
  "project" : [ "benchmark/commons-io-2.19.0.jar" ],
  "analysis" : [ {
    "library" : "benchmark/lib/byte-buddy-1.17.5.jar",
    "totalMethods" : 14978,
    "usedMethods" : 3395,
    "usageRatio" : 0.22666577647215916
  }, {
    "library" : "benchmark/lib/byte-buddy-agent-1.17.5.jar",
    "totalMethods" : 223,
    "usedMethods" : 1,
    "usageRatio" : 0.004484304932735426
  }, {
    "library" : "benchmark/lib/commons-codec-1.18.0.jar",
    "totalMethods" : 812,
    "usedMethods" : 13,
    "usageRatio" : 0.01600985221674877
  }, {
    "library" : "benchmark/lib/commons-lang3-3.17.0.jar",
    "totalMethods" : 4925,
    "usedMethods" : 0,
    "usageRatio" : 0
  }, {
    "library" : "benchmark/lib/jimfs-1.3.0.jar",
    "totalMethods" : 653,
    "usedMethods" : 0,
    "usageRatio" : 0
  }, {
    "library" : "benchmark/lib/jmh-core-1.37.jar",
    "totalMethods" : 1463,
    "usedMethods" : 482,
    "usageRatio" : 0.32946001367054
  }, {
    "library" : "benchmark/lib/junit-jupiter-5.11.4.jar",
    "totalMethods" : 0,
    "usedMethods" : 0,
    "usageRatio" : 1
  }, {
    "library" : "benchmark/lib/junit-pioneer-1.9.1.jar",
    "totalMethods" : 1035,
    "usedMethods" : 0,
    "usageRatio" : 0
  }, {
    "library" : "benchmark/lib/mockito-inline-4.11.0.jar",
    "totalMethods" : 0,
    "usedMethods" : 0,
    "usageRatio" : 1
  }, {
    "library" : "benchmark/lib/rt.jar",
    "totalMethods" : 213558,
    "usedMethods" : 8059,
    "usageRatio" : 0.037736820910478655
  } ],
  "callGraphAlgorithm" : "1-1-CFA",
  "callGraphTimeSeconds" : 49.832,
  "analysisTimeSeconds" : 0.268,
  "programTimeSeconds" : 59.239
}