{
  "filesAnalyzed" : [ "benchmark/jars/picocli-4.7.7.jar" ],
  "domainUsed" : "org.opalj.ai.domain.l1.DefaultReferenceValuesDomain",
  "timeFinished" : "2025-07-01T10:09:51.7350488",
  "totalRuntimeMs" : 91,
  "methodsFound" : [ {
    "fullSignature" : "java.lang.String makeNegative(java.lang.String,picocli.CommandLine$Model$CommandSpec)",
    "numberOfTotalInstructions" : 30,
    "numberOfDeadInstructions" : 1,
    "enclosingTypeName" : "picocli.CommandLine$RegexTransformer",
    "deadInstructions" : [ {
      "stringRepresentation" : "GOTO(-60)",
      "programCounter" : 75
    } ]
  }, {
    "fullSignature" : "java.lang.String makeSynopsis(java.lang.String,picocli.CommandLine$Model$CommandSpec)",
    "numberOfTotalInstructions" : 30,
    "numberOfDeadInstructions" : 1,
    "enclosingTypeName" : "picocli.CommandLine$RegexTransformer",
    "deadInstructions" : [ {
      "stringRepresentation" : "GOTO(-60)",
      "programCounter" : 75
    } ]
  }, {
    "fullSignature" : "picocli.CommandLine$ParseResult$GroupValidationResult extractBlockingFailure(java.util.List)",
    "numberOfTotalInstructions" : 18,
    "numberOfDeadInstructions" : 1,
    "enclosingTypeName" : "picocli.CommandLine$ParseResult$GroupValidationResult",
    "deadInstructions" : [ {
      "stringRepresentation" : "GOTO(-28)",
      "programCounter" : 35
    } ]
  }, {
    "fullSignature" : "java.lang.Class[] extractTypeParameters(java.lang.reflect.ParameterizedType)",
    "numberOfTotalInstructions" : 159,
    "numberOfDeadInstructions" : 3,
    "enclosingTypeName" : "picocli.CommandLine$Model$RuntimeTypeInfo",
    "deadInstructions" : [ {
      "stringRepresentation" : "GOTO(176)",
      "programCounter" : 138
    }, {
      "stringRepresentation" : "GOTO(152)",
      "programCounter" : 141
    }, {
      "stringRepresentation" : "GOTO(48)",
      "programCounter" : 245
    } ]
  }, {
    "fullSignature" : "boolean hasFullyMatchedSubgroup(boolean)",
    "numberOfTotalInstructions" : 21,
    "numberOfDeadInstructions" : 1,
    "enclosingTypeName" : "picocli.CommandLine$ParseResult$GroupMatch",
    "deadInstructions" : [ {
      "stringRepresentation" : "GOTO(-29)",
      "programCounter" : 44
    } ]
  }, {
    "fullSignature" : "boolean matchedFully(boolean)",
    "numberOfTotalInstructions" : 78,
    "numberOfDeadInstructions" : 2,
    "enclosingTypeName" : "picocli.CommandLine$ParseResult$GroupMatch",
    "deadInstructions" : [ {
      "stringRepresentation" : "GOTO(-45)",
      "programCounter" : 94
    }, {
      "stringRepresentation" : "GOTO(-66)",
      "programCounter" : 176
    } ]
  }, {
    "fullSignature" : "java.lang.StringBuilder toString(java.lang.StringBuilder)",
    "numberOfTotalInstructions" : 83,
    "numberOfDeadInstructions" : 1,
    "enclosingTypeName" : "picocli.CommandLine$ParseResult$GroupMatch",
    "deadInstructions" : [ {
      "stringRepresentation" : "GOTO(-99)",
      "programCounter" : 119
    } ]
  }, {
    "fullSignature" : "java.util.List findMatchContainers(picocli.CommandLine$Model$ArgGroupSpec,java.util.List)",
    "numberOfTotalInstructions" : 42,
    "numberOfDeadInstructions" : 1,
    "enclosingTypeName" : "picocli.CommandLine$ParseResult$GroupMatchContainer",
    "deadInstructions" : [ {
      "stringRepresentation" : "GOTO(-70)",
      "programCounter" : 98
    } ]
  }, {
    "fullSignature" : "boolean matchedFully(boolean)",
    "numberOfTotalInstructions" : 36,
    "numberOfDeadInstructions" : 1,
    "enclosingTypeName" : "picocli.CommandLine$ParseResult$GroupMatchContainer",
    "deadInstructions" : [ {
      "stringRepresentation" : "GOTO(-49)",
      "programCounter" : 59
    } ]
  }, {
    "fullSignature" : "boolean requiredOptionsExistAndAllHaveDefaultValues(picocli.CommandLine$Model$ArgGroupSpec)",
    "numberOfTotalInstructions" : 48,
    "numberOfDeadInstructions" : 2,
    "enclosingTypeName" : "picocli.CommandLine$ParseResult$GroupMatchContainer",
    "deadInstructions" : [ {
      "stringRepresentation" : "GOTO(-35)",
      "programCounter" : 59
    }, {
      "stringRepresentation" : "GOTO(-35)",
      "programCounter" : 107
    } ]
  }, {
    "fullSignature" : "boolean simplifyErrorMessageForSingleGroup(java.util.Map,picocli.CommandLine)",
    "numberOfTotalInstructions" : 62,
    "numberOfDeadInstructions" : 1,
    "enclosingTypeName" : "picocli.CommandLine$ParseResult$GroupMatchContainer",
    "deadInstructions" : [ {
      "stringRepresentation" : "GOTO(-144)",
      "programCounter" : 156
    } ]
  }, {
    "fullSignature" : "picocli.CommandLine$ParseResult$GroupMatchContainer trim()",
    "numberOfTotalInstructions" : 35,
    "numberOfDeadInstructions" : 1,
    "enclosingTypeName" : "picocli.CommandLine$ParseResult$GroupMatchContainer",
    "deadInstructions" : [ {
      "stringRepresentation" : "GOTO(-76)",
      "programCounter" : 86
    } ]
  }, {
    "fullSignature" : "void updateUnmatchedGroups(picocli.CommandLine$Model$ArgGroupSpec)",
    "numberOfTotalInstructions" : 53,
    "numberOfDeadInstructions" : 1,
    "enclosingTypeName" : "picocli.CommandLine$ParseResult$GroupMatchContainer",
    "deadInstructions" : [ {
      "stringRepresentation" : "GOTO(-63)",
      "programCounter" : 126
    } ]
  }, {
    "fullSignature" : "void validate(picocli.CommandLine)",
    "numberOfTotalInstructions" : 125,
    "numberOfDeadInstructions" : 1,
    "enclosingTypeName" : "picocli.CommandLine$ParseResult$GroupMatchContainer",
    "deadInstructions" : [ {
      "stringRepresentation" : "GOTO(-45)",
      "programCounter" : 227
    } ]
  }, {
    "fullSignature" : "void setCaseInsensitive(boolean)",
    "numberOfTotalInstructions" : 58,
    "numberOfDeadInstructions" : 2,
    "enclosingTypeName" : "picocli.CommandLine$Model$CaseAwareLinkedMap",
    "deadInstructions" : [ {
      "stringRepresentation" : "GOTO(-81)",
      "programCounter" : 105
    }, {
      "stringRepresentation" : "GOTO(17)",
      "programCounter" : 108
    } ]
  }, {
    "fullSignature" : "boolean initFromAnnotatedTypedMembers(picocli.CommandLine$Model$TypedMember,picocli.CommandLine$Model$Predicate,picocli.CommandLine$Model$CommandSpec,picocli.CommandLine$Model$ArgGroupSpec$Builder,picocli.CommandLine$IFactory)",
    "numberOfTotalInstructions" : 246,
    "numberOfDeadInstructions" : 1,
    "enclosingTypeName" : "picocli.CommandLine$Model$CommandReflection",
    "deadInstructions" : [ {
      "stringRepresentation" : "GOTO(-76)",
      "programCounter" : 187
    } ]
  }, {
    "fullSignature" : "void initMethodSubcommands(java.lang.Class,picocli.CommandLine$Model$CommandSpec,picocli.CommandLine$IFactory)",
    "numberOfTotalInstructions" : 44,
    "numberOfDeadInstructions" : 1,
    "enclosingTypeName" : "picocli.CommandLine$Model$CommandReflection",
    "deadInstructions" : [ {
      "stringRepresentation" : "GOTO(-86)",
      "programCounter" : 109
    } ]
  }, {
    "fullSignature" : "java.lang.Integer executeHelpRequest(java.util.List)",
    "numberOfTotalInstructions" : 159,
    "numberOfDeadInstructions" : 1,
    "enclosingTypeName" : "picocli.CommandLine",
    "deadInstructions" : [ {
      "stringRepresentation" : "GOTO(-304)",
      "programCounter" : 315
    } ]
  }, {
    "fullSignature" : "picocli.CommandLine$Help$Ansi$StyledSection findSectionContaining(int)",
    "numberOfTotalInstructions" : 27,
    "numberOfDeadInstructions" : 1,
    "enclosingTypeName" : "picocli.CommandLine$Help$Ansi$Text",
    "deadInstructions" : [ {
      "stringRepresentation" : "GOTO(-42)",
      "programCounter" : 52
    } ]
  }, {
    "fullSignature" : "java.lang.Object[] commandMethodParamValues()",
    "numberOfTotalInstructions" : 130,
    "numberOfDeadInstructions" : 2,
    "enclosingTypeName" : "picocli.CommandLine$Model$CommandSpec",
    "deadInstructions" : [ {
      "stringRepresentation" : "GOTO(-64)",
      "programCounter" : 255
    }, {
      "stringRepresentation" : "GOTO(26)",
      "programCounter" : 258
    } ]
  }, {
    "fullSignature" : "picocli.CommandLine$Model$OptionSpec findOption(char,java.lang.Iterable)",
    "numberOfTotalInstructions" : 57,
    "numberOfDeadInstructions" : 1,
    "enclosingTypeName" : "picocli.CommandLine$Model$CommandSpec",
    "deadInstructions" : [ {
      "stringRepresentation" : "GOTO(-106)",
      "programCounter" : 113
    } ]
  }, {
    "fullSignature" : "picocli.CommandLine$Model$OptionSpec findOption(java.lang.String,java.util.List)",
    "numberOfTotalInstructions" : 41,
    "numberOfDeadInstructions" : 1,
    "enclosingTypeName" : "picocli.CommandLine$Model$CommandSpec",
    "deadInstructions" : [ {
      "stringRepresentation" : "GOTO(-76)",
      "programCounter" : 83
    } ]
  }, {
    "fullSignature" : "java.util.List findVisibleOptionNamesWithPrefix(java.lang.String)",
    "numberOfTotalInstructions" : 47,
    "numberOfDeadInstructions" : 1,
    "enclosingTypeName" : "picocli.CommandLine$Model$CommandSpec",
    "deadInstructions" : [ {
      "stringRepresentation" : "GOTO(-84)",
      "programCounter" : 102
    } ]
  }, {
    "fullSignature" : "picocli.CommandLine$Model$CommandSpec mixinStandardHelpOptions(boolean)",
    "numberOfTotalInstructions" : 143,
    "numberOfDeadInstructions" : 3,
    "enclosingTypeName" : "picocli.CommandLine$Model$CommandSpec",
    "deadInstructions" : [ {
      "stringRepresentation" : "GOTO(-41)",
      "programCounter" : 82
    }, {
      "stringRepresentation" : "GOTO(158)",
      "programCounter" : 179
    }, {
      "stringRepresentation" : "GOTO(-108)",
      "programCounter" : 334
    } ]
  }, {
    "fullSignature" : "boolean resemblesOption(java.lang.String)",
    "numberOfTotalInstructions" : 156,
    "numberOfDeadInstructions" : 1,
    "enclosingTypeName" : "picocli.CommandLine$Model$CommandSpec",
    "deadInstructions" : [ {
      "stringRepresentation" : "GOTO(-69)",
      "programCounter" : 212
    } ]
  }, {
    "fullSignature" : "boolean isSubgroupOf(picocli.CommandLine$Model$ArgGroupSpec)",
    "numberOfTotalInstructions" : 25,
    "numberOfDeadInstructions" : 1,
    "enclosingTypeName" : "picocli.CommandLine$Model$ArgGroupSpec",
    "deadInstructions" : [ {
      "stringRepresentation" : "GOTO(-36)",
      "programCounter" : 46
    } ]
  }, {
    "fullSignature" : "void tryInitUserObject(picocli.CommandLine)",
    "numberOfTotalInstructions" : 218,
    "numberOfDeadInstructions" : 1,
    "enclosingTypeName" : "picocli.CommandLine$Model$ArgGroupSpec",
    "deadInstructions" : [ {
      "stringRepresentation" : "GOTO(20)",
      "programCounter" : 404
    } ]
  }, {
    "fullSignature" : "void addPostponedRequiredArgs(java.util.Collection,java.util.List)",
    "numberOfTotalInstructions" : 127,
    "numberOfDeadInstructions" : 1,
    "enclosingTypeName" : "picocli.CommandLine$Interpreter",
    "deadInstructions" : [ {
      "stringRepresentation" : "GOTO(-325)",
      "programCounter" : 332
    } ]
  }, {
    "fullSignature" : "java.lang.String commandList(java.util.Map)",
    "numberOfTotalInstructions" : 133,
    "numberOfDeadInstructions" : 1,
    "enclosingTypeName" : "picocli.CommandLine$Help",
    "deadInstructions" : [ {
      "stringRepresentation" : "GOTO(-167)",
      "programCounter" : 278
    } ]
  }, {
    "fullSignature" : "java.util.Comparator createOrderComparatorIfNecessary(java.util.List)",
    "numberOfTotalInstructions" : 19,
    "numberOfDeadInstructions" : 1,
    "enclosingTypeName" : "picocli.CommandLine$Help",
    "deadInstructions" : [ {
      "stringRepresentation" : "GOTO(-31)",
      "programCounter" : 38
    } ]
  }, {
    "fullSignature" : "picocli.CommandLine$Model$CommandSpec findCommandFor(picocli.CommandLine$Model$PositionalParamSpec,picocli.CommandLine$Model$CommandSpec)",
    "numberOfTotalInstructions" : 41,
    "numberOfDeadInstructions" : 2,
    "enclosingTypeName" : "picocli.AutoComplete",
    "deadInstructions" : [ {
      "stringRepresentation" : "GOTO(-26)",
      "programCounter" : 36
    }, {
      "stringRepresentation" : "GOTO(-37)",
      "programCounter" : 91
    } ]
  }, {
    "fullSignature" : "picocli.CommandLine$Model$CommandSpec findCommandFor(picocli.CommandLine$Model$OptionSpec,picocli.CommandLine$Model$CommandSpec)",
    "numberOfTotalInstructions" : 41,
    "numberOfDeadInstructions" : 2,
    "enclosingTypeName" : "picocli.AutoComplete",
    "deadInstructions" : [ {
      "stringRepresentation" : "GOTO(-26)",
      "programCounter" : 36
    }, {
      "stringRepresentation" : "GOTO(-37)",
      "programCounter" : 91
    } ]
  } ]
}