{
  "filesAnalyzed" : [ "benchmark/jars/picocli-4.7.7.jar" ],
  "domainUsed" : "org.opalj.ai.domain.l2.DefaultPerformInvocationsDomainWithCFGAndDefUse",
  "timeFinished" : "2025-07-01T10:09:52.950593",
  "totalRuntimeMs" : 931,
  "methodsFound" : [ {
    "fullSignature" : "picocli.CommandLine$ParseResult$GroupValidationResult extractBlockingFailure(java.util.List)",
    "numberOfTotalInstructions" : 18,
    "numberOfDeadInstructions" : 1,
    "enclosingTypeName" : "picocli.CommandLine$ParseResult$GroupValidationResult",
    "deadInstructions" : [ {
      "stringRepresentation" : "GOTO(-28)",
      "programCounter" : 35
    } ]
  }, {
    "fullSignature" : "java.lang.String makeNegative(java.lang.String,picocli.CommandLine$Model$CommandSpec)",
    "numberOfTotalInstructions" : 30,
    "numberOfDeadInstructions" : 1,
    "enclosingTypeName" : "picocli.CommandLine$RegexTransformer",
    "deadInstructions" : [ {
      "stringRepresentation" : "GOTO(-60)",
      "programCounter" : 75
    } ]
  }, {
    "fullSignature" : "java.lang.String makeSynopsis(java.lang.String,picocli.CommandLine$Model$CommandSpec)",
    "numberOfTotalInstructions" : 30,
    "numberOfDeadInstructions" : 1,
    "enclosingTypeName" : "picocli.CommandLine$RegexTransformer",
    "deadInstructions" : [ {
      "stringRepresentation" : "GOTO(-60)",
      "programCounter" : 75
    } ]
  }, {
    "fullSignature" : "boolean hasFullyMatchedSubgroup(boolean)",
    "numberOfTotalInstructions" : 21,
    "numberOfDeadInstructions" : 1,
    "enclosingTypeName" : "picocli.CommandLine$ParseResult$GroupMatch",
    "deadInstructions" : [ {
      "stringRepresentation" : "GOTO(-29)",
      "programCounter" : 44
    } ]
  }, {
    "fullSignature" : "boolean matchedFully(boolean)",
    "numberOfTotalInstructions" : 78,
    "numberOfDeadInstructions" : 2,
    "enclosingTypeName" : "picocli.CommandLine$ParseResult$GroupMatch",
    "deadInstructions" : [ {
      "stringRepresentation" : "GOTO(-45)",
      "programCounter" : 94
    }, {
      "stringRepresentation" : "GOTO(-66)",
      "programCounter" : 176
    } ]
  }, {
    "fullSignature" : "java.lang.StringBuilder toString(java.lang.StringBuilder)",
    "numberOfTotalInstructions" : 83,
    "numberOfDeadInstructions" : 1,
    "enclosingTypeName" : "picocli.CommandLine$ParseResult$GroupMatch",
    "deadInstructions" : [ {
      "stringRepresentation" : "GOTO(-99)",
      "programCounter" : 119
    } ]
  }, {
    "fullSignature" : "java.util.List findMatchContainers(picocli.CommandLine$Model$ArgGroupSpec,java.util.List)",
    "numberOfTotalInstructions" : 42,
    "numberOfDeadInstructions" : 1,
    "enclosingTypeName" : "picocli.CommandLine$ParseResult$GroupMatchContainer",
    "deadInstructions" : [ {
      "stringRepresentation" : "GOTO(-70)",
      "programCounter" : 98
    } ]
  }, {
    "fullSignature" : "boolean matchedFully(boolean)",
    "numberOfTotalInstructions" : 36,
    "numberOfDeadInstructions" : 1,
    "enclosingTypeName" : "picocli.CommandLine$ParseResult$GroupMatchContainer",
    "deadInstructions" : [ {
      "stringRepresentation" : "GOTO(-49)",
      "programCounter" : 59
    } ]
  }, {
    "fullSignature" : "boolean requiredOptionsExistAndAllHaveDefaultValues(picocli.CommandLine$Model$ArgGroupSpec)",
    "numberOfTotalInstructions" : 48,
    "numberOfDeadInstructions" : 2,
    "enclosingTypeName" : "picocli.CommandLine$ParseResult$GroupMatchContainer",
    "deadInstructions" : [ {
      "stringRepresentation" : "GOTO(-35)",
      "programCounter" : 59
    }, {
      "stringRepresentation" : "GOTO(-35)",
      "programCounter" : 107
    } ]
  }, {
    "fullSignature" : "boolean simplifyErrorMessageForSingleGroup(java.util.Map,picocli.CommandLine)",
    "numberOfTotalInstructions" : 62,
    "numberOfDeadInstructions" : 1,
    "enclosingTypeName" : "picocli.CommandLine$ParseResult$GroupMatchContainer",
    "deadInstructions" : [ {
      "stringRepresentation" : "GOTO(-144)",
      "programCounter" : 156
    } ]
  }, {
    "fullSignature" : "picocli.CommandLine$ParseResult$GroupMatchContainer trim()",
    "numberOfTotalInstructions" : 35,
    "numberOfDeadInstructions" : 1,
    "enclosingTypeName" : "picocli.CommandLine$ParseResult$GroupMatchContainer",
    "deadInstructions" : [ {
      "stringRepresentation" : "GOTO(-76)",
      "programCounter" : 86
    } ]
  }, {
    "fullSignature" : "void updateUnmatchedGroups(picocli.CommandLine$Model$ArgGroupSpec)",
    "numberOfTotalInstructions" : 53,
    "numberOfDeadInstructions" : 1,
    "enclosingTypeName" : "picocli.CommandLine$ParseResult$GroupMatchContainer",
    "deadInstructions" : [ {
      "stringRepresentation" : "GOTO(-63)",
      "programCounter" : 126
    } ]
  }, {
    "fullSignature" : "void validate(picocli.CommandLine)",
    "numberOfTotalInstructions" : 125,
    "numberOfDeadInstructions" : 1,
    "enclosingTypeName" : "picocli.CommandLine$ParseResult$GroupMatchContainer",
    "deadInstructions" : [ {
      "stringRepresentation" : "GOTO(-45)",
      "programCounter" : 227
    } ]
  }, {
    "fullSignature" : "void setCaseInsensitive(boolean)",
    "numberOfTotalInstructions" : 58,
    "numberOfDeadInstructions" : 2,
    "enclosingTypeName" : "picocli.CommandLine$Model$CaseAwareLinkedMap",
    "deadInstructions" : [ {
      "stringRepresentation" : "GOTO(-81)",
      "programCounter" : 105
    }, {
      "stringRepresentation" : "GOTO(17)",
      "programCounter" : 108
    } ]
  }, {
    "fullSignature" : "void initMethodSubcommands(java.lang.Class,picocli.CommandLine$Model$CommandSpec,picocli.CommandLine$IFactory)",
    "numberOfTotalInstructions" : 44,
    "numberOfDeadInstructions" : 1,
    "enclosingTypeName" : "picocli.CommandLine$Model$CommandReflection",
    "deadInstructions" : [ {
      "stringRepresentation" : "GOTO(-86)",
      "programCounter" : 109
    } ]
  }, {
    "fullSignature" : "boolean isSubgroupOf(picocli.CommandLine$Model$ArgGroupSpec)",
    "numberOfTotalInstructions" : 25,
    "numberOfDeadInstructions" : 1,
    "enclosingTypeName" : "picocli.CommandLine$Model$ArgGroupSpec",
    "deadInstructions" : [ {
      "stringRepresentation" : "GOTO(-36)",
      "programCounter" : 46
    } ]
  }, {
    "fullSignature" : "void tryInitUserObject(picocli.CommandLine)",
    "numberOfTotalInstructions" : 218,
    "numberOfDeadInstructions" : 1,
    "enclosingTypeName" : "picocli.CommandLine$Model$ArgGroupSpec",
    "deadInstructions" : [ {
      "stringRepresentation" : "GOTO(20)",
      "programCounter" : 404
    } ]
  }, {
    "fullSignature" : "java.lang.Integer executeHelpRequest(java.util.List)",
    "numberOfTotalInstructions" : 159,
    "numberOfDeadInstructions" : 1,
    "enclosingTypeName" : "picocli.CommandLine",
    "deadInstructions" : [ {
      "stringRepresentation" : "GOTO(-304)",
      "programCounter" : 315
    } ]
  }, {
    "fullSignature" : "picocli.CommandLine$Help$Ansi$StyledSection findSectionContaining(int)",
    "numberOfTotalInstructions" : 27,
    "numberOfDeadInstructions" : 1,
    "enclosingTypeName" : "picocli.CommandLine$Help$Ansi$Text",
    "deadInstructions" : [ {
      "stringRepresentation" : "GOTO(-42)",
      "programCounter" : 52
    } ]
  }, {
    "fullSignature" : "java.util.Comparator createOrderComparatorIfNecessary(java.util.List)",
    "numberOfTotalInstructions" : 19,
    "numberOfDeadInstructions" : 1,
    "enclosingTypeName" : "picocli.CommandLine$Help",
    "deadInstructions" : [ {
      "stringRepresentation" : "GOTO(-31)",
      "programCounter" : 38
    } ]
  }, {
    "fullSignature" : "picocli.CommandLine$Model$CommandSpec findCommandFor(picocli.CommandLine$Model$PositionalParamSpec,picocli.CommandLine$Model$CommandSpec)",
    "numberOfTotalInstructions" : 41,
    "numberOfDeadInstructions" : 2,
    "enclosingTypeName" : "picocli.AutoComplete",
    "deadInstructions" : [ {
      "stringRepresentation" : "GOTO(-26)",
      "programCounter" : 36
    }, {
      "stringRepresentation" : "GOTO(-37)",
      "programCounter" : 91
    } ]
  }, {
    "fullSignature" : "picocli.CommandLine$Model$CommandSpec findCommandFor(picocli.CommandLine$Model$OptionSpec,picocli.CommandLine$Model$CommandSpec)",
    "numberOfTotalInstructions" : 41,
    "numberOfDeadInstructions" : 2,
    "enclosingTypeName" : "picocli.AutoComplete",
    "deadInstructions" : [ {
      "stringRepresentation" : "GOTO(-26)",
      "programCounter" : 36
    }, {
      "stringRepresentation" : "GOTO(-37)",
      "programCounter" : 91
    } ]
  }, {
    "fullSignature" : "void addPostponedRequiredArgs(java.util.Collection,java.util.List)",
    "numberOfTotalInstructions" : 127,
    "numberOfDeadInstructions" : 1,
    "enclosingTypeName" : "picocli.CommandLine$Interpreter",
    "deadInstructions" : [ {
      "stringRepresentation" : "GOTO(-325)",
      "programCounter" : 332
    } ]
  } ]
}