{
  "filesAnalyzed" : [ "benchmark/jars/commons-io-2.19.0.jar" ],
  "domainUsed" : "org.opalj.ai.fpcf.domain.L1DefaultDomainWithCFGAndDefUseAndSignatureRefinement",
  "timeFinished" : "2025-07-01T00:41:14.4246362",
  "totalRuntimeMs" : 227,
  "methodsFound" : [ {
    "fullSignature" : "boolean test(java.lang.String)",
    "numberOfTotalInstructions" : 38,
    "numberOfDeadInstructions" : 2,
    "enclosingTypeName" : "org.apache.commons.io.serialization.ObjectStreamClassPredicate",
    "deadInstructions" : [ {
      "stringRepresentation" : "GOTO(-31)",
      "programCounter" : 41
    }, {
      "stringRepresentation" : "GOTO(-31)",
      "programCounter" : 85
    } ]
  }, {
    "fullSignature" : "void closeUnderlyingInputStreamIfNecessary()",
    "numberOfTotalInstructions" : 33,
    "numberOfDeadInstructions" : 6,
    "enclosingTypeName" : "org.apache.commons.io.input.ReadAheadInputStream",
    "deadInstructions" : [ {
      "stringRepresentation" : "ASTORE_2",
      "programCounter" : 40
    }, {
      "stringRepresentation" : "ALOAD_0",
      "programCounter" : 41
    }, {
      "stringRepresentation" : "get org.apache.commons.io.input.ReadAheadInputStream.stateChangeLock : java.util.concurrent.locks.ReentrantLock",
      "programCounter" : 42
    }, {
      "stringRepresentation" : "INVOKEVIRTUAL(java.util.concurrent.locks.ReentrantLock{ void unlock() })",
      "programCounter" : 45
    }, {
      "stringRepresentation" : "ALOAD_2",
      "programCounter" : 48
    }, {
      "stringRepresentation" : "ATHROW",
      "programCounter" : 49
    } ]
  }, {
    "fullSignature" : "boolean directoryAndFileContentEquals(java.nio.file.Path,java.nio.file.Path,java.nio.file.LinkOption[],java.nio.file.OpenOption[],java.nio.file.FileVisitOption[])",
    "numberOfTotalInstructions" : 111,
    "numberOfDeadInstructions" : 1,
    "enclosingTypeName" : "org.apache.commons.io.file.PathUtils",
    "deadInstructions" : [ {
      "stringRepresentation" : "GOTO(-137)",
      "programCounter" : 239
    } ]
  }, {
    "fullSignature" : "java.nio.file.Path setReadOnly(java.nio.file.Path,boolean,java.nio.file.LinkOption[])",
    "numberOfTotalInstructions" : 52,
    "numberOfDeadInstructions" : 1,
    "enclosingTypeName" : "org.apache.commons.io.file.PathUtils",
    "deadInstructions" : [ {
      "stringRepresentation" : "GOTO(4)",
      "programCounter" : 11
    } ]
  }, {
    "fullSignature" : "boolean hasNext()",
    "numberOfTotalInstructions" : 46,
    "numberOfDeadInstructions" : 1,
    "enclosingTypeName" : "org.apache.commons.io.LineIterator",
    "deadInstructions" : [ {
      "stringRepresentation" : "GOTO(-34)",
      "programCounter" : 52
    } ]
  } ]
}