{
  "filesAnalyzed" : [ "benchmark/jars/commons-io-2.19.0.jar" ],
  "domainUsed" : "org.opalj.ai.domain.l2.DefaultDomain",
  "timeFinished" : "2025-07-01T00:41:15.1422872",
  "totalRuntimeMs" : 464,
  "methodsFound" : [ {
    "fullSignature" : "boolean test(java.lang.String)",
    "numberOfTotalInstructions" : 38,
    "numberOfDeadInstructions" : 2,
    "enclosingTypeName" : "org.apache.commons.io.serialization.ObjectStreamClassPredicate",
    "deadInstructions" : [ {
      "stringRepresentation" : "GOTO(-31)",
      "programCounter" : 41
    }, {
      "stringRepresentation" : "GOTO(-31)",
      "programCounter" : 85
    } ]
  }, {
    "fullSignature" : "void close()",
    "numberOfTotalInstructions" : 3,
    "numberOfDeadInstructions" : 1,
    "enclosingTypeName" : "org.apache.commons.io.output.BrokenWriter",
    "deadInstructions" : [ {
      "stringRepresentation" : "ATHROW",
      "programCounter" : 4
    } ]
  }, {
    "fullSignature" : "void flush()",
    "numberOfTotalInstructions" : 3,
    "numberOfDeadInstructions" : 1,
    "enclosingTypeName" : "org.apache.commons.io.output.BrokenWriter",
    "deadInstructions" : [ {
      "stringRepresentation" : "ATHROW",
      "programCounter" : 4
    } ]
  }, {
    "fullSignature" : "java.lang.RuntimeException rethrow()",
    "numberOfTotalInstructions" : 6,
    "numberOfDeadInstructions" : 1,
    "enclosingTypeName" : "org.apache.commons.io.output.BrokenWriter",
    "deadInstructions" : [ {
      "stringRepresentation" : "ARETURN",
      "programCounter" : 15
    } ]
  }, {
    "fullSignature" : "void write(char[],int,int)",
    "numberOfTotalInstructions" : 3,
    "numberOfDeadInstructions" : 1,
    "enclosingTypeName" : "org.apache.commons.io.output.BrokenWriter",
    "deadInstructions" : [ {
      "stringRepresentation" : "ATHROW",
      "programCounter" : 4
    } ]
  }, {
    "fullSignature" : "void close()",
    "numberOfTotalInstructions" : 4,
    "numberOfDeadInstructions" : 1,
    "enclosingTypeName" : "org.apache.commons.io.output.BrokenOutputStream",
    "deadInstructions" : [ {
      "stringRepresentation" : "ATHROW",
      "programCounter" : 6
    } ]
  }, {
    "fullSignature" : "void flush()",
    "numberOfTotalInstructions" : 4,
    "numberOfDeadInstructions" : 1,
    "enclosingTypeName" : "org.apache.commons.io.output.BrokenOutputStream",
    "deadInstructions" : [ {
      "stringRepresentation" : "ATHROW",
      "programCounter" : 6
    } ]
  }, {
    "fullSignature" : "java.lang.RuntimeException rethrow(java.lang.String)",
    "numberOfTotalInstructions" : 7,
    "numberOfDeadInstructions" : 1,
    "enclosingTypeName" : "org.apache.commons.io.output.BrokenOutputStream",
    "deadInstructions" : [ {
      "stringRepresentation" : "ARETURN",
      "programCounter" : 16
    } ]
  }, {
    "fullSignature" : "void write(int)",
    "numberOfTotalInstructions" : 4,
    "numberOfDeadInstructions" : 1,
    "enclosingTypeName" : "org.apache.commons.io.output.BrokenOutputStream",
    "deadInstructions" : [ {
      "stringRepresentation" : "ATHROW",
      "programCounter" : 6
    } ]
  }, {
    "fullSignature" : "void closeUnderlyingInputStreamIfNecessary()",
    "numberOfTotalInstructions" : 33,
    "numberOfDeadInstructions" : 6,
    "enclosingTypeName" : "org.apache.commons.io.input.ReadAheadInputStream",
    "deadInstructions" : [ {
      "stringRepresentation" : "ASTORE_2",
      "programCounter" : 40
    }, {
      "stringRepresentation" : "ALOAD_0",
      "programCounter" : 41
    }, {
      "stringRepresentation" : "get org.apache.commons.io.input.ReadAheadInputStream.stateChangeLock : java.util.concurrent.locks.ReentrantLock",
      "programCounter" : 42
    }, {
      "stringRepresentation" : "INVOKEVIRTUAL(java.util.concurrent.locks.ReentrantLock{ void unlock() })",
      "programCounter" : 45
    }, {
      "stringRepresentation" : "ALOAD_2",
      "programCounter" : 48
    }, {
      "stringRepresentation" : "ATHROW",
      "programCounter" : 49
    } ]
  }, {
    "fullSignature" : "void accept(java.io.IOException)",
    "numberOfTotalInstructions" : 5,
    "numberOfDeadInstructions" : 2,
    "enclosingTypeName" : "org.apache.commons.io.input.ProxyInputStream$<init>(Ljava$io$InputStream:Lorg$apache$commons$io$input$ProxyInputStream$AbstractBuilder:)V:6$Lambda",
    "deadInstructions" : [ {
      "stringRepresentation" : "POP",
      "programCounter" : 7
    }, {
      "stringRepresentation" : "RETURN",
      "programCounter" : 8
    } ]
  }, {
    "fullSignature" : "void accept(java.io.IOException)",
    "numberOfTotalInstructions" : 5,
    "numberOfDeadInstructions" : 2,
    "enclosingTypeName" : "org.apache.commons.io.input.ProxyInputStream$<init>(Ljava$io$InputStream:)V:6$Lambda",
    "deadInstructions" : [ {
      "stringRepresentation" : "POP",
      "programCounter" : 7
    }, {
      "stringRepresentation" : "RETURN",
      "programCounter" : 8
    } ]
  }, {
    "fullSignature" : "int available()",
    "numberOfTotalInstructions" : 3,
    "numberOfDeadInstructions" : 1,
    "enclosingTypeName" : "org.apache.commons.io.input.BrokenInputStream",
    "deadInstructions" : [ {
      "stringRepresentation" : "ATHROW",
      "programCounter" : 4
    } ]
  }, {
    "fullSignature" : "void close()",
    "numberOfTotalInstructions" : 3,
    "numberOfDeadInstructions" : 1,
    "enclosingTypeName" : "org.apache.commons.io.input.BrokenInputStream",
    "deadInstructions" : [ {
      "stringRepresentation" : "ATHROW",
      "programCounter" : 4
    } ]
  }, {
    "fullSignature" : "int read()",
    "numberOfTotalInstructions" : 3,
    "numberOfDeadInstructions" : 1,
    "enclosingTypeName" : "org.apache.commons.io.input.BrokenInputStream",
    "deadInstructions" : [ {
      "stringRepresentation" : "ATHROW",
      "programCounter" : 4
    } ]
  }, {
    "fullSignature" : "void reset()",
    "numberOfTotalInstructions" : 3,
    "numberOfDeadInstructions" : 1,
    "enclosingTypeName" : "org.apache.commons.io.input.BrokenInputStream",
    "deadInstructions" : [ {
      "stringRepresentation" : "ATHROW",
      "programCounter" : 4
    } ]
  }, {
    "fullSignature" : "java.lang.RuntimeException rethrow()",
    "numberOfTotalInstructions" : 4,
    "numberOfDeadInstructions" : 1,
    "enclosingTypeName" : "org.apache.commons.io.input.BrokenInputStream",
    "deadInstructions" : [ {
      "stringRepresentation" : "ARETURN",
      "programCounter" : 7
    } ]
  }, {
    "fullSignature" : "long skip(long)",
    "numberOfTotalInstructions" : 3,
    "numberOfDeadInstructions" : 1,
    "enclosingTypeName" : "org.apache.commons.io.input.BrokenInputStream",
    "deadInstructions" : [ {
      "stringRepresentation" : "ATHROW",
      "programCounter" : 4
    } ]
  }, {
    "fullSignature" : "void close()",
    "numberOfTotalInstructions" : 3,
    "numberOfDeadInstructions" : 1,
    "enclosingTypeName" : "org.apache.commons.io.input.BrokenReader",
    "deadInstructions" : [ {
      "stringRepresentation" : "ATHROW",
      "programCounter" : 4
    } ]
  }, {
    "fullSignature" : "void mark(int)",
    "numberOfTotalInstructions" : 3,
    "numberOfDeadInstructions" : 1,
    "enclosingTypeName" : "org.apache.commons.io.input.BrokenReader",
    "deadInstructions" : [ {
      "stringRepresentation" : "ATHROW",
      "programCounter" : 4
    } ]
  }, {
    "fullSignature" : "int read(char[],int,int)",
    "numberOfTotalInstructions" : 3,
    "numberOfDeadInstructions" : 1,
    "enclosingTypeName" : "org.apache.commons.io.input.BrokenReader",
    "deadInstructions" : [ {
      "stringRepresentation" : "ATHROW",
      "programCounter" : 4
    } ]
  }, {
    "fullSignature" : "boolean ready()",
    "numberOfTotalInstructions" : 3,
    "numberOfDeadInstructions" : 1,
    "enclosingTypeName" : "org.apache.commons.io.input.BrokenReader",
    "deadInstructions" : [ {
      "stringRepresentation" : "ATHROW",
      "programCounter" : 4
    } ]
  }, {
    "fullSignature" : "void reset()",
    "numberOfTotalInstructions" : 3,
    "numberOfDeadInstructions" : 1,
    "enclosingTypeName" : "org.apache.commons.io.input.BrokenReader",
    "deadInstructions" : [ {
      "stringRepresentation" : "ATHROW",
      "programCounter" : 4
    } ]
  }, {
    "fullSignature" : "java.lang.RuntimeException rethrow()",
    "numberOfTotalInstructions" : 6,
    "numberOfDeadInstructions" : 1,
    "enclosingTypeName" : "org.apache.commons.io.input.BrokenReader",
    "deadInstructions" : [ {
      "stringRepresentation" : "ARETURN",
      "programCounter" : 15
    } ]
  }, {
    "fullSignature" : "long skip(long)",
    "numberOfTotalInstructions" : 3,
    "numberOfDeadInstructions" : 1,
    "enclosingTypeName" : "org.apache.commons.io.input.BrokenReader",
    "deadInstructions" : [ {
      "stringRepresentation" : "ATHROW",
      "programCounter" : 4
    } ]
  }, {
    "fullSignature" : "void accept(org.apache.commons.io.function.IOConsumer,java.lang.Object)",
    "numberOfTotalInstructions" : 9,
    "numberOfDeadInstructions" : 1,
    "enclosingTypeName" : "org.apache.commons.io.function.Erase",
    "deadInstructions" : [ {
      "stringRepresentation" : "POP",
      "programCounter" : 15
    } ]
  }, {
    "fullSignature" : "void accept(org.apache.commons.io.function.IOBiConsumer,java.lang.Object,java.lang.Object)",
    "numberOfTotalInstructions" : 10,
    "numberOfDeadInstructions" : 1,
    "enclosingTypeName" : "org.apache.commons.io.function.Erase",
    "deadInstructions" : [ {
      "stringRepresentation" : "POP",
      "programCounter" : 16
    } ]
  }, {
    "fullSignature" : "java.lang.Object apply(org.apache.commons.io.function.IOFunction,java.lang.Object)",
    "numberOfTotalInstructions" : 8,
    "numberOfDeadInstructions" : 1,
    "enclosingTypeName" : "org.apache.commons.io.function.Erase",
    "deadInstructions" : [ {
      "stringRepresentation" : "ATHROW",
      "programCounter" : 13
    } ]
  }, {
    "fullSignature" : "java.lang.Object apply(org.apache.commons.io.function.IOBiFunction,java.lang.Object,java.lang.Object)",
    "numberOfTotalInstructions" : 9,
    "numberOfDeadInstructions" : 1,
    "enclosingTypeName" : "org.apache.commons.io.function.Erase",
    "deadInstructions" : [ {
      "stringRepresentation" : "ATHROW",
      "programCounter" : 14
    } ]
  }, {
    "fullSignature" : "int compare(org.apache.commons.io.function.IOComparator,java.lang.Object,java.lang.Object)",
    "numberOfTotalInstructions" : 9,
    "numberOfDeadInstructions" : 1,
    "enclosingTypeName" : "org.apache.commons.io.function.Erase",
    "deadInstructions" : [ {
      "stringRepresentation" : "ATHROW",
      "programCounter" : 14
    } ]
  }, {
    "fullSignature" : "java.lang.Object get(org.apache.commons.io.function.IOSupplier)",
    "numberOfTotalInstructions" : 7,
    "numberOfDeadInstructions" : 1,
    "enclosingTypeName" : "org.apache.commons.io.function.Erase",
    "deadInstructions" : [ {
      "stringRepresentation" : "ATHROW",
      "programCounter" : 12
    } ]
  }, {
    "fullSignature" : "void run(org.apache.commons.io.function.IORunnable)",
    "numberOfTotalInstructions" : 8,
    "numberOfDeadInstructions" : 1,
    "enclosingTypeName" : "org.apache.commons.io.function.Erase",
    "deadInstructions" : [ {
      "stringRepresentation" : "ATHROW",
      "programCounter" : 14
    } ]
  }, {
    "fullSignature" : "boolean test(org.apache.commons.io.function.IOPredicate,java.lang.Object)",
    "numberOfTotalInstructions" : 8,
    "numberOfDeadInstructions" : 1,
    "enclosingTypeName" : "org.apache.commons.io.function.Erase",
    "deadInstructions" : [ {
      "stringRepresentation" : "ATHROW",
      "programCounter" : 13
    } ]
  }, {
    "fullSignature" : "int lambda$new$0(int)",
    "numberOfTotalInstructions" : 12,
    "numberOfDeadInstructions" : 1,
    "enclosingTypeName" : "org.apache.commons.io.build.AbstractStreamBuilder",
    "deadInstructions" : [ {
      "stringRepresentation" : "GOTO(4)",
      "programCounter" : 17
    } ]
  }, {
    "fullSignature" : "boolean hasNext()",
    "numberOfTotalInstructions" : 46,
    "numberOfDeadInstructions" : 1,
    "enclosingTypeName" : "org.apache.commons.io.LineIterator",
    "deadInstructions" : [ {
      "stringRepresentation" : "GOTO(-34)",
      "programCounter" : 52
    } ]
  }, {
    "fullSignature" : "boolean directoryAndFileContentEquals(java.nio.file.Path,java.nio.file.Path,java.nio.file.LinkOption[],java.nio.file.OpenOption[],java.nio.file.FileVisitOption[])",
    "numberOfTotalInstructions" : 111,
    "numberOfDeadInstructions" : 1,
    "enclosingTypeName" : "org.apache.commons.io.file.PathUtils",
    "deadInstructions" : [ {
      "stringRepresentation" : "GOTO(-137)",
      "programCounter" : 239
    } ]
  }, {
    "fullSignature" : "java.nio.file.Path setReadOnly(java.nio.file.Path,boolean,java.nio.file.LinkOption[])",
    "numberOfTotalInstructions" : 52,
    "numberOfDeadInstructions" : 1,
    "enclosingTypeName" : "org.apache.commons.io.file.PathUtils",
    "deadInstructions" : [ {
      "stringRepresentation" : "GOTO(4)",
      "programCounter" : 11
    } ]
  }, {
    "fullSignature" : "java.lang.String get()",
    "numberOfTotalInstructions" : 2,
    "numberOfDeadInstructions" : 1,
    "enclosingTypeName" : "org.apache.commons.io.IOUtils$toString(Lorg$apache$commons$io$function$IOSupplier:Ljava$nio$charset$Charset:)Ljava$lang$String::2$Lambda",
    "deadInstructions" : [ {
      "stringRepresentation" : "ARETURN",
      "programCounter" : 3
    } ]
  } ]
}