{
  "filesAnalyzed" : [ "benchmark/jars/commons-io-2.19.0.jar" ],
  "domainUsed" : "org.opalj.ai.domain.l0.PrimitiveTACAIDomain",
  "timeFinished" : "2025-07-01T00:41:15.6903447",
  "totalRuntimeMs" : 197,
  "methodsFound" : [ {
    "fullSignature" : "boolean test(java.lang.String)",
    "numberOfTotalInstructions" : 38,
    "numberOfDeadInstructions" : 2,
    "enclosingTypeName" : "org.apache.commons.io.serialization.ObjectStreamClassPredicate",
    "deadInstructions" : [ {
      "stringRepresentation" : "GOTO(-31)",
      "programCounter" : 41
    }, {
      "stringRepresentation" : "GOTO(-31)",
      "programCounter" : 85
    } ]
  }, {
    "fullSignature" : "void lambda$readAsync$1(byte[])",
    "numberOfTotalInstructions" : 202,
    "numberOfDeadInstructions" : 6,
    "enclosingTypeName" : "org.apache.commons.io.input.ReadAheadInputStream",
    "deadInstructions" : [ {
      "stringRepresentation" : "ALOAD_0",
      "programCounter" : 148
    }, {
      "stringRepresentation" : "ICONST_1",
      "programCounter" : 149
    }, {
      "stringRepresentation" : "put org.apache.commons.io.input.ReadAheadInputStream.readAborted : boolean",
      "programCounter" : 150
    }, {
      "stringRepresentation" : "ALOAD_0",
      "programCounter" : 153
    }, {
      "stringRepresentation" : "ALOAD(5)",
      "programCounter" : 154
    }, {
      "stringRepresentation" : "put org.apache.commons.io.input.ReadAheadInputStream.readException : java.lang.Throwable",
      "programCounter" : 156
    } ]
  }, {
    "fullSignature" : "boolean hasNext()",
    "numberOfTotalInstructions" : 46,
    "numberOfDeadInstructions" : 1,
    "enclosingTypeName" : "org.apache.commons.io.LineIterator",
    "deadInstructions" : [ {
      "stringRepresentation" : "GOTO(-34)",
      "programCounter" : 52
    } ]
  }, {
    "fullSignature" : "org.apache.commons.io.file.Counters$PathCounters deleteFile(java.nio.file.Path,java.nio.file.LinkOption[],org.apache.commons.io.file.DeleteOption[])",
    "numberOfTotalInstructions" : 101,
    "numberOfDeadInstructions" : 1,
    "enclosingTypeName" : "org.apache.commons.io.file.PathUtils",
    "deadInstructions" : [ {
      "stringRepresentation" : "GOTO(5)",
      "programCounter" : 88
    } ]
  }, {
    "fullSignature" : "boolean directoryAndFileContentEquals(java.nio.file.Path,java.nio.file.Path,java.nio.file.LinkOption[],java.nio.file.OpenOption[],java.nio.file.FileVisitOption[])",
    "numberOfTotalInstructions" : 111,
    "numberOfDeadInstructions" : 1,
    "enclosingTypeName" : "org.apache.commons.io.file.PathUtils",
    "deadInstructions" : [ {
      "stringRepresentation" : "GOTO(-137)",
      "programCounter" : 239
    } ]
  }, {
    "fullSignature" : "java.nio.file.Path setReadOnly(java.nio.file.Path,boolean,java.nio.file.LinkOption[])",
    "numberOfTotalInstructions" : 52,
    "numberOfDeadInstructions" : 1,
    "enclosingTypeName" : "org.apache.commons.io.file.PathUtils",
    "deadInstructions" : [ {
      "stringRepresentation" : "GOTO(4)",
      "programCounter" : 11
    } ]
  }, {
    "fullSignature" : "boolean waitFor(java.nio.file.Path,java.time.Duration,java.nio.file.LinkOption[])",
    "numberOfTotalInstructions" : 63,
    "numberOfDeadInstructions" : 1,
    "enclosingTypeName" : "org.apache.commons.io.file.PathUtils",
    "deadInstructions" : [ {
      "stringRepresentation" : "GOTO(-79)",
      "programCounter" : 103
    } ]
  }, {
    "fullSignature" : "boolean contentEquals(java.io.Reader,java.io.Reader)",
    "numberOfTotalInstructions" : 98,
    "numberOfDeadInstructions" : 1,
    "enclosingTypeName" : "org.apache.commons.io.IOUtils",
    "deadInstructions" : [ {
      "stringRepresentation" : "GOTO(-158)",
      "programCounter" : 183
    } ]
  } ]
}