{
  "filesAnalyzed" : [ "benchmark/jars/gson-2.13.1.jar" ],
  "domainUsed" : "org.opalj.ai.domain.l1.DefaultReferenceValuesDomain",
  "timeFinished" : "2025-07-01T00:51:50.7263158",
  "totalRuntimeMs" : 43,
  "methodsFound" : [ {
    "fullSignature" : "int doPeek()",
    "numberOfTotalInstructions" : 339,
    "numberOfDeadInstructions" : 2,
    "enclosingTypeName" : "com.google.gson.stream.JsonReader",
    "deadInstructions" : [ {
      "stringRepresentation" : "GOTO(436)",
      "programCounter" : 104
    }, {
      "stringRepresentation" : "GOTO(100)",
      "programCounter" : 440
    } ]
  }, {
    "fullSignature" : "int nextNonWhitespace(boolean)",
    "numberOfTotalInstructions" : 176,
    "numberOfDeadInstructions" : 1,
    "enclosingTypeName" : "com.google.gson.stream.JsonReader",
    "deadInstructions" : [ {
      "stringRepresentation" : "GOTO(-299)",
      "programCounter" : 315
    } ]
  }, {
    "fullSignature" : "java.lang.reflect.Type getTypeTokenTypeArgument()",
    "numberOfTotalInstructions" : 48,
    "numberOfDeadInstructions" : 1,
    "enclosingTypeName" : "com.google.gson.reflect.TypeToken",
    "deadInstructions" : [ {
      "stringRepresentation" : "GOTO(40)",
      "programCounter" : 55
    } ]
  }, {
    "fullSignature" : "void verifyNoTypeVariable(java.lang.reflect.Type)",
    "numberOfTotalInstructions" : 123,
    "numberOfDeadInstructions" : 2,
    "enclosingTypeName" : "com.google.gson.reflect.TypeToken",
    "deadInstructions" : [ {
      "stringRepresentation" : "GOTO(104)",
      "programCounter" : 158
    }, {
      "stringRepresentation" : "GOTO(17)",
      "programCounter" : 245
    } ]
  }, {
    "fullSignature" : "java.lang.Object read(com.google.gson.stream.JsonReader)",
    "numberOfTotalInstructions" : 56,
    "numberOfDeadInstructions" : 1,
    "enclosingTypeName" : "com.google.gson.internal.bind.ReflectiveTypeAdapterFactory$Adapter",
    "deadInstructions" : [ {
      "stringRepresentation" : "GOTO(23)",
      "programCounter" : 82
    } ]
  }, {
    "fullSignature" : "com.google.gson.ReflectionAccessFilter$FilterResult getFilterResult(java.util.List,java.lang.Class)",
    "numberOfTotalInstructions" : 22,
    "numberOfDeadInstructions" : 1,
    "enclosingTypeName" : "com.google.gson.internal.ReflectionAccessFilterHelper",
    "deadInstructions" : [ {
      "stringRepresentation" : "GOTO(-39)",
      "programCounter" : 46
    } ]
  }, {
    "fullSignature" : "java.util.Map read(com.google.gson.stream.JsonReader)",
    "numberOfTotalInstructions" : 102,
    "numberOfDeadInstructions" : 1,
    "enclosingTypeName" : "com.google.gson.internal.bind.MapTypeAdapterFactory$Adapter",
    "deadInstructions" : [ {
      "stringRepresentation" : "GOTO(-79)",
      "programCounter" : 215
    } ]
  }, {
    "fullSignature" : "boolean excludeClass(java.lang.Class,boolean)",
    "numberOfTotalInstructions" : 64,
    "numberOfDeadInstructions" : 1,
    "enclosingTypeName" : "com.google.gson.internal.Excluder",
    "deadInstructions" : [ {
      "stringRepresentation" : "GOTO(-35)",
      "programCounter" : 135
    } ]
  }, {
    "fullSignature" : "boolean excludeField(java.lang.reflect.Field,boolean)",
    "numberOfTotalInstructions" : 95,
    "numberOfDeadInstructions" : 1,
    "enclosingTypeName" : "com.google.gson.internal.Excluder",
    "deadInstructions" : [ {
      "stringRepresentation" : "GOTO(-36)",
      "programCounter" : 202
    } ]
  }, {
    "fullSignature" : "void assertFullConsumption(java.lang.Object,com.google.gson.stream.JsonReader)",
    "numberOfTotalInstructions" : 25,
    "numberOfDeadInstructions" : 1,
    "enclosingTypeName" : "com.google.gson.Gson",
    "deadInstructions" : [ {
      "stringRepresentation" : "GOTO(23)",
      "programCounter" : 24
    } ]
  }, {
    "fullSignature" : "com.google.gson.TypeAdapter getDelegateAdapter(com.google.gson.TypeAdapterFactory,com.google.gson.reflect.TypeToken)",
    "numberOfTotalInstructions" : 66,
    "numberOfDeadInstructions" : 1,
    "enclosingTypeName" : "com.google.gson.Gson",
    "deadInstructions" : [ {
      "stringRepresentation" : "GOTO(-56)",
      "programCounter" : 100
    } ]
  } ]
}