{
  "filesAnalyzed" : [ "benchmark/jars/gson-2.13.1.jar" ],
  "domainUsed" : "org.opalj.ai.domain.l2.DefaultDomain",
  "timeFinished" : "2025-07-01T00:51:49.3139843",
  "totalRuntimeMs" : 2013,
  "methodsFound" : [ {
    "fullSignature" : "java.lang.RuntimeException access$300(java.lang.ReflectiveOperationException)",
    "numberOfTotalInstructions" : 3,
    "numberOfDeadInstructions" : 1,
    "enclosingTypeName" : "com.google.gson.internal.reflect.ReflectionHelper",
    "deadInstructions" : [ {
      "stringRepresentation" : "ARETURN",
      "programCounter" : 4
    } ]
  }, {
    "fullSignature" : "java.lang.reflect.Type getTypeTokenTypeArgument()",
    "numberOfTotalInstructions" : 48,
    "numberOfDeadInstructions" : 1,
    "enclosingTypeName" : "com.google.gson.reflect.TypeToken",
    "deadInstructions" : [ {
      "stringRepresentation" : "GOTO(40)",
      "programCounter" : 55
    } ]
  }, {
    "fullSignature" : "void checkLenient()",
    "numberOfTotalInstructions" : 9,
    "numberOfDeadInstructions" : 1,
    "enclosingTypeName" : "com.google.gson.stream.JsonReader",
    "deadInstructions" : [ {
      "stringRepresentation" : "ATHROW",
      "programCounter" : 16
    } ]
  }, {
    "fullSignature" : "double nextDouble()",
    "numberOfTotalInstructions" : 130,
    "numberOfDeadInstructions" : 1,
    "enclosingTypeName" : "com.google.gson.stream.JsonReader",
    "deadInstructions" : [ {
      "stringRepresentation" : "ATHROW",
      "programCounter" : 218
    } ]
  }, {
    "fullSignature" : "int nextNonWhitespace(boolean)",
    "numberOfTotalInstructions" : 176,
    "numberOfDeadInstructions" : 2,
    "enclosingTypeName" : "com.google.gson.stream.JsonReader",
    "deadInstructions" : [ {
      "stringRepresentation" : "ATHROW",
      "programCounter" : 225
    }, {
      "stringRepresentation" : "GOTO(-299)",
      "programCounter" : 315
    } ]
  }, {
    "fullSignature" : "void skipQuotedValue(char)",
    "numberOfTotalInstructions" : 64,
    "numberOfDeadInstructions" : 1,
    "enclosingTypeName" : "com.google.gson.stream.JsonReader",
    "deadInstructions" : [ {
      "stringRepresentation" : "ATHROW",
      "programCounter" : 118
    } ]
  }, {
    "fullSignature" : "java.lang.reflect.Method getAccessor(java.lang.Class,java.lang.reflect.Field)",
    "numberOfTotalInstructions" : 11,
    "numberOfDeadInstructions" : 1,
    "enclosingTypeName" : "com.google.gson.internal.reflect.ReflectionHelper$RecordSupportedHelper",
    "deadInstructions" : [ {
      "stringRepresentation" : "ATHROW",
      "programCounter" : 18
    } ]
  }, {
    "fullSignature" : "boolean isRecord(java.lang.Class)",
    "numberOfTotalInstructions" : 13,
    "numberOfDeadInstructions" : 1,
    "enclosingTypeName" : "com.google.gson.internal.reflect.ReflectionHelper$RecordSupportedHelper",
    "deadInstructions" : [ {
      "stringRepresentation" : "ATHROW",
      "programCounter" : 24
    } ]
  }, {
    "fullSignature" : "java.lang.Object finalize(java.lang.Object[])",
    "numberOfTotalInstructions" : 52,
    "numberOfDeadInstructions" : 1,
    "enclosingTypeName" : "com.google.gson.internal.bind.ReflectiveTypeAdapterFactory$RecordAdapter",
    "deadInstructions" : [ {
      "stringRepresentation" : "ATHROW",
      "programCounter" : 14
    } ]
  }, {
    "fullSignature" : "java.util.Map read(com.google.gson.stream.JsonReader)",
    "numberOfTotalInstructions" : 102,
    "numberOfDeadInstructions" : 1,
    "enclosingTypeName" : "com.google.gson.internal.bind.MapTypeAdapterFactory$Adapter",
    "deadInstructions" : [ {
      "stringRepresentation" : "GOTO(-79)",
      "programCounter" : 215
    } ]
  }, {
    "fullSignature" : "java.lang.Object read(com.google.gson.stream.JsonReader)",
    "numberOfTotalInstructions" : 56,
    "numberOfDeadInstructions" : 2,
    "enclosingTypeName" : "com.google.gson.internal.bind.ReflectiveTypeAdapterFactory$Adapter",
    "deadInstructions" : [ {
      "stringRepresentation" : "GOTO(23)",
      "programCounter" : 82
    }, {
      "stringRepresentation" : "ATHROW",
      "programCounter" : 104
    } ]
  }, {
    "fullSignature" : "boolean excludeClass(java.lang.Class,boolean)",
    "numberOfTotalInstructions" : 64,
    "numberOfDeadInstructions" : 1,
    "enclosingTypeName" : "com.google.gson.internal.Excluder",
    "deadInstructions" : [ {
      "stringRepresentation" : "GOTO(-35)",
      "programCounter" : 135
    } ]
  }, {
    "fullSignature" : "boolean excludeField(java.lang.reflect.Field,boolean)",
    "numberOfTotalInstructions" : 95,
    "numberOfDeadInstructions" : 1,
    "enclosingTypeName" : "com.google.gson.internal.Excluder",
    "deadInstructions" : [ {
      "stringRepresentation" : "GOTO(-36)",
      "programCounter" : 202
    } ]
  }, {
    "fullSignature" : "com.google.gson.ReflectionAccessFilter$FilterResult getFilterResult(java.util.List,java.lang.Class)",
    "numberOfTotalInstructions" : 22,
    "numberOfDeadInstructions" : 1,
    "enclosingTypeName" : "com.google.gson.internal.ReflectionAccessFilterHelper",
    "deadInstructions" : [ {
      "stringRepresentation" : "GOTO(-39)",
      "programCounter" : 46
    } ]
  }, {
    "fullSignature" : "java.lang.Object construct()",
    "numberOfTotalInstructions" : 4,
    "numberOfDeadInstructions" : 1,
    "enclosingTypeName" : "com.google.gson.internal.ConstructorConstructor$newUnsafeAllocator(Ljava$lang$Class:)Lcom$google$gson$internal$ObjectConstructor::70$Lambda",
    "deadInstructions" : [ {
      "stringRepresentation" : "ARETURN",
      "programCounter" : 7
    } ]
  }, {
    "fullSignature" : "java.lang.Object construct()",
    "numberOfTotalInstructions" : 4,
    "numberOfDeadInstructions" : 1,
    "enclosingTypeName" : "com.google.gson.internal.ConstructorConstructor$newDefaultConstructor(Ljava$lang$Class:Lcom$google$gson$ReflectionAccessFilter$FilterResult:)Lcom$google$gson$internal$ObjectConstructor::123$Lambda",
    "deadInstructions" : [ {
      "stringRepresentation" : "ARETURN",
      "programCounter" : 7
    } ]
  }, {
    "fullSignature" : "java.lang.Object construct()",
    "numberOfTotalInstructions" : 4,
    "numberOfDeadInstructions" : 1,
    "enclosingTypeName" : "com.google.gson.internal.ConstructorConstructor$newDefaultConstructor(Ljava$lang$Class:Lcom$google$gson$ReflectionAccessFilter$FilterResult:)Lcom$google$gson$internal$ObjectConstructor::97$Lambda",
    "deadInstructions" : [ {
      "stringRepresentation" : "ARETURN",
      "programCounter" : 7
    } ]
  }, {
    "fullSignature" : "java.lang.Object construct()",
    "numberOfTotalInstructions" : 4,
    "numberOfDeadInstructions" : 1,
    "enclosingTypeName" : "com.google.gson.internal.ConstructorConstructor$get(Lcom$google$gson$reflect$TypeToken:Z)Lcom$google$gson$internal$ObjectConstructor::226$Lambda",
    "deadInstructions" : [ {
      "stringRepresentation" : "ARETURN",
      "programCounter" : 7
    } ]
  }, {
    "fullSignature" : "java.lang.Object construct()",
    "numberOfTotalInstructions" : 4,
    "numberOfDeadInstructions" : 1,
    "enclosingTypeName" : "com.google.gson.internal.ConstructorConstructor$get(Lcom$google$gson$reflect$TypeToken:Z)Lcom$google$gson$internal$ObjectConstructor::183$Lambda",
    "deadInstructions" : [ {
      "stringRepresentation" : "ARETURN",
      "programCounter" : 7
    } ]
  }, {
    "fullSignature" : "java.lang.Object construct()",
    "numberOfTotalInstructions" : 4,
    "numberOfDeadInstructions" : 1,
    "enclosingTypeName" : "com.google.gson.internal.ConstructorConstructor$get(Lcom$google$gson$reflect$TypeToken:Z)Lcom$google$gson$internal$ObjectConstructor::144$Lambda",
    "deadInstructions" : [ {
      "stringRepresentation" : "ARETURN",
      "programCounter" : 7
    } ]
  }, {
    "fullSignature" : "java.lang.Object lambda$newDefaultConstructor$9(java.lang.reflect.Constructor)",
    "numberOfTotalInstructions" : 46,
    "numberOfDeadInstructions" : 1,
    "enclosingTypeName" : "com.google.gson.internal.ConstructorConstructor",
    "deadInstructions" : [ {
      "stringRepresentation" : "ATHROW",
      "programCounter" : 93
    } ]
  }, {
    "fullSignature" : "void assertFullConsumption(java.lang.Object,com.google.gson.stream.JsonReader)",
    "numberOfTotalInstructions" : 25,
    "numberOfDeadInstructions" : 1,
    "enclosingTypeName" : "com.google.gson.Gson",
    "deadInstructions" : [ {
      "stringRepresentation" : "GOTO(23)",
      "programCounter" : 24
    } ]
  } ]
}