{
  "filesAnalyzed" : [ "benchmark/jars/joda-time-2.14.0.jar" ],
  "domainUsed" : "org.opalj.ai.domain.l2.DefaultPerformInvocationsDomainWithCFGAndDefUse",
  "timeFinished" : "2025-07-01T09:52:23.2932893",
  "totalRuntimeMs" : 1328,
  "methodsFound" : [ {
    "fullSignature" : "long getFieldValue(org.joda.time.ReadablePeriod)",
    "numberOfTotalInstructions" : 172,
    "numberOfDeadInstructions" : 2,
    "enclosingTypeName" : "org.joda.time.format.PeriodFormatterBuilder$FieldFormatter",
    "deadInstructions" : [ {
      "stringRepresentation" : "GOTO(84)",
      "programCounter" : 366
    }, {
      "stringRepresentation" : "GOTO(7)",
      "programCounter" : 443
    } ]
  }, {
    "fullSignature" : "int getOffsetFromLocal(long)",
    "numberOfTotalInstructions" : 85,
    "numberOfDeadInstructions" : 1,
    "enclosingTypeName" : "org.joda.time.DateTimeZone",
    "deadInstructions" : [ {
      "stringRepresentation" : "GOTO(52)",
      "programCounter" : 93
    } ]
  } ]
}