{
  "filesAnalyzed" : [ "benchmark/jars/joda-time-2.14.0.jar" ],
  "domainUsed" : "org.opalj.ai.domain.l1.DefaultSetValuesDomain",
  "timeFinished" : "2025-07-01T09:52:18.8926655",
  "totalRuntimeMs" : 244,
  "methodsFound" : [ {
    "fullSignature" : "long getFieldValue(org.joda.time.ReadablePeriod)",
    "numberOfTotalInstructions" : 172,
    "numberOfDeadInstructions" : 2,
    "enclosingTypeName" : "org.joda.time.format.PeriodFormatterBuilder$FieldFormatter",
    "deadInstructions" : [ {
      "stringRepresentation" : "GOTO(84)",
      "programCounter" : 366
    }, {
      "stringRepresentation" : "GOTO(7)",
      "programCounter" : 443
    } ]
  }, {
    "fullSignature" : "void appendPaddedInteger(java.lang.Appendable,int,int)",
    "numberOfTotalInstructions" : 126,
    "numberOfDeadInstructions" : 14,
    "enclosingTypeName" : "org.joda.time.format.FormatUtils",
    "deadInstructions" : [ {
      "stringRepresentation" : "ILOAD_2",
      "programCounter" : 25
    }, {
      "stringRepresentation" : "BIPUSH(10)",
      "programCounter" : 26
    }, {
      "stringRepresentation" : "IF_ICMPLE(18)",
      "programCounter" : 28
    }, {
      "stringRepresentation" : "ALOAD_0",
      "programCounter" : 31
    }, {
      "stringRepresentation" : "BIPUSH(48)",
      "programCounter" : 32
    }, {
      "stringRepresentation" : "INVOKEINTERFACE(java.lang.Appendable{ java.lang.Appendable append(char) })",
      "programCounter" : 34
    }, {
      "stringRepresentation" : "POP",
      "programCounter" : 39
    }, {
      "stringRepresentation" : "IINC(lvIndex=2, -1)",
      "programCounter" : 40
    }, {
      "stringRepresentation" : "GOTO(-18)",
      "programCounter" : 43
    }, {
      "stringRepresentation" : "ALOAD_0",
      "programCounter" : 46
    }, {
      "stringRepresentation" : "LoadString(\"2147483648\")",
      "programCounter" : 47
    }, {
      "stringRepresentation" : "INVOKEINTERFACE(java.lang.Appendable{ java.lang.Appendable append(java.lang.CharSequence) })",
      "programCounter" : 49
    }, {
      "stringRepresentation" : "POP",
      "programCounter" : 54
    }, {
      "stringRepresentation" : "RETURN",
      "programCounter" : 55
    } ]
  }, {
    "fullSignature" : "void appendUnpaddedInteger(java.lang.Appendable,int)",
    "numberOfTotalInstructions" : 69,
    "numberOfDeadInstructions" : 5,
    "enclosingTypeName" : "org.joda.time.format.FormatUtils",
    "deadInstructions" : [ {
      "stringRepresentation" : "ALOAD_0",
      "programCounter" : 25
    }, {
      "stringRepresentation" : "LoadString(\"2147483648\")",
      "programCounter" : 26
    }, {
      "stringRepresentation" : "INVOKEINTERFACE(java.lang.Appendable{ java.lang.Appendable append(java.lang.CharSequence) })",
      "programCounter" : 28
    }, {
      "stringRepresentation" : "POP",
      "programCounter" : 33
    }, {
      "stringRepresentation" : "RETURN",
      "programCounter" : 34
    } ]
  }, {
    "fullSignature" : "void writePaddedInteger(java.io.Writer,int,int)",
    "numberOfTotalInstructions" : 113,
    "numberOfDeadInstructions" : 12,
    "enclosingTypeName" : "org.joda.time.format.FormatUtils",
    "deadInstructions" : [ {
      "stringRepresentation" : "ILOAD_2",
      "programCounter" : 22
    }, {
      "stringRepresentation" : "BIPUSH(10)",
      "programCounter" : 23
    }, {
      "stringRepresentation" : "IF_ICMPLE(15)",
      "programCounter" : 25
    }, {
      "stringRepresentation" : "ALOAD_0",
      "programCounter" : 28
    }, {
      "stringRepresentation" : "BIPUSH(48)",
      "programCounter" : 29
    }, {
      "stringRepresentation" : "INVOKEVIRTUAL(java.io.Writer{ void write(int) })",
      "programCounter" : 31
    }, {
      "stringRepresentation" : "IINC(lvIndex=2, -1)",
      "programCounter" : 34
    }, {
      "stringRepresentation" : "GOTO(-15)",
      "programCounter" : 37
    }, {
      "stringRepresentation" : "ALOAD_0",
      "programCounter" : 40
    }, {
      "stringRepresentation" : "LoadString(\"2147483648\")",
      "programCounter" : 41
    }, {
      "stringRepresentation" : "INVOKEVIRTUAL(java.io.Writer{ void write(java.lang.String) })",
      "programCounter" : 43
    }, {
      "stringRepresentation" : "RETURN",
      "programCounter" : 46
    } ]
  }, {
    "fullSignature" : "void writeUnpaddedInteger(java.io.Writer,int)",
    "numberOfTotalInstructions" : 60,
    "numberOfDeadInstructions" : 4,
    "enclosingTypeName" : "org.joda.time.format.FormatUtils",
    "deadInstructions" : [ {
      "stringRepresentation" : "ALOAD_0",
      "programCounter" : 22
    }, {
      "stringRepresentation" : "LoadString(\"2147483648\")",
      "programCounter" : 23
    }, {
      "stringRepresentation" : "INVOKEVIRTUAL(java.io.Writer{ void write(java.lang.String) })",
      "programCounter" : 25
    }, {
      "stringRepresentation" : "RETURN",
      "programCounter" : 28
    } ]
  }, {
    "fullSignature" : "org.joda.time.DateTimeZone forOffsetHoursMinutes(int,int)",
    "numberOfTotalInstructions" : 90,
    "numberOfDeadInstructions" : 12,
    "enclosingTypeName" : "org.joda.time.DateTimeZone",
    "deadInstructions" : [ {
      "stringRepresentation" : "NEW java.lang.IllegalArgumentException",
      "programCounter" : 98
    }, {
      "stringRepresentation" : "DUP",
      "programCounter" : 101
    }, {
      "stringRepresentation" : "NEW java.lang.StringBuilder",
      "programCounter" : 102
    }, {
      "stringRepresentation" : "DUP",
      "programCounter" : 105
    }, {
      "stringRepresentation" : "INVOKESPECIAL(java.lang.StringBuilder{ void <init>() })",
      "programCounter" : 106
    }, {
      "stringRepresentation" : "LoadString(\"Positive hours must not have negative minutes: \")",
      "programCounter" : 109
    }, {
      "stringRepresentation" : "INVOKEVIRTUAL(java.lang.StringBuilder{ java.lang.StringBuilder append(java.lang.String) })",
      "programCounter" : 111
    }, {
      "stringRepresentation" : "ILOAD_1",
      "programCounter" : 114
    }, {
      "stringRepresentation" : "INVOKEVIRTUAL(java.lang.StringBuilder{ java.lang.StringBuilder append(int) })",
      "programCounter" : 115
    }, {
      "stringRepresentation" : "INVOKEVIRTUAL(java.lang.StringBuilder{ java.lang.String toString() })",
      "programCounter" : 118
    }, {
      "stringRepresentation" : "INVOKESPECIAL(java.lang.IllegalArgumentException{ void <init>(java.lang.String) })",
      "programCounter" : 121
    }, {
      "stringRepresentation" : "ATHROW",
      "programCounter" : 124
    } ]
  }, {
    "fullSignature" : "int getOffsetFromLocal(long)",
    "numberOfTotalInstructions" : 85,
    "numberOfDeadInstructions" : 1,
    "enclosingTypeName" : "org.joda.time.DateTimeZone",
    "deadInstructions" : [ {
      "stringRepresentation" : "GOTO(52)",
      "programCounter" : 93
    } ]
  } ]
}