{
  "filesAnalyzed" : [ "benchmark/jars/joda-time-2.14.0.jar" ],
  "domainUsed" : "org.opalj.ai.fpcf.domain.PrimitiveTACAIDomainWithSignatureRefinement",
  "timeFinished" : "2025-07-01T09:52:19.6829546",
  "totalRuntimeMs" : 199,
  "methodsFound" : [ {
    "fullSignature" : "long getFieldValue(org.joda.time.ReadablePeriod)",
    "numberOfTotalInstructions" : 172,
    "numberOfDeadInstructions" : 2,
    "enclosingTypeName" : "org.joda.time.format.PeriodFormatterBuilder$FieldFormatter",
    "deadInstructions" : [ {
      "stringRepresentation" : "GOTO(84)",
      "programCounter" : 366
    }, {
      "stringRepresentation" : "GOTO(7)",
      "programCounter" : 443
    } ]
  }, {
    "fullSignature" : "long computeMillis(boolean,java.lang.CharSequence)",
    "numberOfTotalInstructions" : 188,
    "numberOfDeadInstructions" : 1,
    "enclosingTypeName" : "org.joda.time.format.DateTimeParserBucket",
    "deadInstructions" : [ {
      "stringRepresentation" : "GOTO(41)",
      "programCounter" : 218
    } ]
  }, {
    "fullSignature" : "org.joda.time.convert.Converter selectSlow(org.joda.time.convert.ConverterSet,java.lang.Class)",
    "numberOfTotalInstructions" : 167,
    "numberOfDeadInstructions" : 1,
    "enclosingTypeName" : "org.joda.time.convert.ConverterSet",
    "deadInstructions" : [ {
      "stringRepresentation" : "GOTO(-82)",
      "programCounter" : 184
    } ]
  }, {
    "fullSignature" : "boolean test(java.lang.String,org.joda.time.DateTimeZone)",
    "numberOfTotalInstructions" : 225,
    "numberOfDeadInstructions" : 1,
    "enclosingTypeName" : "org.joda.time.tz.ZoneInfoCompiler",
    "deadInstructions" : [ {
      "stringRepresentation" : "GOTO(-133)",
      "programCounter" : 481
    } ]
  }, {
    "fullSignature" : "void writeZoneInfoMap(java.io.DataOutputStream,java.util.Map)",
    "numberOfTotalInstructions" : 159,
    "numberOfDeadInstructions" : 1,
    "enclosingTypeName" : "org.joda.time.tz.ZoneInfoCompiler",
    "deadInstructions" : [ {
      "stringRepresentation" : "GOTO(-175)",
      "programCounter" : 227
    } ]
  }, {
    "fullSignature" : "org.joda.time.tz.NameProvider getDefaultNameProvider()",
    "numberOfTotalInstructions" : 57,
    "numberOfDeadInstructions" : 1,
    "enclosingTypeName" : "org.joda.time.DateTimeZone",
    "deadInstructions" : [ {
      "stringRepresentation" : "GOTO(4)",
      "programCounter" : 97
    } ]
  }, {
    "fullSignature" : "org.joda.time.tz.Provider getDefaultProvider()",
    "numberOfTotalInstructions" : 88,
    "numberOfDeadInstructions" : 2,
    "enclosingTypeName" : "org.joda.time.DateTimeZone",
    "deadInstructions" : [ {
      "stringRepresentation" : "GOTO(4)",
      "programCounter" : 97
    }, {
      "stringRepresentation" : "GOTO(4)",
      "programCounter" : 142
    } ]
  }, {
    "fullSignature" : "int getOffsetFromLocal(long)",
    "numberOfTotalInstructions" : 85,
    "numberOfDeadInstructions" : 1,
    "enclosingTypeName" : "org.joda.time.DateTimeZone",
    "deadInstructions" : [ {
      "stringRepresentation" : "GOTO(52)",
      "programCounter" : 93
    } ]
  } ]
}