{
  "project" : [ "benchmark/commons-io-2.19.0.jar" ],
  "analysis" : [ {
    "library" : "benchmark/lib/byte-buddy-1.17.5.jar",
    "totalMethods" : 14978,
    "usedMethods" : 10182,
    "usageRatio" : 0.67979703565229
  }, {
    "library" : "benchmark/lib/byte-buddy-agent-1.17.5.jar",
    "totalMethods" : 223,
    "usedMethods" : 12,
    "usageRatio" : 0.053811659192825115
  }, {
    "library" : "benchmark/lib/commons-codec-1.18.0.jar",
    "totalMethods" : 812,
    "usedMethods" : 291,
    "usageRatio" : 0.3583743842364532
  }, {
    "library" : "benchmark/lib/commons-lang3-3.17.0.jar",
    "totalMethods" : 4925,
    "usedMethods" : 1473,
    "usageRatio" : 0.2990862944162437
  }, {
    "library" : "benchmark/lib/jimfs-1.3.0.jar",
    "totalMethods" : 653,
    "usedMethods" : 463,
    "usageRatio" : 0.7090352220520674
  }, {
    "library" : "benchmark/lib/jmh-core-1.37.jar",
    "totalMethods" : 1463,
    "usedMethods" : 904,
    "usageRatio" : 0.6179084073820916
  }, {
    "library" : "benchmark/lib/junit-jupiter-5.11.4.jar",
    "totalMethods" : 0,
    "usedMethods" : 0,
    "usageRatio" : 1
  }, {
    "library" : "benchmark/lib/junit-pioneer-1.9.1.jar",
    "totalMethods" : 1035,
    "usedMethods" : 542,
    "usageRatio" : 0.523671497584541
  }, {
    "library" : "benchmark/lib/mockito-inline-4.11.0.jar",
    "totalMethods" : 0,
    "usedMethods" : 0,
    "usageRatio" : 1
  }, {
    "library" : "benchmark/lib/rt.jar",
    "totalMethods" : 213558,
    "usedMethods" : 137994,
    "usageRatio" : 0.6461663810299778
  } ],
  "callGraphAlgorithm" : "CHA",
  "callGraphTimeSeconds" : 56.328,
  "analysisTimeSeconds" : 0.882,
  "programTimeSeconds" : 67.068
}