{
  "project" : [ "benchmark/joda-time-2.14.0.jar" ],
  "analysis" : [ {
    "library" : "benchmark/lib/joda-convert-1.9.2.jar",
    "totalMethods" : 229,
    "usedMethods" : 195,
    "usageRatio" : 0.851528384279476
  }, {
    "library" : "benchmark/lib/junit-3.8.2.jar",
    "totalMethods" : 372,
    "usedMethods" : 286,
    "usageRatio" : 0.7688172043010753
  } ],
  "callGraphAlgorithm" : "CHA",
  "callGraphTimeSeconds" : 1.941,
  "analysisTimeSeconds" : 0.049,
  "programTimeSeconds" : 3.561
}