{
  "projectJars": [
    "benchmark/commons-io-2.19.0.jar"
  ],
  "tplJars": [
    "benchmark/lib/apiguardian-api-1.1.2.jar",
    "benchmark/lib/byte-buddy-1.17.5.jar",
    "benchmark/lib/byte-buddy-agent-1.17.5.jar",
    "benchmark/lib/checker-qual-3.33.0.jar",
    "benchmark/lib/commons-codec-1.18.0.jar",
    "benchmark/lib/commons-lang3-3.17.0.jar",
    "benchmark/lib/commons-math3-3.6.1.jar",
    "benchmark/lib/error_prone_annotations-2.18.0.jar",
    "benchmark/lib/failureaccess-1.0.1.jar",
    "benchmark/lib/guava-32.1.1-jre.jar",
    "benchmark/lib/j2objc-annotations-2.8.jar",
    "benchmark/lib/jimfs-1.3.0.jar",
    "benchmark/lib/jmh-core-1.37.jar",
    "benchmark/lib/jopt-simple-5.0.4.jar",
    "benchmark/lib/jsr305-3.0.2.jar",
    "benchmark/lib/junit-jupiter-5.11.4.jar",
    "benchmark/lib/junit-jupiter-api-5.11.4.jar",
    "benchmark/lib/junit-jupiter-engine-5.11.4.jar",
    "benchmark/lib/junit-jupiter-params-5.11.4.jar",
    "benchmark/lib/junit-pioneer-1.9.1.jar",
    "benchmark/lib/junit-platform-commons-1.11.4.jar",
    "benchmark/lib/junit-platform-engine-1.11.4.jar",
    "benchmark/lib/junit-platform-launcher-1.11.4.jar",
    "benchmark/lib/listenablefuture-9999.0-empty-to-avoid-conflict-with-guava.jar",
    "benchmark/lib/mockito-core-4.11.0.jar",
    "benchmark/lib/mockito-inline-4.11.0.jar",
    "benchmark/lib/objenesis-3.3.jar",
    "benchmark/lib/opentest4j-1.3.0.jar"
  ],
  "callGraphAlgorithm": "rta",
  "countAllMethods": false,
  "isLibraryProject": true,
  "outputJson": "result.json"
}