{
  "projectJars": [
    "benchmark/jbang-0.0.1.1.jar"
  ],
  "tplJars": [
    "benchmark/lib/asm-9.6.jar",
    "benchmark/lib/cdi-api-1.0.jar",
    "benchmark/lib/commons-codec-1.17.1.jar",
    "benchmark/lib/commons-compress-1.27.1.jar",
    "benchmark/lib/commons-io-2.16.1.jar",
    "benchmark/lib/commons-lang3-3.16.0.jar",
    "benchmark/lib/commons-logging-1.2.jar",
    "benchmark/lib/commons-text-1.11.0.jar",
    "benchmark/lib/context-2.4.20.jar",
    "benchmark/lib/devkitman-0.1.2.jar",
    "benchmark/lib/error_prone_annotations-2.36.0.jar",
    "benchmark/lib/gson-2.12.1.jar",
    "benchmark/lib/httpclient-4.5.14.jar",
    "benchmark/lib/httpclient-cache-4.5.14.jar",
    "benchmark/lib/httpcore-4.4.16.jar",
    "benchmark/lib/jandex-2.2.3.Final.jar",
    "benchmark/lib/java-properties-0.0.7.jar",
    "benchmark/lib/javax.inject-1.jar",
    "benchmark/lib/jboss-logging-3.3.2.Final.jar",
    "benchmark/lib/jcl-over-slf4j-1.7.36.jar",
    "benchmark/lib/jsoup-1.17.1.jar",
    "benchmark/lib/jspecify-1.0.0.jar",
    "benchmark/lib/jsr250-api-1.0.jar",
    "benchmark/lib/jsr305-3.0.2.jar",
    "benchmark/lib/maven-artifact-3.9.9.jar",
    "benchmark/lib/maven-builder-support-3.9.9.jar",
    "benchmark/lib/maven-model-3.9.9.jar",
    "benchmark/lib/maven-model-builder-3.9.9.jar",
    "benchmark/lib/maven-plugin-api-3.5.3.jar",
    "benchmark/lib/maven-repository-metadata-3.9.9.jar",
    "benchmark/lib/maven-resolver-api-1.9.22.jar",
    "benchmark/lib/maven-resolver-connector-basic-1.9.22.jar",
    "benchmark/lib/maven-resolver-impl-1.9.22.jar",
    "benchmark/lib/maven-resolver-named-locks-1.9.22.jar",
    "benchmark/lib/maven-resolver-provider-3.9.9.jar",
    "benchmark/lib/maven-resolver-spi-1.9.22.jar",
    "benchmark/lib/maven-resolver-supplier-1.9.22.jar",
    "benchmark/lib/maven-resolver-transport-file-1.9.22.jar",
    "benchmark/lib/maven-resolver-transport-http-1.9.22.jar",
    "benchmark/lib/maven-resolver-util-1.9.22.jar",
    "benchmark/lib/maven-settings-3.9.9.jar",
    "benchmark/lib/maven-settings-builder-3.9.9.jar",
    "benchmark/lib/mutiny-0.13.0.jar",
    "benchmark/lib/org.eclipse.sisu.inject-0.3.3.jar",
    "benchmark/lib/org.eclipse.sisu.plexus-0.3.3.jar",
    "benchmark/lib/os-maven-plugin-1.7.1.jar",
    "benchmark/lib/picocli-4.7.5.jar",
    "benchmark/lib/plexus-cipher-2.0.jar",
    "benchmark/lib/plexus-classworlds-2.5.2.jar",
    "benchmark/lib/plexus-component-annotations-1.5.5.jar",
    "benchmark/lib/plexus-interpolation-1.27.jar",
    "benchmark/lib/plexus-java-1.2.0.jar",
    "benchmark/lib/plexus-sec-dispatcher-2.0.jar",
    "benchmark/lib/plexus-utils-3.5.1.jar",
    "benchmark/lib/qdox-2.0.3.jar",
    "benchmark/lib/qute-core-1.12.2.Final.jar",
    "benchmark/lib/reactive-streams-1.0.3.jar",
    "benchmark/lib/slf4j-api-1.7.36.jar",
    "benchmark/lib/slf4j-nop-1.7.30.jar",
    "benchmark/lib/smallrye-common-annotation-1.5.0.jar",
    "benchmark/lib/standalone-shared-2.4.20.jar",
    "benchmark/lib/standalone-static-2.4.20.jar"
  ],
  "callGraphAlgorithm": "rta",
  "countAllMethods": false,
  "isLibraryProject": false,
  "outputJson": "result.json"
}