{
  "projectJars": [
    "benchmark/jbang-0.0.1.1.jar"
  ],
  "tplJars": [
    "benchmark/lib/commons-compress-1.27.1.jar",
    "benchmark/lib/commons-text-1.11.0.jar",
    "benchmark/lib/context-2.4.20.jar",
    "benchmark/lib/devkitman-0.1.2.jar",
    "benchmark/lib/gson-2.12.1.jar",
    "benchmark/lib/jandex-2.2.3.Final.jar",
    "benchmark/lib/java-properties-0.0.7.jar",
    "benchmark/lib/jcl-over-slf4j-1.7.36.jar",
    "benchmark/lib/jsoup-1.17.1.jar",
    "benchmark/lib/os-maven-plugin-1.7.1.jar",
    "benchmark/lib/picocli-4.7.5.jar",
    "benchmark/lib/plexus-java-1.2.0.jar",
    "benchmark/lib/qute-core-1.12.2.Final.jar",
    "benchmark/lib/slf4j-nop-1.7.30.jar"
  ],
  "callGraphAlgorithm": "rta",
  "countAllMethods": false,
  "isLibraryProject": false,
  "outputJson": "result.json"
}