{
  "filesAnalyzed" : [ "benchmark/jars/httpclient5-5.5.jar" ],
  "domainUsed" : "org.opalj.ai.fpcf.domain.PrimitiveTACAIDomainWithSignatureRefinement",
  "timeFinished" : "2025-07-01T09:29:18.5999497",
  "totalRuntimeMs" : 190,
  "methodsFound" : [ {
    "fullSignature" : "java.util.Date parseDate(java.lang.String,java.lang.String[],java.util.Date)",
    "numberOfTotalInstructions" : 35,
    "numberOfDeadInstructions" : 1,
    "enclosingTypeName" : "org.apache.hc.client5.http.utils.DateUtils",
    "deadInstructions" : [ {
      "stringRepresentation" : "GOTO(7)",
      "programCounter" : 53
    } ]
  }, {
    "fullSignature" : "boolean isWeakCipherSuite(java.lang.String)",
    "numberOfTotalInstructions" : 20,
    "numberOfDeadInstructions" : 1,
    "enclosingTypeName" : "org.apache.hc.client5.http.ssl.SSLConnectionSocketFactory",
    "deadInstructions" : [ {
      "stringRepresentation" : "GOTO(-32)",
      "programCounter" : 41
    } ]
  }, {
    "fullSignature" : "org.apache.hc.client5.http.psl.PublicSuffixMatcher load(java.net.URL)",
    "numberOfTotalInstructions" : 50,
    "numberOfDeadInstructions" : 8,
    "enclosingTypeName" : "org.apache.hc.client5.http.psl.PublicSuffixMatcherLoader",
    "deadInstructions" : [ {
      "stringRepresentation" : "ALOAD_1",
      "programCounter" : 27
    }, {
      "stringRepresentation" : "INVOKEVIRTUAL(java.io.InputStream{ void close() })",
      "programCounter" : 28
    }, {
      "stringRepresentation" : "GOTO(18)",
      "programCounter" : 31
    }, {
      "stringRepresentation" : "ASTORE(4)",
      "programCounter" : 34
    }, {
      "stringRepresentation" : "ALOAD_2",
      "programCounter" : 36
    }, {
      "stringRepresentation" : "ALOAD(4)",
      "programCounter" : 37
    }, {
      "stringRepresentation" : "INVOKEVIRTUAL(java.lang.Throwable{ void addSuppressed(java.lang.Throwable) })",
      "programCounter" : 39
    }, {
      "stringRepresentation" : "GOTO(7)",
      "programCounter" : 42
    } ]
  }, {
    "fullSignature" : "org.apache.hc.client5.http.psl.PublicSuffixMatcher load(java.io.File)",
    "numberOfTotalInstructions" : 52,
    "numberOfDeadInstructions" : 8,
    "enclosingTypeName" : "org.apache.hc.client5.http.psl.PublicSuffixMatcherLoader",
    "deadInstructions" : [ {
      "stringRepresentation" : "ALOAD_1",
      "programCounter" : 31
    }, {
      "stringRepresentation" : "INVOKEVIRTUAL(java.io.InputStream{ void close() })",
      "programCounter" : 32
    }, {
      "stringRepresentation" : "GOTO(18)",
      "programCounter" : 35
    }, {
      "stringRepresentation" : "ASTORE(4)",
      "programCounter" : 38
    }, {
      "stringRepresentation" : "ALOAD_2",
      "programCounter" : 40
    }, {
      "stringRepresentation" : "ALOAD(4)",
      "programCounter" : 41
    }, {
      "stringRepresentation" : "INVOKEVIRTUAL(java.lang.Throwable{ void addSuppressed(java.lang.Throwable) })",
      "programCounter" : 43
    }, {
      "stringRepresentation" : "GOTO(7)",
      "programCounter" : 46
    } ]
  }, {
    "fullSignature" : "org.apache.hc.core5.http.HttpHost determineHost(org.apache.hc.core5.http.HttpRequest)",
    "numberOfTotalInstructions" : 54,
    "numberOfDeadInstructions" : 1,
    "enclosingTypeName" : "org.apache.hc.client5.http.routing.RoutingSupport",
    "deadInstructions" : [ {
      "stringRepresentation" : "GOTO(4)",
      "programCounter" : 100
    } ]
  }, {
    "fullSignature" : "void <init>(java.util.Collection)",
    "numberOfTotalInstructions" : 73,
    "numberOfDeadInstructions" : 1,
    "enclosingTypeName" : "org.apache.hc.client5.http.psl.PublicSuffixMatcher",
    "deadInstructions" : [ {
      "stringRepresentation" : "GOTO(-138)",
      "programCounter" : 178
    } ]
  }, {
    "fullSignature" : "java.net.Socket connectSocket(org.apache.hc.core5.util.TimeValue,java.net.Socket,org.apache.hc.core5.http.HttpHost,java.net.InetSocketAddress,java.net.InetSocketAddress,org.apache.hc.core5.http.protocol.HttpContext)",
    "numberOfTotalInstructions" : 48,
    "numberOfDeadInstructions" : 1,
    "enclosingTypeName" : "org.apache.hc.client5.http.socket.PlainConnectionSocketFactory",
    "deadInstructions" : [ {
      "stringRepresentation" : "GOTO(13)",
      "programCounter" : 90
    } ]
  }, {
    "fullSignature" : "java.lang.String extractCN(java.lang.String)",
    "numberOfTotalInstructions" : 48,
    "numberOfDeadInstructions" : 1,
    "enclosingTypeName" : "org.apache.hc.client5.http.ssl.DefaultHostnameVerifier",
    "deadInstructions" : [ {
      "stringRepresentation" : "GOTO(-88)",
      "programCounter" : 109
    } ]
  }, {
    "fullSignature" : "void matchDNSName(java.lang.String,java.util.List,org.apache.hc.client5.http.psl.PublicSuffixMatcher)",
    "numberOfTotalInstructions" : 45,
    "numberOfDeadInstructions" : 1,
    "enclosingTypeName" : "org.apache.hc.client5.http.ssl.DefaultHostnameVerifier",
    "deadInstructions" : [ {
      "stringRepresentation" : "GOTO(-53)",
      "programCounter" : 66
    } ]
  }, {
    "fullSignature" : "void matchIPAddress(java.lang.String,java.util.List)",
    "numberOfTotalInstructions" : 37,
    "numberOfDeadInstructions" : 1,
    "enclosingTypeName" : "org.apache.hc.client5.http.ssl.DefaultHostnameVerifier",
    "deadInstructions" : [ {
      "stringRepresentation" : "GOTO(-40)",
      "programCounter" : 47
    } ]
  }, {
    "fullSignature" : "void matchIPv6Address(java.lang.String,java.util.List)",
    "numberOfTotalInstructions" : 43,
    "numberOfDeadInstructions" : 1,
    "enclosingTypeName" : "org.apache.hc.client5.http.ssl.DefaultHostnameVerifier",
    "deadInstructions" : [ {
      "stringRepresentation" : "GOTO(-50)",
      "programCounter" : 62
    } ]
  }, {
    "fullSignature" : "java.util.concurrent.Future connect(org.apache.hc.core5.reactor.ConnectionInitiator,org.apache.hc.core5.net.NamedEndpoint,java.net.SocketAddress,java.net.SocketAddress,org.apache.hc.core5.util.Timeout,java.lang.Object,org.apache.hc.core5.concurrent.FutureCallback)",
    "numberOfTotalInstructions" : 118,
    "numberOfDeadInstructions" : 1,
    "enclosingTypeName" : "org.apache.hc.client5.http.impl.nio.MultihomeIOSessionRequester",
    "deadInstructions" : [ {
      "stringRepresentation" : "GOTO(16)",
      "programCounter" : 192
    } ]
  }, {
    "fullSignature" : "void processCookies(java.lang.String,java.util.Iterator,org.apache.hc.client5.http.cookie.CookieSpec,org.apache.hc.client5.http.cookie.CookieOrigin,org.apache.hc.client5.http.cookie.CookieStore)",
    "numberOfTotalInstructions" : 88,
    "numberOfDeadInstructions" : 1,
    "enclosingTypeName" : "org.apache.hc.client5.http.protocol.ResponseProcessCookies",
    "deadInstructions" : [ {
      "stringRepresentation" : "GOTO(-162)",
      "programCounter" : 162
    } ]
  }, {
    "fullSignature" : "boolean match(org.apache.hc.client5.http.cookie.Cookie,org.apache.hc.client5.http.cookie.CookieOrigin)",
    "numberOfTotalInstructions" : 29,
    "numberOfDeadInstructions" : 1,
    "enclosingTypeName" : "org.apache.hc.client5.http.impl.cookie.CookieSpecBase",
    "deadInstructions" : [ {
      "stringRepresentation" : "GOTO(-34)",
      "programCounter" : 58
    } ]
  }, {
    "fullSignature" : "void lambda$blockWaiting$0(org.apache.hc.client5.http.impl.compat.SharedOutputBuffer)",
    "numberOfTotalInstructions" : 55,
    "numberOfDeadInstructions" : 8,
    "enclosingTypeName" : "org.apache.hc.client5.http.impl.compat.ClassicToAsyncRequestProducer",
    "deadInstructions" : [ {
      "stringRepresentation" : "ALOAD_3",
      "programCounter" : 43
    }, {
      "stringRepresentation" : "INVOKEVIRTUAL(org.apache.hc.client5.http.impl.compat.ClassicToAsyncRequestProducer$InternalOutputStream{ void close() })",
      "programCounter" : 44
    }, {
      "stringRepresentation" : "GOTO(68)",
      "programCounter" : 47
    }, {
      "stringRepresentation" : "ASTORE(5)",
      "programCounter" : 50
    }, {
      "stringRepresentation" : "ALOAD(4)",
      "programCounter" : 52
    }, {
      "stringRepresentation" : "ALOAD(5)",
      "programCounter" : 54
    }, {
      "stringRepresentation" : "INVOKEVIRTUAL(java.lang.Throwable{ void addSuppressed(java.lang.Throwable) })",
      "programCounter" : 56
    }, {
      "stringRepresentation" : "GOTO(56)",
      "programCounter" : 59
    } ]
  }, {
    "fullSignature" : "void parse(org.apache.hc.client5.http.cookie.SetCookie,java.lang.String)",
    "numberOfTotalInstructions" : 243,
    "numberOfDeadInstructions" : 2,
    "enclosingTypeName" : "org.apache.hc.client5.http.impl.cookie.LaxExpiresHandler",
    "deadInstructions" : [ {
      "stringRepresentation" : "GOTO(-234)",
      "programCounter" : 303
    }, {
      "stringRepresentation" : "GOTO(32)",
      "programCounter" : 306
    } ]
  }, {
    "fullSignature" : "boolean match(org.apache.hc.client5.http.cookie.Cookie,org.apache.hc.client5.http.cookie.CookieOrigin)",
    "numberOfTotalInstructions" : 46,
    "numberOfDeadInstructions" : 1,
    "enclosingTypeName" : "org.apache.hc.client5.http.impl.cookie.PublicSuffixDomainFilter",
    "deadInstructions" : [ {
      "stringRepresentation" : "GOTO(24)",
      "programCounter" : 58
    } ]
  }, {
    "fullSignature" : "org.apache.hc.core5.http.ClassicHttpResponse execute(org.apache.hc.core5.http.ClassicHttpRequest,org.apache.hc.client5.http.classic.ExecChain$Scope,org.apache.hc.client5.http.classic.ExecChain)",
    "numberOfTotalInstructions" : 353,
    "numberOfDeadInstructions" : 1,
    "enclosingTypeName" : "org.apache.hc.client5.http.impl.classic.ProtocolExec",
    "deadInstructions" : [ {
      "stringRepresentation" : "GOTO(-433)",
      "programCounter" : 821
    } ]
  }, {
    "fullSignature" : "java.net.PasswordAuthentication getProxyCredentials(java.lang.String,org.apache.hc.client5.http.auth.AuthScope)",
    "numberOfTotalInstructions" : 79,
    "numberOfDeadInstructions" : 1,
    "enclosingTypeName" : "org.apache.hc.client5.http.impl.auth.SystemDefaultCredentialsProvider",
    "deadInstructions" : [ {
      "stringRepresentation" : "GOTO(5)",
      "programCounter" : 162
    } ]
  }, {
    "fullSignature" : "void awaitInput(org.apache.hc.core5.util.Timeout)",
    "numberOfTotalInstructions" : 57,
    "numberOfDeadInstructions" : 1,
    "enclosingTypeName" : "org.apache.hc.client5.http.impl.compat.SharedInputBuffer",
    "deadInstructions" : [ {
      "stringRepresentation" : "GOTO(-92)",
      "programCounter" : 106
    } ]
  }, {
    "fullSignature" : "org.apache.hc.core5.http.ClassicHttpResponse execute(org.apache.hc.core5.http.ClassicHttpRequest,org.apache.hc.client5.http.classic.ExecChain$Scope,org.apache.hc.client5.http.classic.ExecChain)",
    "numberOfTotalInstructions" : 350,
    "numberOfDeadInstructions" : 2,
    "enclosingTypeName" : "org.apache.hc.client5.http.impl.classic.RedirectExec",
    "deadInstructions" : [ {
      "stringRepresentation" : "GOTO(-755)",
      "programCounter" : 817
    }, {
      "stringRepresentation" : "GOTO(-844)",
      "programCounter" : 906
    } ]
  }, {
    "fullSignature" : "org.apache.hc.core5.http.ClassicHttpResponse execute(org.apache.hc.core5.http.ClassicHttpRequest,org.apache.hc.client5.http.classic.ExecChain$Scope,org.apache.hc.client5.http.classic.ExecChain)",
    "numberOfTotalInstructions" : 240,
    "numberOfDeadInstructions" : 1,
    "enclosingTypeName" : "org.apache.hc.client5.http.impl.classic.HttpRequestRetryExec",
    "deadInstructions" : [ {
      "stringRepresentation" : "GOTO(15)",
      "programCounter" : 573
    } ]
  }, {
    "fullSignature" : "void waitForSignal(org.apache.hc.core5.util.Timeout)",
    "numberOfTotalInstructions" : 42,
    "numberOfDeadInstructions" : 1,
    "enclosingTypeName" : "org.apache.hc.client5.http.impl.compat.SharedOutputBuffer",
    "deadInstructions" : [ {
      "stringRepresentation" : "GOTO(22)",
      "programCounter" : 73
    } ]
  }, {
    "fullSignature" : "org.apache.hc.core5.concurrent.Cancellable execute(java.lang.String,org.apache.hc.core5.http.nio.AsyncClientExchangeHandler,org.apache.hc.client5.http.protocol.HttpClientContext)",
    "numberOfTotalInstructions" : 59,
    "numberOfDeadInstructions" : 1,
    "enclosingTypeName" : "org.apache.hc.client5.http.impl.async.InternalHttpAsyncExecRuntime",
    "deadInstructions" : [ {
      "stringRepresentation" : "GOTO(22)",
      "programCounter" : 97
    } ]
  }, {
    "fullSignature" : "java.util.Map extractChallengeMap(org.apache.hc.client5.http.auth.ChallengeType,org.apache.hc.core5.http.HttpResponse,org.apache.hc.client5.http.protocol.HttpClientContext)",
    "numberOfTotalInstructions" : 111,
    "numberOfDeadInstructions" : 1,
    "enclosingTypeName" : "org.apache.hc.client5.http.impl.auth.AuthenticationHandler",
    "deadInstructions" : [ {
      "stringRepresentation" : "GOTO(-250)",
      "programCounter" : 281
    } ]
  }, {
    "fullSignature" : "void failed(java.lang.Exception)",
    "numberOfTotalInstructions" : 64,
    "numberOfDeadInstructions" : 1,
    "enclosingTypeName" : "org.apache.hc.client5.http.impl.async.InternalAbstractHttpAsyncClient$2",
    "deadInstructions" : [ {
      "stringRepresentation" : "GOTO(59)",
      "programCounter" : 99
    } ]
  }, {
    "fullSignature" : "java.lang.String createDigestResponse(org.apache.hc.core5.http.HttpRequest)",
    "numberOfTotalInstructions" : 771,
    "numberOfDeadInstructions" : 8,
    "enclosingTypeName" : "org.apache.hc.client5.http.impl.auth.DigestScheme",
    "deadInstructions" : [ {
      "stringRepresentation" : "ALOAD(15)",
      "programCounter" : 497
    }, {
      "stringRepresentation" : "INVOKEVIRTUAL(java.util.Formatter{ void close() })",
      "programCounter" : 499
    }, {
      "stringRepresentation" : "GOTO(72)",
      "programCounter" : 502
    }, {
      "stringRepresentation" : "ASTORE(17)",
      "programCounter" : 505
    }, {
      "stringRepresentation" : "ALOAD(16)",
      "programCounter" : 507
    }, {
      "stringRepresentation" : "ALOAD(17)",
      "programCounter" : 509
    }, {
      "stringRepresentation" : "INVOKEVIRTUAL(java.lang.Throwable{ void addSuppressed(java.lang.Throwable) })",
      "programCounter" : 511
    }, {
      "stringRepresentation" : "GOTO(60)",
      "programCounter" : 514
    } ]
  }, {
    "fullSignature" : "org.apache.hc.client5.http.impl.auth.AuthChallengeParser$ChallengeInt parseChallenge(java.lang.CharSequence,org.apache.hc.core5.http.message.ParserCursor,org.apache.hc.client5.http.impl.auth.AuthChallengeParser$ChallengeInt)",
    "numberOfTotalInstructions" : 128,
    "numberOfDeadInstructions" : 1,
    "enclosingTypeName" : "org.apache.hc.client5.http.impl.auth.AuthChallengeParser",
    "deadInstructions" : [ {
      "stringRepresentation" : "GOTO(-267)",
      "programCounter" : 267
    } ]
  }, {
    "fullSignature" : "void lambda$new$0(org.apache.hc.core5.util.TimeValue,org.apache.hc.client5.http.impl.async.InternalH2ConnPool)",
    "numberOfTotalInstructions" : 16,
    "numberOfDeadInstructions" : 1,
    "enclosingTypeName" : "org.apache.hc.client5.http.impl.async.H2AsyncClientBuilder$IdleConnectionEvictor",
    "deadInstructions" : [ {
      "stringRepresentation" : "GOTO(14)",
      "programCounter" : 21
    } ]
  }, {
    "fullSignature" : "org.apache.hc.client5.http.entity.mime.MultipartFormEntity buildEntity()",
    "numberOfTotalInstructions" : 168,
    "numberOfDeadInstructions" : 1,
    "enclosingTypeName" : "org.apache.hc.client5.http.entity.mime.MultipartEntityBuilder",
    "deadInstructions" : [ {
      "stringRepresentation" : "GOTO(-36)",
      "programCounter" : 154
    } ]
  }, {
    "fullSignature" : "boolean isRedirectAllowed(org.apache.hc.core5.http.HttpHost,org.apache.hc.core5.http.HttpHost,org.apache.hc.core5.http.HttpRequest,org.apache.hc.core5.http.protocol.HttpContext)",
    "numberOfTotalInstructions" : 32,
    "numberOfDeadInstructions" : 1,
    "enclosingTypeName" : "org.apache.hc.client5.http.impl.DefaultRedirectStrategy",
    "deadInstructions" : [ {
      "stringRepresentation" : "GOTO(-64)",
      "programCounter" : 80
    } ]
  }, {
    "fullSignature" : "void lambda$new$0(org.apache.hc.core5.util.TimeValue,org.apache.hc.core5.pool.ConnPoolControl,org.apache.hc.core5.util.TimeValue)",
    "numberOfTotalInstructions" : 20,
    "numberOfDeadInstructions" : 1,
    "enclosingTypeName" : "org.apache.hc.client5.http.impl.IdleConnectionEvictor",
    "deadInstructions" : [ {
      "stringRepresentation" : "GOTO(14)",
      "programCounter" : 33
    } ]
  }, {
    "fullSignature" : "long getTotalLength()",
    "numberOfTotalInstructions" : 51,
    "numberOfDeadInstructions" : 1,
    "enclosingTypeName" : "org.apache.hc.client5.http.entity.mime.AbstractMultipartFormat",
    "deadInstructions" : [ {
      "stringRepresentation" : "GOTO(-55)",
      "programCounter" : 67
    } ]
  }, {
    "fullSignature" : "boolean retryRequest(org.apache.hc.core5.http.HttpRequest,java.io.IOException,int,org.apache.hc.core5.http.protocol.HttpContext)",
    "numberOfTotalInstructions" : 53,
    "numberOfDeadInstructions" : 1,
    "enclosingTypeName" : "org.apache.hc.client5.http.impl.DefaultHttpRequestRetryStrategy",
    "deadInstructions" : [ {
      "stringRepresentation" : "GOTO(-33)",
      "programCounter" : 86
    } ]
  }, {
    "fullSignature" : "boolean cancel()",
    "numberOfTotalInstructions" : 27,
    "numberOfDeadInstructions" : 1,
    "enclosingTypeName" : "org.apache.hc.client5.http.classic.methods.HttpUriRequestBase",
    "deadInstructions" : [ {
      "stringRepresentation" : "GOTO(-48)",
      "programCounter" : 48
    } ]
  } ]
}