{
  "filesAnalyzed" : [ "benchmark/jars/httpclient5-5.5.jar" ],
  "domainUsed" : "org.opalj.ai.domain.l1.DefaultDomainWithCFGAndDefUse",
  "timeFinished" : "2025-07-01T09:29:19.2049078",
  "totalRuntimeMs" : 569,
  "methodsFound" : [ {
    "fullSignature" : "java.net.Socket connectSocket(org.apache.hc.core5.util.TimeValue,java.net.Socket,org.apache.hc.core5.http.HttpHost,java.net.InetSocketAddress,java.net.InetSocketAddress,org.apache.hc.core5.http.protocol.HttpContext)",
    "numberOfTotalInstructions" : 48,
    "numberOfDeadInstructions" : 1,
    "enclosingTypeName" : "org.apache.hc.client5.http.socket.PlainConnectionSocketFactory",
    "deadInstructions" : [ {
      "stringRepresentation" : "GOTO(13)",
      "programCounter" : 90
    } ]
  }, {
    "fullSignature" : "java.lang.String extractCN(java.lang.String)",
    "numberOfTotalInstructions" : 48,
    "numberOfDeadInstructions" : 1,
    "enclosingTypeName" : "org.apache.hc.client5.http.ssl.DefaultHostnameVerifier",
    "deadInstructions" : [ {
      "stringRepresentation" : "GOTO(-88)",
      "programCounter" : 109
    } ]
  }, {
    "fullSignature" : "void matchDNSName(java.lang.String,java.util.List,org.apache.hc.client5.http.psl.PublicSuffixMatcher)",
    "numberOfTotalInstructions" : 45,
    "numberOfDeadInstructions" : 1,
    "enclosingTypeName" : "org.apache.hc.client5.http.ssl.DefaultHostnameVerifier",
    "deadInstructions" : [ {
      "stringRepresentation" : "GOTO(-53)",
      "programCounter" : 66
    } ]
  }, {
    "fullSignature" : "void matchIPAddress(java.lang.String,java.util.List)",
    "numberOfTotalInstructions" : 37,
    "numberOfDeadInstructions" : 1,
    "enclosingTypeName" : "org.apache.hc.client5.http.ssl.DefaultHostnameVerifier",
    "deadInstructions" : [ {
      "stringRepresentation" : "GOTO(-40)",
      "programCounter" : 47
    } ]
  }, {
    "fullSignature" : "void matchIPv6Address(java.lang.String,java.util.List)",
    "numberOfTotalInstructions" : 43,
    "numberOfDeadInstructions" : 1,
    "enclosingTypeName" : "org.apache.hc.client5.http.ssl.DefaultHostnameVerifier",
    "deadInstructions" : [ {
      "stringRepresentation" : "GOTO(-50)",
      "programCounter" : 62
    } ]
  }, {
    "fullSignature" : "boolean isWeakCipherSuite(java.lang.String)",
    "numberOfTotalInstructions" : 20,
    "numberOfDeadInstructions" : 1,
    "enclosingTypeName" : "org.apache.hc.client5.http.ssl.SSLConnectionSocketFactory",
    "deadInstructions" : [ {
      "stringRepresentation" : "GOTO(-32)",
      "programCounter" : 41
    } ]
  }, {
    "fullSignature" : "org.apache.hc.core5.http.HttpHost determineHost(org.apache.hc.core5.http.HttpRequest)",
    "numberOfTotalInstructions" : 54,
    "numberOfDeadInstructions" : 1,
    "enclosingTypeName" : "org.apache.hc.client5.http.routing.RoutingSupport",
    "deadInstructions" : [ {
      "stringRepresentation" : "GOTO(4)",
      "programCounter" : 100
    } ]
  }, {
    "fullSignature" : "org.apache.hc.client5.http.psl.PublicSuffixMatcher load(java.net.URL)",
    "numberOfTotalInstructions" : 50,
    "numberOfDeadInstructions" : 10,
    "enclosingTypeName" : "org.apache.hc.client5.http.psl.PublicSuffixMatcherLoader",
    "deadInstructions" : [ {
      "stringRepresentation" : "ALOAD_1",
      "programCounter" : 27
    }, {
      "stringRepresentation" : "INVOKEVIRTUAL(java.io.InputStream{ void close() })",
      "programCounter" : 28
    }, {
      "stringRepresentation" : "GOTO(18)",
      "programCounter" : 31
    }, {
      "stringRepresentation" : "ASTORE(4)",
      "programCounter" : 34
    }, {
      "stringRepresentation" : "ALOAD_2",
      "programCounter" : 36
    }, {
      "stringRepresentation" : "ALOAD(4)",
      "programCounter" : 37
    }, {
      "stringRepresentation" : "INVOKEVIRTUAL(java.lang.Throwable{ void addSuppressed(java.lang.Throwable) })",
      "programCounter" : 39
    }, {
      "stringRepresentation" : "GOTO(7)",
      "programCounter" : 42
    }, {
      "stringRepresentation" : "ALOAD_1",
      "programCounter" : 84
    }, {
      "stringRepresentation" : "INVOKEVIRTUAL(java.io.InputStream{ void close() })",
      "programCounter" : 85
    } ]
  }, {
    "fullSignature" : "org.apache.hc.client5.http.psl.PublicSuffixMatcher load(java.io.File)",
    "numberOfTotalInstructions" : 52,
    "numberOfDeadInstructions" : 10,
    "enclosingTypeName" : "org.apache.hc.client5.http.psl.PublicSuffixMatcherLoader",
    "deadInstructions" : [ {
      "stringRepresentation" : "ALOAD_1",
      "programCounter" : 31
    }, {
      "stringRepresentation" : "INVOKEVIRTUAL(java.io.InputStream{ void close() })",
      "programCounter" : 32
    }, {
      "stringRepresentation" : "GOTO(18)",
      "programCounter" : 35
    }, {
      "stringRepresentation" : "ASTORE(4)",
      "programCounter" : 38
    }, {
      "stringRepresentation" : "ALOAD_2",
      "programCounter" : 40
    }, {
      "stringRepresentation" : "ALOAD(4)",
      "programCounter" : 41
    }, {
      "stringRepresentation" : "INVOKEVIRTUAL(java.lang.Throwable{ void addSuppressed(java.lang.Throwable) })",
      "programCounter" : 43
    }, {
      "stringRepresentation" : "GOTO(7)",
      "programCounter" : 46
    }, {
      "stringRepresentation" : "ALOAD_1",
      "programCounter" : 88
    }, {
      "stringRepresentation" : "INVOKEVIRTUAL(java.io.InputStream{ void close() })",
      "programCounter" : 89
    } ]
  }, {
    "fullSignature" : "void <init>(java.util.Collection)",
    "numberOfTotalInstructions" : 73,
    "numberOfDeadInstructions" : 1,
    "enclosingTypeName" : "org.apache.hc.client5.http.psl.PublicSuffixMatcher",
    "deadInstructions" : [ {
      "stringRepresentation" : "GOTO(-138)",
      "programCounter" : 178
    } ]
  }, {
    "fullSignature" : "boolean match(org.apache.hc.client5.http.cookie.Cookie,org.apache.hc.client5.http.cookie.CookieOrigin)",
    "numberOfTotalInstructions" : 29,
    "numberOfDeadInstructions" : 1,
    "enclosingTypeName" : "org.apache.hc.client5.http.impl.cookie.CookieSpecBase",
    "deadInstructions" : [ {
      "stringRepresentation" : "GOTO(-34)",
      "programCounter" : 58
    } ]
  }, {
    "fullSignature" : "org.apache.hc.client5.http.config.ConnectionConfig getConnectionConfig()",
    "numberOfTotalInstructions" : 17,
    "numberOfDeadInstructions" : 6,
    "enclosingTypeName" : "org.apache.hc.client5.http.impl.io.BasicHttpClientConnectionManager",
    "deadInstructions" : [ {
      "stringRepresentation" : "ASTORE_2",
      "programCounter" : 21
    }, {
      "stringRepresentation" : "ALOAD_0",
      "programCounter" : 22
    }, {
      "stringRepresentation" : "get org.apache.hc.client5.http.impl.io.BasicHttpClientConnectionManager.lock : java.util.concurrent.locks.ReentrantLock",
      "programCounter" : 23
    }, {
      "stringRepresentation" : "INVOKEVIRTUAL(java.util.concurrent.locks.ReentrantLock{ void unlock() })",
      "programCounter" : 26
    }, {
      "stringRepresentation" : "ALOAD_2",
      "programCounter" : 29
    }, {
      "stringRepresentation" : "ATHROW",
      "programCounter" : 30
    } ]
  }, {
    "fullSignature" : "org.apache.hc.core5.http.io.SocketConfig getSocketConfig()",
    "numberOfTotalInstructions" : 17,
    "numberOfDeadInstructions" : 6,
    "enclosingTypeName" : "org.apache.hc.client5.http.impl.io.BasicHttpClientConnectionManager",
    "deadInstructions" : [ {
      "stringRepresentation" : "ASTORE_2",
      "programCounter" : 21
    }, {
      "stringRepresentation" : "ALOAD_0",
      "programCounter" : 22
    }, {
      "stringRepresentation" : "get org.apache.hc.client5.http.impl.io.BasicHttpClientConnectionManager.lock : java.util.concurrent.locks.ReentrantLock",
      "programCounter" : 23
    }, {
      "stringRepresentation" : "INVOKEVIRTUAL(java.util.concurrent.locks.ReentrantLock{ void unlock() })",
      "programCounter" : 26
    }, {
      "stringRepresentation" : "ALOAD_2",
      "programCounter" : 29
    }, {
      "stringRepresentation" : "ATHROW",
      "programCounter" : 30
    } ]
  }, {
    "fullSignature" : "org.apache.hc.client5.http.config.TlsConfig getTlsConfig()",
    "numberOfTotalInstructions" : 17,
    "numberOfDeadInstructions" : 6,
    "enclosingTypeName" : "org.apache.hc.client5.http.impl.io.BasicHttpClientConnectionManager",
    "deadInstructions" : [ {
      "stringRepresentation" : "ASTORE_2",
      "programCounter" : 21
    }, {
      "stringRepresentation" : "ALOAD_0",
      "programCounter" : 22
    }, {
      "stringRepresentation" : "get org.apache.hc.client5.http.impl.io.BasicHttpClientConnectionManager.lock : java.util.concurrent.locks.ReentrantLock",
      "programCounter" : 23
    }, {
      "stringRepresentation" : "INVOKEVIRTUAL(java.util.concurrent.locks.ReentrantLock{ void unlock() })",
      "programCounter" : 26
    }, {
      "stringRepresentation" : "ALOAD_2",
      "programCounter" : 29
    }, {
      "stringRepresentation" : "ATHROW",
      "programCounter" : 30
    } ]
  }, {
    "fullSignature" : "void setConnectionConfig(org.apache.hc.client5.http.config.ConnectionConfig)",
    "numberOfTotalInstructions" : 21,
    "numberOfDeadInstructions" : 6,
    "enclosingTypeName" : "org.apache.hc.client5.http.impl.io.BasicHttpClientConnectionManager",
    "deadInstructions" : [ {
      "stringRepresentation" : "ASTORE_2",
      "programCounter" : 32
    }, {
      "stringRepresentation" : "ALOAD_0",
      "programCounter" : 33
    }, {
      "stringRepresentation" : "get org.apache.hc.client5.http.impl.io.BasicHttpClientConnectionManager.lock : java.util.concurrent.locks.ReentrantLock",
      "programCounter" : 34
    }, {
      "stringRepresentation" : "INVOKEVIRTUAL(java.util.concurrent.locks.ReentrantLock{ void unlock() })",
      "programCounter" : 37
    }, {
      "stringRepresentation" : "ALOAD_2",
      "programCounter" : 40
    }, {
      "stringRepresentation" : "ATHROW",
      "programCounter" : 41
    } ]
  }, {
    "fullSignature" : "void setSocketConfig(org.apache.hc.core5.http.io.SocketConfig)",
    "numberOfTotalInstructions" : 21,
    "numberOfDeadInstructions" : 6,
    "enclosingTypeName" : "org.apache.hc.client5.http.impl.io.BasicHttpClientConnectionManager",
    "deadInstructions" : [ {
      "stringRepresentation" : "ASTORE_2",
      "programCounter" : 32
    }, {
      "stringRepresentation" : "ALOAD_0",
      "programCounter" : 33
    }, {
      "stringRepresentation" : "get org.apache.hc.client5.http.impl.io.BasicHttpClientConnectionManager.lock : java.util.concurrent.locks.ReentrantLock",
      "programCounter" : 34
    }, {
      "stringRepresentation" : "INVOKEVIRTUAL(java.util.concurrent.locks.ReentrantLock{ void unlock() })",
      "programCounter" : 37
    }, {
      "stringRepresentation" : "ALOAD_2",
      "programCounter" : 40
    }, {
      "stringRepresentation" : "ATHROW",
      "programCounter" : 41
    } ]
  }, {
    "fullSignature" : "void setTlsConfig(org.apache.hc.client5.http.config.TlsConfig)",
    "numberOfTotalInstructions" : 21,
    "numberOfDeadInstructions" : 6,
    "enclosingTypeName" : "org.apache.hc.client5.http.impl.io.BasicHttpClientConnectionManager",
    "deadInstructions" : [ {
      "stringRepresentation" : "ASTORE_2",
      "programCounter" : 32
    }, {
      "stringRepresentation" : "ALOAD_0",
      "programCounter" : 33
    }, {
      "stringRepresentation" : "get org.apache.hc.client5.http.impl.io.BasicHttpClientConnectionManager.lock : java.util.concurrent.locks.ReentrantLock",
      "programCounter" : 34
    }, {
      "stringRepresentation" : "INVOKEVIRTUAL(java.util.concurrent.locks.ReentrantLock{ void unlock() })",
      "programCounter" : 37
    }, {
      "stringRepresentation" : "ALOAD_2",
      "programCounter" : 40
    }, {
      "stringRepresentation" : "ATHROW",
      "programCounter" : 41
    } ]
  }, {
    "fullSignature" : "void lambda$blockWaiting$0(org.apache.hc.client5.http.impl.compat.SharedOutputBuffer)",
    "numberOfTotalInstructions" : 55,
    "numberOfDeadInstructions" : 10,
    "enclosingTypeName" : "org.apache.hc.client5.http.impl.compat.ClassicToAsyncRequestProducer",
    "deadInstructions" : [ {
      "stringRepresentation" : "ALOAD_3",
      "programCounter" : 43
    }, {
      "stringRepresentation" : "INVOKEVIRTUAL(org.apache.hc.client5.http.impl.compat.ClassicToAsyncRequestProducer$InternalOutputStream{ void close() })",
      "programCounter" : 44
    }, {
      "stringRepresentation" : "GOTO(68)",
      "programCounter" : 47
    }, {
      "stringRepresentation" : "ASTORE(5)",
      "programCounter" : 50
    }, {
      "stringRepresentation" : "ALOAD(4)",
      "programCounter" : 52
    }, {
      "stringRepresentation" : "ALOAD(5)",
      "programCounter" : 54
    }, {
      "stringRepresentation" : "INVOKEVIRTUAL(java.lang.Throwable{ void addSuppressed(java.lang.Throwable) })",
      "programCounter" : 56
    }, {
      "stringRepresentation" : "GOTO(56)",
      "programCounter" : 59
    }, {
      "stringRepresentation" : "ALOAD_3",
      "programCounter" : 108
    }, {
      "stringRepresentation" : "INVOKEVIRTUAL(org.apache.hc.client5.http.impl.compat.ClassicToAsyncRequestProducer$InternalOutputStream{ void close() })",
      "programCounter" : 109
    } ]
  }, {
    "fullSignature" : "void awaitInput(org.apache.hc.core5.util.Timeout)",
    "numberOfTotalInstructions" : 57,
    "numberOfDeadInstructions" : 1,
    "enclosingTypeName" : "org.apache.hc.client5.http.impl.compat.SharedInputBuffer",
    "deadInstructions" : [ {
      "stringRepresentation" : "GOTO(-92)",
      "programCounter" : 106
    } ]
  }, {
    "fullSignature" : "void waitForSignal(org.apache.hc.core5.util.Timeout)",
    "numberOfTotalInstructions" : 42,
    "numberOfDeadInstructions" : 1,
    "enclosingTypeName" : "org.apache.hc.client5.http.impl.compat.SharedOutputBuffer",
    "deadInstructions" : [ {
      "stringRepresentation" : "GOTO(22)",
      "programCounter" : 73
    } ]
  }, {
    "fullSignature" : "org.apache.hc.client5.http.cookie.CookieSpec create(org.apache.hc.core5.http.protocol.HttpContext)",
    "numberOfTotalInstructions" : 25,
    "numberOfDeadInstructions" : 6,
    "enclosingTypeName" : "org.apache.hc.client5.http.impl.cookie.IgnoreCookieSpecFactory",
    "deadInstructions" : [ {
      "stringRepresentation" : "ASTORE_2",
      "programCounter" : 38
    }, {
      "stringRepresentation" : "ALOAD_0",
      "programCounter" : 39
    }, {
      "stringRepresentation" : "get org.apache.hc.client5.http.impl.cookie.IgnoreCookieSpecFactory.lock : java.util.concurrent.locks.ReentrantLock",
      "programCounter" : 40
    }, {
      "stringRepresentation" : "INVOKEVIRTUAL(java.util.concurrent.locks.ReentrantLock{ void unlock() })",
      "programCounter" : 43
    }, {
      "stringRepresentation" : "ALOAD_2",
      "programCounter" : 46
    }, {
      "stringRepresentation" : "ATHROW",
      "programCounter" : 47
    } ]
  }, {
    "fullSignature" : "boolean match(org.apache.hc.client5.http.cookie.Cookie,org.apache.hc.client5.http.cookie.CookieOrigin)",
    "numberOfTotalInstructions" : 46,
    "numberOfDeadInstructions" : 1,
    "enclosingTypeName" : "org.apache.hc.client5.http.impl.cookie.PublicSuffixDomainFilter",
    "deadInstructions" : [ {
      "stringRepresentation" : "GOTO(24)",
      "programCounter" : 58
    } ]
  }, {
    "fullSignature" : "org.apache.hc.core5.concurrent.Cancellable execute(java.lang.String,org.apache.hc.core5.http.nio.AsyncClientExchangeHandler,org.apache.hc.client5.http.protocol.HttpClientContext)",
    "numberOfTotalInstructions" : 59,
    "numberOfDeadInstructions" : 1,
    "enclosingTypeName" : "org.apache.hc.client5.http.impl.async.InternalHttpAsyncExecRuntime",
    "deadInstructions" : [ {
      "stringRepresentation" : "GOTO(22)",
      "programCounter" : 97
    } ]
  }, {
    "fullSignature" : "void failed(java.lang.Exception)",
    "numberOfTotalInstructions" : 64,
    "numberOfDeadInstructions" : 1,
    "enclosingTypeName" : "org.apache.hc.client5.http.impl.async.InternalAbstractHttpAsyncClient$2",
    "deadInstructions" : [ {
      "stringRepresentation" : "GOTO(59)",
      "programCounter" : 99
    } ]
  }, {
    "fullSignature" : "org.apache.hc.client5.http.impl.auth.AuthChallengeParser$ChallengeInt parseChallenge(java.lang.CharSequence,org.apache.hc.core5.http.message.ParserCursor,org.apache.hc.client5.http.impl.auth.AuthChallengeParser$ChallengeInt)",
    "numberOfTotalInstructions" : 128,
    "numberOfDeadInstructions" : 1,
    "enclosingTypeName" : "org.apache.hc.client5.http.impl.auth.AuthChallengeParser",
    "deadInstructions" : [ {
      "stringRepresentation" : "GOTO(-267)",
      "programCounter" : 267
    } ]
  }, {
    "fullSignature" : "java.util.Map extractChallengeMap(org.apache.hc.client5.http.auth.ChallengeType,org.apache.hc.core5.http.HttpResponse,org.apache.hc.client5.http.protocol.HttpClientContext)",
    "numberOfTotalInstructions" : 111,
    "numberOfDeadInstructions" : 1,
    "enclosingTypeName" : "org.apache.hc.client5.http.impl.auth.AuthenticationHandler",
    "deadInstructions" : [ {
      "stringRepresentation" : "GOTO(-250)",
      "programCounter" : 281
    } ]
  }, {
    "fullSignature" : "void lambda$new$0(org.apache.hc.core5.util.TimeValue,org.apache.hc.client5.http.impl.async.InternalH2ConnPool)",
    "numberOfTotalInstructions" : 16,
    "numberOfDeadInstructions" : 1,
    "enclosingTypeName" : "org.apache.hc.client5.http.impl.async.H2AsyncClientBuilder$IdleConnectionEvictor",
    "deadInstructions" : [ {
      "stringRepresentation" : "GOTO(14)",
      "programCounter" : 21
    } ]
  }, {
    "fullSignature" : "boolean isRedirectAllowed(org.apache.hc.core5.http.HttpHost,org.apache.hc.core5.http.HttpHost,org.apache.hc.core5.http.HttpRequest,org.apache.hc.core5.http.protocol.HttpContext)",
    "numberOfTotalInstructions" : 32,
    "numberOfDeadInstructions" : 1,
    "enclosingTypeName" : "org.apache.hc.client5.http.impl.DefaultRedirectStrategy",
    "deadInstructions" : [ {
      "stringRepresentation" : "GOTO(-64)",
      "programCounter" : 80
    } ]
  }, {
    "fullSignature" : "boolean retryRequest(org.apache.hc.core5.http.HttpRequest,java.io.IOException,int,org.apache.hc.core5.http.protocol.HttpContext)",
    "numberOfTotalInstructions" : 53,
    "numberOfDeadInstructions" : 1,
    "enclosingTypeName" : "org.apache.hc.client5.http.impl.DefaultHttpRequestRetryStrategy",
    "deadInstructions" : [ {
      "stringRepresentation" : "GOTO(-33)",
      "programCounter" : 86
    } ]
  }, {
    "fullSignature" : "void lambda$new$0(org.apache.hc.core5.util.TimeValue,org.apache.hc.core5.pool.ConnPoolControl,org.apache.hc.core5.util.TimeValue)",
    "numberOfTotalInstructions" : 20,
    "numberOfDeadInstructions" : 1,
    "enclosingTypeName" : "org.apache.hc.client5.http.impl.IdleConnectionEvictor",
    "deadInstructions" : [ {
      "stringRepresentation" : "GOTO(14)",
      "programCounter" : 33
    } ]
  }, {
    "fullSignature" : "void writeTo(java.io.OutputStream)",
    "numberOfTotalInstructions" : 63,
    "numberOfDeadInstructions" : 10,
    "enclosingTypeName" : "org.apache.hc.client5.http.entity.DecompressingEntity",
    "deadInstructions" : [ {
      "stringRepresentation" : "ALOAD_2",
      "programCounter" : 54
    }, {
      "stringRepresentation" : "INVOKEVIRTUAL(java.io.InputStream{ void close() })",
      "programCounter" : 55
    }, {
      "stringRepresentation" : "GOTO(64)",
      "programCounter" : 58
    }, {
      "stringRepresentation" : "ASTORE(4)",
      "programCounter" : 61
    }, {
      "stringRepresentation" : "ALOAD_3",
      "programCounter" : 63
    }, {
      "stringRepresentation" : "ALOAD(4)",
      "programCounter" : 64
    }, {
      "stringRepresentation" : "INVOKEVIRTUAL(java.lang.Throwable{ void addSuppressed(java.lang.Throwable) })",
      "programCounter" : 66
    }, {
      "stringRepresentation" : "GOTO(53)",
      "programCounter" : 69
    }, {
      "stringRepresentation" : "ALOAD_2",
      "programCounter" : 115
    }, {
      "stringRepresentation" : "INVOKEVIRTUAL(java.io.InputStream{ void close() })",
      "programCounter" : 116
    } ]
  }, {
    "fullSignature" : "void writeTo(java.io.OutputStream)",
    "numberOfTotalInstructions" : 68,
    "numberOfDeadInstructions" : 10,
    "enclosingTypeName" : "org.apache.hc.client5.http.entity.mime.FileBody",
    "deadInstructions" : [ {
      "stringRepresentation" : "ALOAD_2",
      "programCounter" : 65
    }, {
      "stringRepresentation" : "INVOKEVIRTUAL(java.io.InputStream{ void close() })",
      "programCounter" : 66
    }, {
      "stringRepresentation" : "GOTO(64)",
      "programCounter" : 69
    }, {
      "stringRepresentation" : "ASTORE(4)",
      "programCounter" : 72
    }, {
      "stringRepresentation" : "ALOAD_3",
      "programCounter" : 74
    }, {
      "stringRepresentation" : "ALOAD(4)",
      "programCounter" : 75
    }, {
      "stringRepresentation" : "INVOKEVIRTUAL(java.lang.Throwable{ void addSuppressed(java.lang.Throwable) })",
      "programCounter" : 77
    }, {
      "stringRepresentation" : "GOTO(53)",
      "programCounter" : 80
    }, {
      "stringRepresentation" : "ALOAD_2",
      "programCounter" : 126
    }, {
      "stringRepresentation" : "INVOKEVIRTUAL(java.io.InputStream{ void close() })",
      "programCounter" : 127
    } ]
  }, {
    "fullSignature" : "boolean cancel()",
    "numberOfTotalInstructions" : 27,
    "numberOfDeadInstructions" : 1,
    "enclosingTypeName" : "org.apache.hc.client5.http.classic.methods.HttpUriRequestBase",
    "deadInstructions" : [ {
      "stringRepresentation" : "GOTO(-48)",
      "programCounter" : 48
    } ]
  } ]
}