{
  "filesAnalyzed" : [ "benchmark/jars/pdfbox-3.0.5.jar" ],
  "domainUsed" : "org.opalj.ai.domain.l1.DefaultReferenceValuesDomainWithCFGAndDefUse",
  "timeFinished" : "2025-07-01T10:03:05.3333645",
  "totalRuntimeMs" : 1539,
  "methodsFound" : [ {
    "fullSignature" : "boolean equals(java.lang.Object)",
    "numberOfTotalInstructions" : 99,
    "numberOfDeadInstructions" : 1,
    "enclosingTypeName" : "org.apache.pdfbox.rendering.TilingPaintFactory$TilingPaintParameter",
    "deadInstructions" : [ {
      "stringRepresentation" : "GOTO(17)",
      "programCounter" : 171
    } ]
  }, {
    "fullSignature" : "void <clinit>()",
    "numberOfTotalInstructions" : 62,
    "numberOfDeadInstructions" : 11,
    "enclosingTypeName" : "org.apache.pdfbox.text.LegacyPDFStreamEngine",
    "deadInstructions" : [ {
      "stringRepresentation" : "ALOAD_1",
      "programCounter" : 42
    }, {
      "stringRepresentation" : "INVOKEVIRTUAL(java.io.InputStream{ void close() })",
      "programCounter" : 43
    }, {
      "stringRepresentation" : "GOTO(72)",
      "programCounter" : 46
    }, {
      "stringRepresentation" : "ASTORE_3",
      "programCounter" : 49
    }, {
      "stringRepresentation" : "ALOAD_2",
      "programCounter" : 50
    }, {
      "stringRepresentation" : "ALOAD_3",
      "programCounter" : 51
    }, {
      "stringRepresentation" : "INVOKEVIRTUAL(java.lang.Throwable{ void addSuppressed(java.lang.Throwable) })",
      "programCounter" : 52
    }, {
      "stringRepresentation" : "GOTO(63)",
      "programCounter" : 55
    }, {
      "stringRepresentation" : "ALOAD_1",
      "programCounter" : 98
    }, {
      "stringRepresentation" : "INVOKEVIRTUAL(java.io.InputStream{ void close() })",
      "programCounter" : 99
    }, {
      "stringRepresentation" : "GOTO(13)",
      "programCounter" : 105
    } ]
  }, {
    "fullSignature" : "void processTextPosition(org.apache.pdfbox.text.TextPosition)",
    "numberOfTotalInstructions" : 151,
    "numberOfDeadInstructions" : 1,
    "enclosingTypeName" : "org.apache.pdfbox.text.PDFMarkedContentExtractor",
    "deadInstructions" : [ {
      "stringRepresentation" : "GOTO(-80)",
      "programCounter" : 155
    } ]
  }, {
    "fullSignature" : "byte[] getBytesFromPacket(org.apache.pdfbox.cos.COSArray)",
    "numberOfTotalInstructions" : 68,
    "numberOfDeadInstructions" : 10,
    "enclosingTypeName" : "org.apache.pdfbox.pdmodel.interactive.form.PDXFAResource",
    "deadInstructions" : [ {
      "stringRepresentation" : "ALOAD_1",
      "programCounter" : 69
    }, {
      "stringRepresentation" : "INVOKEVIRTUAL(java.io.ByteArrayOutputStream{ void close() })",
      "programCounter" : 70
    }, {
      "stringRepresentation" : "GOTO(18)",
      "programCounter" : 73
    }, {
      "stringRepresentation" : "ASTORE(4)",
      "programCounter" : 76
    }, {
      "stringRepresentation" : "ALOAD_2",
      "programCounter" : 78
    }, {
      "stringRepresentation" : "ALOAD(4)",
      "programCounter" : 79
    }, {
      "stringRepresentation" : "INVOKEVIRTUAL(java.lang.Throwable{ void addSuppressed(java.lang.Throwable) })",
      "programCounter" : 81
    }, {
      "stringRepresentation" : "GOTO(7)",
      "programCounter" : 84
    }, {
      "stringRepresentation" : "ALOAD_1",
      "programCounter" : 126
    }, {
      "stringRepresentation" : "INVOKEVIRTUAL(java.io.ByteArrayOutputStream{ void close() })",
      "programCounter" : 127
    } ]
  }, {
    "fullSignature" : "byte[] getBytesFromStream(org.apache.pdfbox.cos.COSStream)",
    "numberOfTotalInstructions" : 46,
    "numberOfDeadInstructions" : 10,
    "enclosingTypeName" : "org.apache.pdfbox.pdmodel.interactive.form.PDXFAResource",
    "deadInstructions" : [ {
      "stringRepresentation" : "ALOAD_1",
      "programCounter" : 20
    }, {
      "stringRepresentation" : "INVOKEVIRTUAL(java.io.InputStream{ void close() })",
      "programCounter" : 21
    }, {
      "stringRepresentation" : "GOTO(18)",
      "programCounter" : 24
    }, {
      "stringRepresentation" : "ASTORE(4)",
      "programCounter" : 27
    }, {
      "stringRepresentation" : "ALOAD_2",
      "programCounter" : 29
    }, {
      "stringRepresentation" : "ALOAD(4)",
      "programCounter" : 30
    }, {
      "stringRepresentation" : "INVOKEVIRTUAL(java.lang.Throwable{ void addSuppressed(java.lang.Throwable) })",
      "programCounter" : 32
    }, {
      "stringRepresentation" : "GOTO(7)",
      "programCounter" : 35
    }, {
      "stringRepresentation" : "ALOAD_1",
      "programCounter" : 77
    }, {
      "stringRepresentation" : "INVOKEVIRTUAL(java.io.InputStream{ void close() })",
      "programCounter" : 78
    } ]
  }, {
    "fullSignature" : "void putAll(java.util.Map)",
    "numberOfTotalInstructions" : 144,
    "numberOfDeadInstructions" : 1,
    "enclosingTypeName" : "org.apache.pdfbox.util.SmallMap",
    "deadInstructions" : [ {
      "stringRepresentation" : "GOTO(199)",
      "programCounter" : 129
    } ]
  }, {
    "fullSignature" : "void removeBackdrop(java.awt.image.BufferedImage,int,int)",
    "numberOfTotalInstructions" : 330,
    "numberOfDeadInstructions" : 1,
    "enclosingTypeName" : "org.apache.pdfbox.rendering.GroupGraphics",
    "deadInstructions" : [ {
      "stringRepresentation" : "GOTO(241)",
      "programCounter" : 415
    } ]
  }, {
    "fullSignature" : "boolean hasBlendMode(org.apache.pdfbox.pdmodel.PDPage)",
    "numberOfTotalInstructions" : 35,
    "numberOfDeadInstructions" : 1,
    "enclosingTypeName" : "org.apache.pdfbox.rendering.PDFRenderer",
    "deadInstructions" : [ {
      "stringRepresentation" : "GOTO(-50)",
      "programCounter" : 71
    } ]
  }, {
    "fullSignature" : "java.lang.String getOnValue()",
    "numberOfTotalInstructions" : 40,
    "numberOfDeadInstructions" : 1,
    "enclosingTypeName" : "org.apache.pdfbox.pdmodel.interactive.form.PDCheckBox",
    "deadInstructions" : [ {
      "stringRepresentation" : "GOTO(-39)",
      "programCounter" : 91
    } ]
  }, {
    "fullSignature" : "void calculatePageSizeFromFile(java.lang.String,int)",
    "numberOfTotalInstructions" : 50,
    "numberOfDeadInstructions" : 10,
    "enclosingTypeName" : "org.apache.pdfbox.pdmodel.interactive.digitalsignature.visible.PDVisibleSignDesigner",
    "deadInstructions" : [ {
      "stringRepresentation" : "ALOAD_3",
      "programCounter" : 30
    }, {
      "stringRepresentation" : "INVOKEVIRTUAL(org.apache.pdfbox.pdmodel.PDDocument{ void close() })",
      "programCounter" : 31
    }, {
      "stringRepresentation" : "GOTO(68)",
      "programCounter" : 34
    }, {
      "stringRepresentation" : "ASTORE(5)",
      "programCounter" : 37
    }, {
      "stringRepresentation" : "ALOAD(4)",
      "programCounter" : 39
    }, {
      "stringRepresentation" : "ALOAD(5)",
      "programCounter" : 41
    }, {
      "stringRepresentation" : "INVOKEVIRTUAL(java.lang.Throwable{ void addSuppressed(java.lang.Throwable) })",
      "programCounter" : 43
    }, {
      "stringRepresentation" : "GOTO(56)",
      "programCounter" : 46
    }, {
      "stringRepresentation" : "ALOAD_3",
      "programCounter" : 95
    }, {
      "stringRepresentation" : "INVOKEVIRTUAL(org.apache.pdfbox.pdmodel.PDDocument{ void close() })",
      "programCounter" : 96
    } ]
  }, {
    "fullSignature" : "void calculatePageSizeFromRandomAccessRead(org.apache.pdfbox.io.RandomAccessRead,int)",
    "numberOfTotalInstructions" : 47,
    "numberOfDeadInstructions" : 10,
    "enclosingTypeName" : "org.apache.pdfbox.pdmodel.interactive.digitalsignature.visible.PDVisibleSignDesigner",
    "deadInstructions" : [ {
      "stringRepresentation" : "ALOAD_3",
      "programCounter" : 23
    }, {
      "stringRepresentation" : "INVOKEVIRTUAL(org.apache.pdfbox.pdmodel.PDDocument{ void close() })",
      "programCounter" : 24
    }, {
      "stringRepresentation" : "GOTO(68)",
      "programCounter" : 27
    }, {
      "stringRepresentation" : "ASTORE(5)",
      "programCounter" : 30
    }, {
      "stringRepresentation" : "ALOAD(4)",
      "programCounter" : 32
    }, {
      "stringRepresentation" : "ALOAD(5)",
      "programCounter" : 34
    }, {
      "stringRepresentation" : "INVOKEVIRTUAL(java.lang.Throwable{ void addSuppressed(java.lang.Throwable) })",
      "programCounter" : 36
    }, {
      "stringRepresentation" : "GOTO(56)",
      "programCounter" : 39
    }, {
      "stringRepresentation" : "ALOAD_3",
      "programCounter" : 88
    }, {
      "stringRepresentation" : "INVOKEVIRTUAL(org.apache.pdfbox.pdmodel.PDDocument{ void close() })",
      "programCounter" : 89
    } ]
  }, {
    "fullSignature" : "org.apache.pdfbox.pdmodel.interactive.digitalsignature.visible.PDVisibleSignDesigner signatureImage(java.lang.String)",
    "numberOfTotalInstructions" : 52,
    "numberOfDeadInstructions" : 10,
    "enclosingTypeName" : "org.apache.pdfbox.pdmodel.interactive.digitalsignature.visible.PDVisibleSignDesigner",
    "deadInstructions" : [ {
      "stringRepresentation" : "ALOAD_2",
      "programCounter" : 31
    }, {
      "stringRepresentation" : "INVOKEVIRTUAL(java.io.InputStream{ void close() })",
      "programCounter" : 32
    }, {
      "stringRepresentation" : "GOTO(64)",
      "programCounter" : 35
    }, {
      "stringRepresentation" : "ASTORE(4)",
      "programCounter" : 38
    }, {
      "stringRepresentation" : "ALOAD_3",
      "programCounter" : 40
    }, {
      "stringRepresentation" : "ALOAD(4)",
      "programCounter" : 41
    }, {
      "stringRepresentation" : "INVOKEVIRTUAL(java.lang.Throwable{ void addSuppressed(java.lang.Throwable) })",
      "programCounter" : 43
    }, {
      "stringRepresentation" : "GOTO(53)",
      "programCounter" : 46
    }, {
      "stringRepresentation" : "ALOAD_2",
      "programCounter" : 92
    }, {
      "stringRepresentation" : "INVOKEVIRTUAL(java.io.InputStream{ void close() })",
      "programCounter" : 93
    } ]
  }, {
    "fullSignature" : "void processLines(java.util.List,boolean)",
    "numberOfTotalInstructions" : 152,
    "numberOfDeadInstructions" : 1,
    "enclosingTypeName" : "org.apache.pdfbox.pdmodel.interactive.form.PlainTextFormatter",
    "deadInstructions" : [ {
      "stringRepresentation" : "GOTO(-328)",
      "programCounter" : 345
    } ]
  }, {
    "fullSignature" : "java.lang.String getOnValueForWidget(org.apache.pdfbox.pdmodel.interactive.annotation.PDAnnotationWidget)",
    "numberOfTotalInstructions" : 34,
    "numberOfDeadInstructions" : 1,
    "enclosingTypeName" : "org.apache.pdfbox.pdmodel.interactive.form.PDButton",
    "deadInstructions" : [ {
      "stringRepresentation" : "GOTO(-39)",
      "programCounter" : 77
    } ]
  }, {
    "fullSignature" : "java.lang.String getValue()",
    "numberOfTotalInstructions" : 40,
    "numberOfDeadInstructions" : 1,
    "enclosingTypeName" : "org.apache.pdfbox.pdmodel.interactive.form.PDButton",
    "deadInstructions" : [ {
      "stringRepresentation" : "GOTO(7)",
      "programCounter" : 73
    } ]
  }, {
    "fullSignature" : "void importFDF(org.apache.pdfbox.pdmodel.fdf.FDFField)",
    "numberOfTotalInstructions" : 119,
    "numberOfDeadInstructions" : 1,
    "enclosingTypeName" : "org.apache.pdfbox.pdmodel.interactive.form.PDField",
    "deadInstructions" : [ {
      "stringRepresentation" : "GOTO(18)",
      "programCounter" : 142
    } ]
  }, {
    "fullSignature" : "java.util.regex.Pattern matchPattern(java.lang.String,java.util.List)",
    "numberOfTotalInstructions" : 20,
    "numberOfDeadInstructions" : 1,
    "enclosingTypeName" : "org.apache.pdfbox.text.PDFTextStripper",
    "deadInstructions" : [ {
      "stringRepresentation" : "GOTO(-32)",
      "programCounter" : 39
    } ]
  }, {
    "fullSignature" : "void processTextPosition(org.apache.pdfbox.text.TextPosition)",
    "numberOfTotalInstructions" : 304,
    "numberOfDeadInstructions" : 2,
    "enclosingTypeName" : "org.apache.pdfbox.text.PDFTextStripper",
    "deadInstructions" : [ {
      "stringRepresentation" : "GOTO(-61)",
      "programCounter" : 207
    }, {
      "stringRepresentation" : "GOTO(5)",
      "programCounter" : 444
    } ]
  }, {
    "fullSignature" : "void processLines(java.util.List,boolean)",
    "numberOfTotalInstructions" : 152,
    "numberOfDeadInstructions" : 1,
    "enclosingTypeName" : "org.apache.pdfbox.pdmodel.interactive.annotation.layout.PlainTextFormatter",
    "deadInstructions" : [ {
      "stringRepresentation" : "GOTO(-328)",
      "programCounter" : 345
    } ]
  }, {
    "fullSignature" : "boolean hasBlendMode(org.apache.pdfbox.pdmodel.graphics.form.PDTransparencyGroup,java.util.Set)",
    "numberOfTotalInstructions" : 124,
    "numberOfDeadInstructions" : 2,
    "enclosingTypeName" : "org.apache.pdfbox.rendering.PageDrawer",
    "deadInstructions" : [ {
      "stringRepresentation" : "GOTO(-74)",
      "programCounter" : 169
    }, {
      "stringRepresentation" : "GOTO(-80)",
      "programCounter" : 264
    } ]
  }, {
    "fullSignature" : "boolean hasTransparency(org.apache.pdfbox.pdmodel.graphics.form.PDFormXObject)",
    "numberOfTotalInstructions" : 44,
    "numberOfDeadInstructions" : 1,
    "enclosingTypeName" : "org.apache.pdfbox.rendering.PageDrawer",
    "deadInstructions" : [ {
      "stringRepresentation" : "GOTO(-60)",
      "programCounter" : 87
    } ]
  }, {
    "fullSignature" : "boolean isHiddenAndVisibilityExpression(org.apache.pdfbox.cos.COSArray)",
    "numberOfTotalInstructions" : 42,
    "numberOfDeadInstructions" : 1,
    "enclosingTypeName" : "org.apache.pdfbox.rendering.PageDrawer",
    "deadInstructions" : [ {
      "stringRepresentation" : "GOTO(34)",
      "programCounter" : 40
    } ]
  }, {
    "fullSignature" : "boolean isHiddenOCG(org.apache.pdfbox.pdmodel.documentinterchange.markedcontent.PDPropertyList)",
    "numberOfTotalInstructions" : 36,
    "numberOfDeadInstructions" : 1,
    "enclosingTypeName" : "org.apache.pdfbox.rendering.PageDrawer",
    "deadInstructions" : [ {
      "stringRepresentation" : "GOTO(19)",
      "programCounter" : 47
    } ]
  }, {
    "fullSignature" : "boolean isHiddenOrVisibilityExpression(org.apache.pdfbox.cos.COSArray)",
    "numberOfTotalInstructions" : 42,
    "numberOfDeadInstructions" : 1,
    "enclosingTypeName" : "org.apache.pdfbox.rendering.PageDrawer",
    "deadInstructions" : [ {
      "stringRepresentation" : "GOTO(34)",
      "programCounter" : 40
    } ]
  }, {
    "fullSignature" : "java.util.Map buildPagesWidgetsMap(java.util.List,org.apache.pdfbox.pdmodel.PDPageTree)",
    "numberOfTotalInstructions" : 101,
    "numberOfDeadInstructions" : 2,
    "enclosingTypeName" : "org.apache.pdfbox.pdmodel.interactive.form.PDAcroForm",
    "deadInstructions" : [ {
      "stringRepresentation" : "GOTO(-118)",
      "programCounter" : 137
    }, {
      "stringRepresentation" : "GOTO(-86)",
      "programCounter" : 256
    } ]
  }, {
    "fullSignature" : "java.util.Set createWidgetDictionarySet(java.util.List)",
    "numberOfTotalInstructions" : 36,
    "numberOfDeadInstructions" : 1,
    "enclosingTypeName" : "org.apache.pdfbox.pdmodel.interactive.form.PDAcroForm",
    "deadInstructions" : [ {
      "stringRepresentation" : "GOTO(-73)",
      "programCounter" : 88
    } ]
  }, {
    "fullSignature" : "void flatten(java.util.List,boolean)",
    "numberOfTotalInstructions" : 186,
    "numberOfDeadInstructions" : 11,
    "enclosingTypeName" : "org.apache.pdfbox.pdmodel.interactive.form.PDAcroForm",
    "deadInstructions" : [ {
      "stringRepresentation" : "ALOAD(12)",
      "programCounter" : 317
    }, {
      "stringRepresentation" : "INVOKEVIRTUAL(org.apache.pdfbox.pdmodel.PDPageContentStream{ void close() })",
      "programCounter" : 319
    }, {
      "stringRepresentation" : "GOTO(-169)",
      "programCounter" : 322
    }, {
      "stringRepresentation" : "ASTORE(14)",
      "programCounter" : 325
    }, {
      "stringRepresentation" : "ALOAD(13)",
      "programCounter" : 327
    }, {
      "stringRepresentation" : "ALOAD(14)",
      "programCounter" : 329
    }, {
      "stringRepresentation" : "INVOKEVIRTUAL(java.lang.Throwable{ void addSuppressed(java.lang.Throwable) })",
      "programCounter" : 331
    }, {
      "stringRepresentation" : "GOTO(-181)",
      "programCounter" : 334
    }, {
      "stringRepresentation" : "ALOAD(12)",
      "programCounter" : 386
    }, {
      "stringRepresentation" : "INVOKEVIRTUAL(org.apache.pdfbox.pdmodel.PDPageContentStream{ void close() })",
      "programCounter" : 388
    }, {
      "stringRepresentation" : "GOTO(-241)",
      "programCounter" : 394
    } ]
  }, {
    "fullSignature" : "java.util.List getCalcOrder()",
    "numberOfTotalInstructions" : 57,
    "numberOfDeadInstructions" : 1,
    "enclosingTypeName" : "org.apache.pdfbox.pdmodel.interactive.form.PDAcroForm",
    "deadInstructions" : [ {
      "stringRepresentation" : "GOTO(-44)",
      "programCounter" : 123
    } ]
  }, {
    "fullSignature" : "org.apache.pdfbox.pdmodel.interactive.form.PDField getField(java.lang.String)",
    "numberOfTotalInstructions" : 30,
    "numberOfDeadInstructions" : 1,
    "enclosingTypeName" : "org.apache.pdfbox.pdmodel.interactive.form.PDAcroForm",
    "deadInstructions" : [ {
      "stringRepresentation" : "GOTO(-32)",
      "programCounter" : 61
    } ]
  }, {
    "fullSignature" : "void setCacheFields(boolean)",
    "numberOfTotalInstructions" : 31,
    "numberOfDeadInstructions" : 1,
    "enclosingTypeName" : "org.apache.pdfbox.pdmodel.interactive.form.PDAcroForm",
    "deadInstructions" : [ {
      "stringRepresentation" : "GOTO(8)",
      "programCounter" : 60
    } ]
  }, {
    "fullSignature" : "void setDigestMethod(java.util.List)",
    "numberOfTotalInstructions" : 36,
    "numberOfDeadInstructions" : 1,
    "enclosingTypeName" : "org.apache.pdfbox.pdmodel.interactive.digitalsignature.PDSeedValue",
    "deadInstructions" : [ {
      "stringRepresentation" : "GOTO(-63)",
      "programCounter" : 70
    } ]
  }, {
    "fullSignature" : "byte[] getSignedContent(byte[])",
    "numberOfTotalInstructions" : 50,
    "numberOfDeadInstructions" : 10,
    "enclosingTypeName" : "org.apache.pdfbox.pdmodel.interactive.digitalsignature.PDSignature",
    "deadInstructions" : [ {
      "stringRepresentation" : "ALOAD_2",
      "programCounter" : 29
    }, {
      "stringRepresentation" : "INVOKEVIRTUAL(org.apache.pdfbox.pdmodel.interactive.digitalsignature.COSFilterInputStream{ void close() })",
      "programCounter" : 30
    }, {
      "stringRepresentation" : "GOTO(18)",
      "programCounter" : 33
    }, {
      "stringRepresentation" : "ASTORE(5)",
      "programCounter" : 36
    }, {
      "stringRepresentation" : "ALOAD_3",
      "programCounter" : 38
    }, {
      "stringRepresentation" : "ALOAD(5)",
      "programCounter" : 39
    }, {
      "stringRepresentation" : "INVOKEVIRTUAL(java.lang.Throwable{ void addSuppressed(java.lang.Throwable) })",
      "programCounter" : 41
    }, {
      "stringRepresentation" : "GOTO(7)",
      "programCounter" : 44
    }, {
      "stringRepresentation" : "ALOAD_2",
      "programCounter" : 90
    }, {
      "stringRepresentation" : "INVOKEVIRTUAL(org.apache.pdfbox.pdmodel.interactive.digitalsignature.COSFilterInputStream{ void close() })",
      "programCounter" : 91
    } ]
  }, {
    "fullSignature" : "byte[] getSignedContent(java.io.InputStream)",
    "numberOfTotalInstructions" : 50,
    "numberOfDeadInstructions" : 10,
    "enclosingTypeName" : "org.apache.pdfbox.pdmodel.interactive.digitalsignature.PDSignature",
    "deadInstructions" : [ {
      "stringRepresentation" : "ALOAD_2",
      "programCounter" : 29
    }, {
      "stringRepresentation" : "INVOKEVIRTUAL(org.apache.pdfbox.pdmodel.interactive.digitalsignature.COSFilterInputStream{ void close() })",
      "programCounter" : 30
    }, {
      "stringRepresentation" : "GOTO(18)",
      "programCounter" : 33
    }, {
      "stringRepresentation" : "ASTORE(5)",
      "programCounter" : 36
    }, {
      "stringRepresentation" : "ALOAD_3",
      "programCounter" : 38
    }, {
      "stringRepresentation" : "ALOAD(5)",
      "programCounter" : 39
    }, {
      "stringRepresentation" : "INVOKEVIRTUAL(java.lang.Throwable{ void addSuppressed(java.lang.Throwable) })",
      "programCounter" : 41
    }, {
      "stringRepresentation" : "GOTO(7)",
      "programCounter" : 44
    }, {
      "stringRepresentation" : "ALOAD_2",
      "programCounter" : 90
    }, {
      "stringRepresentation" : "INVOKEVIRTUAL(org.apache.pdfbox.pdmodel.interactive.digitalsignature.COSFilterInputStream{ void close() })",
      "programCounter" : 91
    } ]
  }, {
    "fullSignature" : "java.io.InputStream buildPDF(org.apache.pdfbox.pdmodel.interactive.digitalsignature.visible.PDVisibleSignDesigner)",
    "numberOfTotalInstructions" : 250,
    "numberOfDeadInstructions" : 10,
    "enclosingTypeName" : "org.apache.pdfbox.pdmodel.interactive.digitalsignature.visible.PDFTemplateCreator",
    "deadInstructions" : [ {
      "stringRepresentation" : "ALOAD(4)",
      "programCounter" : 522
    }, {
      "stringRepresentation" : "INVOKEVIRTUAL(org.apache.pdfbox.pdmodel.PDDocument{ void close() })",
      "programCounter" : 524
    }, {
      "stringRepresentation" : "GOTO(20)",
      "programCounter" : 527
    }, {
      "stringRepresentation" : "ASTORE(21)",
      "programCounter" : 530
    }, {
      "stringRepresentation" : "ALOAD(5)",
      "programCounter" : 532
    }, {
      "stringRepresentation" : "ALOAD(21)",
      "programCounter" : 534
    }, {
      "stringRepresentation" : "INVOKEVIRTUAL(java.lang.Throwable{ void addSuppressed(java.lang.Throwable) })",
      "programCounter" : 536
    }, {
      "stringRepresentation" : "GOTO(8)",
      "programCounter" : 539
    }, {
      "stringRepresentation" : "ALOAD(4)",
      "programCounter" : 591
    }, {
      "stringRepresentation" : "INVOKEVIRTUAL(org.apache.pdfbox.pdmodel.PDDocument{ void close() })",
      "programCounter" : 593
    } ]
  }, {
    "fullSignature" : "java.io.InputStream getVisualSignatureAsStream(org.apache.pdfbox.cos.COSDocument)",
    "numberOfTotalInstructions" : 58,
    "numberOfDeadInstructions" : 10,
    "enclosingTypeName" : "org.apache.pdfbox.pdmodel.interactive.digitalsignature.visible.PDFTemplateCreator",
    "deadInstructions" : [ {
      "stringRepresentation" : "ALOAD_2",
      "programCounter" : 47
    }, {
      "stringRepresentation" : "INVOKEVIRTUAL(java.io.ByteArrayOutputStream{ void close() })",
      "programCounter" : 48
    }, {
      "stringRepresentation" : "GOTO(18)",
      "programCounter" : 51
    }, {
      "stringRepresentation" : "ASTORE(6)",
      "programCounter" : 54
    }, {
      "stringRepresentation" : "ALOAD_3",
      "programCounter" : 56
    }, {
      "stringRepresentation" : "ALOAD(6)",
      "programCounter" : 57
    }, {
      "stringRepresentation" : "INVOKEVIRTUAL(java.lang.Throwable{ void addSuppressed(java.lang.Throwable) })",
      "programCounter" : 59
    }, {
      "stringRepresentation" : "GOTO(7)",
      "programCounter" : 62
    }, {
      "stringRepresentation" : "ALOAD_2",
      "programCounter" : 108
    }, {
      "stringRepresentation" : "INVOKEVIRTUAL(java.io.ByteArrayOutputStream{ void close() })",
      "programCounter" : 109
    } ]
  }, {
    "fullSignature" : "void validateAndEnsureAcroFormResources()",
    "numberOfTotalInstructions" : 88,
    "numberOfDeadInstructions" : 1,
    "enclosingTypeName" : "org.apache.pdfbox.pdmodel.interactive.form.AppearanceGeneratorHelper",
    "deadInstructions" : [ {
      "stringRepresentation" : "GOTO(-183)",
      "programCounter" : 212
    } ]
  }, {
    "fullSignature" : "void writeToStream(byte[],org.apache.pdfbox.pdmodel.interactive.annotation.PDAppearanceStream)",
    "numberOfTotalInstructions" : 47,
    "numberOfDeadInstructions" : 10,
    "enclosingTypeName" : "org.apache.pdfbox.pdmodel.interactive.form.AppearanceGeneratorHelper",
    "deadInstructions" : [ {
      "stringRepresentation" : "ALOAD_3",
      "programCounter" : 25
    }, {
      "stringRepresentation" : "INVOKEVIRTUAL(java.io.OutputStream{ void close() })",
      "programCounter" : 26
    }, {
      "stringRepresentation" : "GOTO(68)",
      "programCounter" : 29
    }, {
      "stringRepresentation" : "ASTORE(5)",
      "programCounter" : 32
    }, {
      "stringRepresentation" : "ALOAD(4)",
      "programCounter" : 34
    }, {
      "stringRepresentation" : "ALOAD(5)",
      "programCounter" : 36
    }, {
      "stringRepresentation" : "INVOKEVIRTUAL(java.lang.Throwable{ void addSuppressed(java.lang.Throwable) })",
      "programCounter" : 38
    }, {
      "stringRepresentation" : "GOTO(56)",
      "programCounter" : 41
    }, {
      "stringRepresentation" : "ALOAD_3",
      "programCounter" : 90
    }, {
      "stringRepresentation" : "INVOKEVIRTUAL(java.io.OutputStream{ void close() })",
      "programCounter" : 91
    } ]
  }, {
    "fullSignature" : "float[] calcColor(java.awt.Point)",
    "numberOfTotalInstructions" : 130,
    "numberOfDeadInstructions" : 1,
    "enclosingTypeName" : "org.apache.pdfbox.pdmodel.graphics.shading.Line",
    "deadInstructions" : [ {
      "stringRepresentation" : "GOTO(89)",
      "programCounter" : 152
    } ]
  }, {
    "fullSignature" : "org.apache.pdfbox.pdmodel.common.function.PDFunction[] getFunctionsArray()",
    "numberOfTotalInstructions" : 59,
    "numberOfDeadInstructions" : 1,
    "enclosingTypeName" : "org.apache.pdfbox.pdmodel.graphics.shading.PDShading",
    "deadInstructions" : [ {
      "stringRepresentation" : "GOTO(13)",
      "programCounter" : 102
    } ]
  }, {
    "fullSignature" : "byte[] encodeImageToJPEGStream(java.awt.image.BufferedImage,float,int)",
    "numberOfTotalInstructions" : 118,
    "numberOfDeadInstructions" : 10,
    "enclosingTypeName" : "org.apache.pdfbox.pdmodel.graphics.image.JPEGFactory",
    "deadInstructions" : [ {
      "stringRepresentation" : "ALOAD(5)",
      "programCounter" : 173
    }, {
      "stringRepresentation" : "INVOKEINTERFACE(javax.imageio.stream.ImageOutputStream{ void close() })",
      "programCounter" : 175
    }, {
      "stringRepresentation" : "GOTO(22)",
      "programCounter" : 180
    }, {
      "stringRepresentation" : "ASTORE(14)",
      "programCounter" : 183
    }, {
      "stringRepresentation" : "ALOAD(6)",
      "programCounter" : 185
    }, {
      "stringRepresentation" : "ALOAD(14)",
      "programCounter" : 187
    }, {
      "stringRepresentation" : "INVOKEVIRTUAL(java.lang.Throwable{ void addSuppressed(java.lang.Throwable) })",
      "programCounter" : 189
    }, {
      "stringRepresentation" : "GOTO(10)",
      "programCounter" : 192
    }, {
      "stringRepresentation" : "ALOAD(5)",
      "programCounter" : 252
    }, {
      "stringRepresentation" : "INVOKEINTERFACE(javax.imageio.stream.ImageOutputStream{ void close() })",
      "programCounter" : 254
    } ]
  }, {
    "fullSignature" : "org.apache.pdfbox.pdmodel.graphics.optionalcontent.PDOptionalContentGroup getGroup(java.lang.String)",
    "numberOfTotalInstructions" : 38,
    "numberOfDeadInstructions" : 1,
    "enclosingTypeName" : "org.apache.pdfbox.pdmodel.graphics.optionalcontent.PDOptionalContentProperties",
    "deadInstructions" : [ {
      "stringRepresentation" : "GOTO(-65)",
      "programCounter" : 75
    } ]
  }, {
    "fullSignature" : "boolean isGroupEnabled(org.apache.pdfbox.pdmodel.graphics.optionalcontent.PDOptionalContentGroup)",
    "numberOfTotalInstructions" : 73,
    "numberOfDeadInstructions" : 2,
    "enclosingTypeName" : "org.apache.pdfbox.pdmodel.graphics.optionalcontent.PDOptionalContentProperties",
    "deadInstructions" : [ {
      "stringRepresentation" : "GOTO(-41)",
      "programCounter" : 93
    }, {
      "stringRepresentation" : "GOTO(-41)",
      "programCounter" : 159
    } ]
  }, {
    "fullSignature" : "boolean setGroupEnabled(org.apache.pdfbox.pdmodel.graphics.optionalcontent.PDOptionalContentGroup,boolean)",
    "numberOfTotalInstructions" : 109,
    "numberOfDeadInstructions" : 3,
    "enclosingTypeName" : "org.apache.pdfbox.pdmodel.graphics.optionalcontent.PDOptionalContentProperties",
    "deadInstructions" : [ {
      "stringRepresentation" : "GOTO(-60)",
      "programCounter" : 143
    }, {
      "stringRepresentation" : "GOTO(73)",
      "programCounter" : 146
    }, {
      "stringRepresentation" : "GOTO(-60)",
      "programCounter" : 216
    } ]
  }, {
    "fullSignature" : "java.awt.image.BufferedImage applyMask(java.awt.image.BufferedImage,java.awt.image.BufferedImage,boolean,boolean,float[])",
    "numberOfTotalInstructions" : 331,
    "numberOfDeadInstructions" : 2,
    "enclosingTypeName" : "org.apache.pdfbox.pdmodel.graphics.image.PDImageXObject",
    "deadInstructions" : [ {
      "stringRepresentation" : "GOTO(396)",
      "programCounter" : 244
    }, {
      "stringRepresentation" : "GOTO(307)",
      "programCounter" : 333
    } ]
  }, {
    "fullSignature" : "org.apache.pdfbox.pdmodel.graphics.image.PDImageXObject createFromFileByExtension(java.io.File,org.apache.pdfbox.pdmodel.PDDocument)",
    "numberOfTotalInstructions" : 136,
    "numberOfDeadInstructions" : 10,
    "enclosingTypeName" : "org.apache.pdfbox.pdmodel.graphics.image.PDImageXObject",
    "deadInstructions" : [ {
      "stringRepresentation" : "ALOAD(5)",
      "programCounter" : 107
    }, {
      "stringRepresentation" : "INVOKEVIRTUAL(java.io.FileInputStream{ void close() })",
      "programCounter" : 109
    }, {
      "stringRepresentation" : "GOTO(20)",
      "programCounter" : 112
    }, {
      "stringRepresentation" : "ASTORE(8)",
      "programCounter" : 115
    }, {
      "stringRepresentation" : "ALOAD(6)",
      "programCounter" : 117
    }, {
      "stringRepresentation" : "ALOAD(8)",
      "programCounter" : 119
    }, {
      "stringRepresentation" : "INVOKEVIRTUAL(java.lang.Throwable{ void addSuppressed(java.lang.Throwable) })",
      "programCounter" : 121
    }, {
      "stringRepresentation" : "GOTO(8)",
      "programCounter" : 124
    }, {
      "stringRepresentation" : "ALOAD(5)",
      "programCounter" : 176
    }, {
      "stringRepresentation" : "INVOKEVIRTUAL(java.io.FileInputStream{ void close() })",
      "programCounter" : 178
    } ]
  }, {
    "fullSignature" : "org.apache.pdfbox.cos.COSStream createRawStream(org.apache.pdfbox.pdmodel.PDDocument,java.io.InputStream)",
    "numberOfTotalInstructions" : 52,
    "numberOfDeadInstructions" : 10,
    "enclosingTypeName" : "org.apache.pdfbox.pdmodel.graphics.image.PDImageXObject",
    "deadInstructions" : [ {
      "stringRepresentation" : "ALOAD_3",
      "programCounter" : 31
    }, {
      "stringRepresentation" : "INVOKEVIRTUAL(java.io.OutputStream{ void close() })",
      "programCounter" : 32
    }, {
      "stringRepresentation" : "GOTO(68)",
      "programCounter" : 35
    }, {
      "stringRepresentation" : "ASTORE(5)",
      "programCounter" : 38
    }, {
      "stringRepresentation" : "ALOAD(4)",
      "programCounter" : 40
    }, {
      "stringRepresentation" : "ALOAD(5)",
      "programCounter" : 42
    }, {
      "stringRepresentation" : "INVOKEVIRTUAL(java.lang.Throwable{ void addSuppressed(java.lang.Throwable) })",
      "programCounter" : 44
    }, {
      "stringRepresentation" : "GOTO(56)",
      "programCounter" : 47
    }, {
      "stringRepresentation" : "ALOAD_3",
      "programCounter" : 96
    }, {
      "stringRepresentation" : "INVOKEVIRTUAL(java.io.OutputStream{ void close() })",
      "programCounter" : 97
    } ]
  }, {
    "fullSignature" : "org.apache.pdfbox.pdmodel.graphics.image.PDImageXObject createFromByteArray(org.apache.pdfbox.pdmodel.PDDocument,byte[],int)",
    "numberOfTotalInstructions" : 50,
    "numberOfDeadInstructions" : 10,
    "enclosingTypeName" : "org.apache.pdfbox.pdmodel.graphics.image.CCITTFactory",
    "deadInstructions" : [ {
      "stringRepresentation" : "ALOAD_3",
      "programCounter" : 29
    }, {
      "stringRepresentation" : "INVOKEINTERFACE(org.apache.pdfbox.io.RandomAccessRead{ void close() })",
      "programCounter" : 30
    }, {
      "stringRepresentation" : "GOTO(21)",
      "programCounter" : 35
    }, {
      "stringRepresentation" : "ASTORE(6)",
      "programCounter" : 38
    }, {
      "stringRepresentation" : "ALOAD(4)",
      "programCounter" : 40
    }, {
      "stringRepresentation" : "ALOAD(6)",
      "programCounter" : 42
    }, {
      "stringRepresentation" : "INVOKEVIRTUAL(java.lang.Throwable{ void addSuppressed(java.lang.Throwable) })",
      "programCounter" : 44
    }, {
      "stringRepresentation" : "GOTO(9)",
      "programCounter" : 47
    }, {
      "stringRepresentation" : "ALOAD_3",
      "programCounter" : 100
    }, {
      "stringRepresentation" : "INVOKEINTERFACE(org.apache.pdfbox.io.RandomAccessRead{ void close() })",
      "programCounter" : 101
    } ]
  }, {
    "fullSignature" : "org.apache.pdfbox.pdmodel.graphics.image.PDImageXObject createFromFile(org.apache.pdfbox.pdmodel.PDDocument,java.io.File,int)",
    "numberOfTotalInstructions" : 50,
    "numberOfDeadInstructions" : 10,
    "enclosingTypeName" : "org.apache.pdfbox.pdmodel.graphics.image.CCITTFactory",
    "deadInstructions" : [ {
      "stringRepresentation" : "ALOAD_3",
      "programCounter" : 29
    }, {
      "stringRepresentation" : "INVOKEINTERFACE(org.apache.pdfbox.io.RandomAccessRead{ void close() })",
      "programCounter" : 30
    }, {
      "stringRepresentation" : "GOTO(21)",
      "programCounter" : 35
    }, {
      "stringRepresentation" : "ASTORE(6)",
      "programCounter" : 38
    }, {
      "stringRepresentation" : "ALOAD(4)",
      "programCounter" : 40
    }, {
      "stringRepresentation" : "ALOAD(6)",
      "programCounter" : 42
    }, {
      "stringRepresentation" : "INVOKEVIRTUAL(java.lang.Throwable{ void addSuppressed(java.lang.Throwable) })",
      "programCounter" : 44
    }, {
      "stringRepresentation" : "GOTO(9)",
      "programCounter" : 47
    }, {
      "stringRepresentation" : "ALOAD_3",
      "programCounter" : 100
    }, {
      "stringRepresentation" : "INVOKEINTERFACE(org.apache.pdfbox.io.RandomAccessRead{ void close() })",
      "programCounter" : 101
    } ]
  }, {
    "fullSignature" : "org.apache.pdfbox.pdmodel.font.encoding.GlyphList load(java.lang.String,int)",
    "numberOfTotalInstructions" : 81,
    "numberOfDeadInstructions" : 10,
    "enclosingTypeName" : "org.apache.pdfbox.pdmodel.font.encoding.GlyphList",
    "deadInstructions" : [ {
      "stringRepresentation" : "ALOAD_3",
      "programCounter" : 86
    }, {
      "stringRepresentation" : "INVOKEVIRTUAL(java.io.InputStream{ void close() })",
      "programCounter" : 87
    }, {
      "stringRepresentation" : "GOTO(19)",
      "programCounter" : 90
    }, {
      "stringRepresentation" : "ASTORE(6)",
      "programCounter" : 93
    }, {
      "stringRepresentation" : "ALOAD(4)",
      "programCounter" : 95
    }, {
      "stringRepresentation" : "ALOAD(6)",
      "programCounter" : 97
    }, {
      "stringRepresentation" : "INVOKEVIRTUAL(java.lang.Throwable{ void addSuppressed(java.lang.Throwable) })",
      "programCounter" : 99
    }, {
      "stringRepresentation" : "GOTO(7)",
      "programCounter" : 102
    }, {
      "stringRepresentation" : "ALOAD_3",
      "programCounter" : 151
    }, {
      "stringRepresentation" : "INVOKEVIRTUAL(java.io.InputStream{ void close() })",
      "programCounter" : 152
    } ]
  }, {
    "fullSignature" : "boolean checkConverterState(org.apache.pdfbox.pdmodel.graphics.image.PNGConverter$PNGConverterState)",
    "numberOfTotalInstructions" : 101,
    "numberOfDeadInstructions" : 1,
    "enclosingTypeName" : "org.apache.pdfbox.pdmodel.graphics.image.PNGConverter",
    "deadInstructions" : [ {
      "stringRepresentation" : "GOTO(-38)",
      "programCounter" : 239
    } ]
  }, {
    "fullSignature" : "org.apache.pdfbox.cos.COSStream createCOSStreamwithIccProfile(org.apache.pdfbox.pdmodel.PDDocument,org.apache.pdfbox.pdmodel.graphics.color.PDColorSpace,org.apache.pdfbox.pdmodel.graphics.image.PNGConverter$PNGConverterState)",
    "numberOfTotalInstructions" : 198,
    "numberOfDeadInstructions" : 21,
    "enclosingTypeName" : "org.apache.pdfbox.pdmodel.graphics.image.PNGConverter",
    "deadInstructions" : [ {
      "stringRepresentation" : "ALOAD(7)",
      "programCounter" : 249
    }, {
      "stringRepresentation" : "INVOKEVIRTUAL(java.io.OutputStream{ void close() })",
      "programCounter" : 251
    }, {
      "stringRepresentation" : "GOTO(190)",
      "programCounter" : 254
    }, {
      "stringRepresentation" : "ASTORE(9)",
      "programCounter" : 257
    }, {
      "stringRepresentation" : "ALOAD(8)",
      "programCounter" : 259
    }, {
      "stringRepresentation" : "ALOAD(9)",
      "programCounter" : 261
    }, {
      "stringRepresentation" : "INVOKEVIRTUAL(java.lang.Throwable{ void addSuppressed(java.lang.Throwable) })",
      "programCounter" : 263
    }, {
      "stringRepresentation" : "GOTO(178)",
      "programCounter" : 266
    }, {
      "stringRepresentation" : "ALOAD(7)",
      "programCounter" : 318
    }, {
      "stringRepresentation" : "INVOKEVIRTUAL(java.io.OutputStream{ void close() })",
      "programCounter" : 320
    }, {
      "stringRepresentation" : "GOTO(118)",
      "programCounter" : 326
    }, {
      "stringRepresentation" : "ALOAD(6)",
      "programCounter" : 367
    }, {
      "stringRepresentation" : "INVOKEVIRTUAL(java.io.OutputStream{ void close() })",
      "programCounter" : 369
    }, {
      "stringRepresentation" : "GOTO(72)",
      "programCounter" : 372
    }, {
      "stringRepresentation" : "ASTORE(8)",
      "programCounter" : 375
    }, {
      "stringRepresentation" : "ALOAD(7)",
      "programCounter" : 377
    }, {
      "stringRepresentation" : "ALOAD(8)",
      "programCounter" : 379
    }, {
      "stringRepresentation" : "INVOKEVIRTUAL(java.lang.Throwable{ void addSuppressed(java.lang.Throwable) })",
      "programCounter" : 381
    }, {
      "stringRepresentation" : "GOTO(60)",
      "programCounter" : 384
    }, {
      "stringRepresentation" : "ALOAD(6)",
      "programCounter" : 436
    }, {
      "stringRepresentation" : "INVOKEVIRTUAL(java.io.OutputStream{ void close() })",
      "programCounter" : 438
    } ]
  }, {
    "fullSignature" : "void setupIndexedColorSpace(org.apache.pdfbox.pdmodel.PDDocument,org.apache.pdfbox.pdmodel.graphics.image.PNGConverter$Chunk,org.apache.pdfbox.pdmodel.graphics.image.PDImageXObject,int)",
    "numberOfTotalInstructions" : 92,
    "numberOfDeadInstructions" : 10,
    "enclosingTypeName" : "org.apache.pdfbox.pdmodel.graphics.image.PNGConverter",
    "deadInstructions" : [ {
      "stringRepresentation" : "ALOAD(6)",
      "programCounter" : 108
    }, {
      "stringRepresentation" : "INVOKEVIRTUAL(java.io.OutputStream{ void close() })",
      "programCounter" : 110
    }, {
      "stringRepresentation" : "GOTO(72)",
      "programCounter" : 113
    }, {
      "stringRepresentation" : "ASTORE(8)",
      "programCounter" : 116
    }, {
      "stringRepresentation" : "ALOAD(7)",
      "programCounter" : 118
    }, {
      "stringRepresentation" : "ALOAD(8)",
      "programCounter" : 120
    }, {
      "stringRepresentation" : "INVOKEVIRTUAL(java.lang.Throwable{ void addSuppressed(java.lang.Throwable) })",
      "programCounter" : 122
    }, {
      "stringRepresentation" : "GOTO(60)",
      "programCounter" : 125
    }, {
      "stringRepresentation" : "ALOAD(6)",
      "programCounter" : 177
    }, {
      "stringRepresentation" : "INVOKEVIRTUAL(java.io.OutputStream{ void close() })",
      "programCounter" : 179
    } ]
  }, {
    "fullSignature" : "void loadMetrics(org.apache.pdfbox.pdmodel.font.Standard14Fonts$FontName)",
    "numberOfTotalInstructions" : 91,
    "numberOfDeadInstructions" : 10,
    "enclosingTypeName" : "org.apache.pdfbox.pdmodel.font.Standard14Fonts",
    "deadInstructions" : [ {
      "stringRepresentation" : "ALOAD_3",
      "programCounter" : 122
    }, {
      "stringRepresentation" : "INVOKEVIRTUAL(java.io.InputStream{ void close() })",
      "programCounter" : 123
    }, {
      "stringRepresentation" : "GOTO(68)",
      "programCounter" : 126
    }, {
      "stringRepresentation" : "ASTORE(5)",
      "programCounter" : 129
    }, {
      "stringRepresentation" : "ALOAD(4)",
      "programCounter" : 131
    }, {
      "stringRepresentation" : "ALOAD(5)",
      "programCounter" : 133
    }, {
      "stringRepresentation" : "INVOKEVIRTUAL(java.lang.Throwable{ void addSuppressed(java.lang.Throwable) })",
      "programCounter" : 135
    }, {
      "stringRepresentation" : "GOTO(56)",
      "programCounter" : 138
    }, {
      "stringRepresentation" : "ALOAD_3",
      "programCounter" : 187
    }, {
      "stringRepresentation" : "INVOKEVIRTUAL(java.io.InputStream{ void close() })",
      "programCounter" : 188
    } ]
  }, {
    "fullSignature" : "java.lang.Boolean isFontSymbolic()",
    "numberOfTotalInstructions" : 100,
    "numberOfDeadInstructions" : 1,
    "enclosingTypeName" : "org.apache.pdfbox.pdmodel.font.PDSimpleFont",
    "deadInstructions" : [ {
      "stringRepresentation" : "GOTO(-66)",
      "programCounter" : 210
    } ]
  }, {
    "fullSignature" : "boolean isStandard14()",
    "numberOfTotalInstructions" : 44,
    "numberOfDeadInstructions" : 1,
    "enclosingTypeName" : "org.apache.pdfbox.pdmodel.font.PDSimpleFont",
    "deadInstructions" : [ {
      "stringRepresentation" : "GOTO(-55)",
      "programCounter" : 105
    } ]
  }, {
    "fullSignature" : "java.awt.color.ICC_Profile getICCProfile()",
    "numberOfTotalInstructions" : 70,
    "numberOfDeadInstructions" : 10,
    "enclosingTypeName" : "org.apache.pdfbox.pdmodel.graphics.color.PDDeviceCMYK",
    "deadInstructions" : [ {
      "stringRepresentation" : "ALOAD_3",
      "programCounter" : 73
    }, {
      "stringRepresentation" : "INVOKEVIRTUAL(java.io.InputStream{ void close() })",
      "programCounter" : 74
    }, {
      "stringRepresentation" : "GOTO(19)",
      "programCounter" : 77
    }, {
      "stringRepresentation" : "ASTORE(6)",
      "programCounter" : 80
    }, {
      "stringRepresentation" : "ALOAD(4)",
      "programCounter" : 82
    }, {
      "stringRepresentation" : "ALOAD(6)",
      "programCounter" : 84
    }, {
      "stringRepresentation" : "INVOKEVIRTUAL(java.lang.Throwable{ void addSuppressed(java.lang.Throwable) })",
      "programCounter" : 86
    }, {
      "stringRepresentation" : "GOTO(7)",
      "programCounter" : 89
    }, {
      "stringRepresentation" : "ALOAD_3",
      "programCounter" : 138
    }, {
      "stringRepresentation" : "INVOKEVIRTUAL(java.io.InputStream{ void close() })",
      "programCounter" : 139
    } ]
  }, {
    "fullSignature" : "org.apache.fontbox.cmap.CMap readCMap(org.apache.pdfbox.cos.COSBase)",
    "numberOfTotalInstructions" : 65,
    "numberOfDeadInstructions" : 10,
    "enclosingTypeName" : "org.apache.pdfbox.pdmodel.font.PDFont",
    "deadInstructions" : [ {
      "stringRepresentation" : "ALOAD_2",
      "programCounter" : 51
    }, {
      "stringRepresentation" : "INVOKEINTERFACE(org.apache.pdfbox.io.RandomAccessRead{ void close() })",
      "programCounter" : 52
    }, {
      "stringRepresentation" : "GOTO(20)",
      "programCounter" : 57
    }, {
      "stringRepresentation" : "ASTORE(5)",
      "programCounter" : 60
    }, {
      "stringRepresentation" : "ALOAD_3",
      "programCounter" : 62
    }, {
      "stringRepresentation" : "ALOAD(5)",
      "programCounter" : 63
    }, {
      "stringRepresentation" : "INVOKEVIRTUAL(java.lang.Throwable{ void addSuppressed(java.lang.Throwable) })",
      "programCounter" : 65
    }, {
      "stringRepresentation" : "GOTO(9)",
      "programCounter" : 68
    }, {
      "stringRepresentation" : "ALOAD_2",
      "programCounter" : 118
    }, {
      "stringRepresentation" : "INVOKEINTERFACE(org.apache.pdfbox.io.RandomAccessRead{ void close() })",
      "programCounter" : 119
    } ]
  }, {
    "fullSignature" : "void buildFontFile2(java.io.InputStream)",
    "numberOfTotalInstructions" : 88,
    "numberOfDeadInstructions" : 10,
    "enclosingTypeName" : "org.apache.pdfbox.pdmodel.font.TrueTypeEmbedder",
    "deadInstructions" : [ {
      "stringRepresentation" : "ALOAD_3",
      "programCounter" : 88
    }, {
      "stringRepresentation" : "INVOKEVIRTUAL(java.io.InputStream{ void close() })",
      "programCounter" : 89
    }, {
      "stringRepresentation" : "GOTO(68)",
      "programCounter" : 92
    }, {
      "stringRepresentation" : "ASTORE(5)",
      "programCounter" : 95
    }, {
      "stringRepresentation" : "ALOAD(4)",
      "programCounter" : 97
    }, {
      "stringRepresentation" : "ALOAD(5)",
      "programCounter" : 99
    }, {
      "stringRepresentation" : "INVOKEVIRTUAL(java.lang.Throwable{ void addSuppressed(java.lang.Throwable) })",
      "programCounter" : 101
    }, {
      "stringRepresentation" : "GOTO(56)",
      "programCounter" : 104
    }, {
      "stringRepresentation" : "ALOAD_3",
      "programCounter" : 153
    }, {
      "stringRepresentation" : "INVOKEVIRTUAL(java.io.InputStream{ void close() })",
      "programCounter" : 154
    } ]
  }, {
    "fullSignature" : "void readVerticalDisplacements()",
    "numberOfTotalInstructions" : 176,
    "numberOfDeadInstructions" : 1,
    "enclosingTypeName" : "org.apache.pdfbox.pdmodel.font.PDCIDFont",
    "deadInstructions" : [ {
      "stringRepresentation" : "GOTO(131)",
      "programCounter" : 255
    } ]
  }, {
    "fullSignature" : "void readWidths()",
    "numberOfTotalInstructions" : 168,
    "numberOfDeadInstructions" : 1,
    "enclosingTypeName" : "org.apache.pdfbox.pdmodel.font.PDCIDFont",
    "deadInstructions" : [ {
      "stringRepresentation" : "GOTO(-199)",
      "programCounter" : 232
    } ]
  }, {
    "fullSignature" : "void save(java.io.File)",
    "numberOfTotalInstructions" : 48,
    "numberOfDeadInstructions" : 10,
    "enclosingTypeName" : "org.apache.pdfbox.pdmodel.fdf.FDFDocument",
    "deadInstructions" : [ {
      "stringRepresentation" : "ALOAD_2",
      "programCounter" : 24
    }, {
      "stringRepresentation" : "INVOKEVIRTUAL(java.io.FileOutputStream{ void close() })",
      "programCounter" : 25
    }, {
      "stringRepresentation" : "GOTO(64)",
      "programCounter" : 28
    }, {
      "stringRepresentation" : "ASTORE(4)",
      "programCounter" : 31
    }, {
      "stringRepresentation" : "ALOAD_3",
      "programCounter" : 33
    }, {
      "stringRepresentation" : "ALOAD(4)",
      "programCounter" : 34
    }, {
      "stringRepresentation" : "INVOKEVIRTUAL(java.lang.Throwable{ void addSuppressed(java.lang.Throwable) })",
      "programCounter" : 36
    }, {
      "stringRepresentation" : "GOTO(53)",
      "programCounter" : 39
    }, {
      "stringRepresentation" : "ALOAD_2",
      "programCounter" : 85
    }, {
      "stringRepresentation" : "INVOKEVIRTUAL(java.io.FileOutputStream{ void close() })",
      "programCounter" : 86
    } ]
  }, {
    "fullSignature" : "void saveXFDF(java.io.File)",
    "numberOfTotalInstructions" : 55,
    "numberOfDeadInstructions" : 10,
    "enclosingTypeName" : "org.apache.pdfbox.pdmodel.fdf.FDFDocument",
    "deadInstructions" : [ {
      "stringRepresentation" : "ALOAD_2",
      "programCounter" : 41
    }, {
      "stringRepresentation" : "INVOKEVIRTUAL(java.io.BufferedWriter{ void close() })",
      "programCounter" : 42
    }, {
      "stringRepresentation" : "GOTO(64)",
      "programCounter" : 45
    }, {
      "stringRepresentation" : "ASTORE(4)",
      "programCounter" : 48
    }, {
      "stringRepresentation" : "ALOAD_3",
      "programCounter" : 50
    }, {
      "stringRepresentation" : "ALOAD(4)",
      "programCounter" : 51
    }, {
      "stringRepresentation" : "INVOKEVIRTUAL(java.lang.Throwable{ void addSuppressed(java.lang.Throwable) })",
      "programCounter" : 53
    }, {
      "stringRepresentation" : "GOTO(53)",
      "programCounter" : 56
    }, {
      "stringRepresentation" : "ALOAD_2",
      "programCounter" : 102
    }, {
      "stringRepresentation" : "INVOKEVIRTUAL(java.io.BufferedWriter{ void close() })",
      "programCounter" : 103
    } ]
  }, {
    "fullSignature" : "java.lang.String saslPrep(java.lang.String,boolean)",
    "numberOfTotalInstructions" : 171,
    "numberOfDeadInstructions" : 1,
    "enclosingTypeName" : "org.apache.pdfbox.pdmodel.encryption.SaslPrep",
    "deadInstructions" : [ {
      "stringRepresentation" : "GOTO(-221)",
      "programCounter" : 330
    } ]
  }, {
    "fullSignature" : "org.apache.pdfbox.cos.COSStream parseStreamElement(org.w3c.dom.Element)",
    "numberOfTotalInstructions" : 467,
    "numberOfDeadInstructions" : 22,
    "enclosingTypeName" : "org.apache.pdfbox.pdmodel.fdf.FDFAnnotationStamp",
    "deadInstructions" : [ {
      "stringRepresentation" : "ALOAD(14)",
      "programCounter" : 990
    }, {
      "stringRepresentation" : "INVOKEVIRTUAL(java.io.OutputStream{ void close() })",
      "programCounter" : 992
    }, {
      "stringRepresentation" : "GOTO(296)",
      "programCounter" : 995
    }, {
      "stringRepresentation" : "ASTORE(16)",
      "programCounter" : 998
    }, {
      "stringRepresentation" : "ALOAD(15)",
      "programCounter" : 1000
    }, {
      "stringRepresentation" : "ALOAD(16)",
      "programCounter" : 1002
    }, {
      "stringRepresentation" : "INVOKEVIRTUAL(java.lang.Throwable{ void addSuppressed(java.lang.Throwable) })",
      "programCounter" : 1004
    }, {
      "stringRepresentation" : "GOTO(284)",
      "programCounter" : 1007
    }, {
      "stringRepresentation" : "ALOAD(14)",
      "programCounter" : 1059
    }, {
      "stringRepresentation" : "INVOKEVIRTUAL(java.io.OutputStream{ void close() })",
      "programCounter" : 1061
    }, {
      "stringRepresentation" : "GOTO(224)",
      "programCounter" : 1067
    }, {
      "stringRepresentation" : "ALOAD(14)",
      "programCounter" : 1142
    }, {
      "stringRepresentation" : "INVOKEVIRTUAL(java.io.OutputStream{ void close() })",
      "programCounter" : 1144
    }, {
      "stringRepresentation" : "GOTO(144)",
      "programCounter" : 1147
    }, {
      "stringRepresentation" : "ASTORE(16)",
      "programCounter" : 1150
    }, {
      "stringRepresentation" : "ALOAD(15)",
      "programCounter" : 1152
    }, {
      "stringRepresentation" : "ALOAD(16)",
      "programCounter" : 1154
    }, {
      "stringRepresentation" : "INVOKEVIRTUAL(java.lang.Throwable{ void addSuppressed(java.lang.Throwable) })",
      "programCounter" : 1156
    }, {
      "stringRepresentation" : "GOTO(132)",
      "programCounter" : 1159
    }, {
      "stringRepresentation" : "ALOAD(14)",
      "programCounter" : 1211
    }, {
      "stringRepresentation" : "INVOKEVIRTUAL(java.io.OutputStream{ void close() })",
      "programCounter" : 1213
    }, {
      "stringRepresentation" : "GOTO(72)",
      "programCounter" : 1219
    } ]
  }, {
    "fullSignature" : "org.apache.pdfbox.pdmodel.common.COSObjectable getReferencedObject()",
    "numberOfTotalInstructions" : 42,
    "numberOfDeadInstructions" : 1,
    "enclosingTypeName" : "org.apache.pdfbox.pdmodel.documentinterchange.logicalstructure.PDObjectReference",
    "deadInstructions" : [ {
      "stringRepresentation" : "GOTO(15)",
      "programCounter" : 66
    } ]
  }, {
    "fullSignature" : "java.util.Map createFontInfoByName(java.util.List)",
    "numberOfTotalInstructions" : 38,
    "numberOfDeadInstructions" : 1,
    "enclosingTypeName" : "org.apache.pdfbox.pdmodel.font.FontMapperImpl",
    "deadInstructions" : [ {
      "stringRepresentation" : "GOTO(-78)",
      "programCounter" : 93
    } ]
  }, {
    "fullSignature" : "org.apache.fontbox.FontBoxFont findFont(org.apache.pdfbox.pdmodel.font.FontFormat,java.lang.String)",
    "numberOfTotalInstructions" : 109,
    "numberOfDeadInstructions" : 1,
    "enclosingTypeName" : "org.apache.pdfbox.pdmodel.font.FontMapperImpl",
    "deadInstructions" : [ {
      "stringRepresentation" : "GOTO(-39)",
      "programCounter" : 108
    } ]
  }, {
    "fullSignature" : "java.util.List getKids()",
    "numberOfTotalInstructions" : 47,
    "numberOfDeadInstructions" : 1,
    "enclosingTypeName" : "org.apache.pdfbox.pdmodel.documentinterchange.logicalstructure.PDStructureNode",
    "deadInstructions" : [ {
      "stringRepresentation" : "GOTO(21)",
      "programCounter" : 79
    } ]
  }, {
    "fullSignature" : "org.bouncycastle.asn1.cms.KeyTransRecipientInfo computeRecipientInfo(java.security.cert.X509Certificate,byte[])",
    "numberOfTotalInstructions" : 100,
    "numberOfDeadInstructions" : 10,
    "enclosingTypeName" : "org.apache.pdfbox.pdmodel.encryption.PublicKeySecurityHandler",
    "deadInstructions" : [ {
      "stringRepresentation" : "ALOAD(4)",
      "programCounter" : 35
    }, {
      "stringRepresentation" : "INVOKEVIRTUAL(org.bouncycastle.asn1.ASN1InputStream{ void close() })",
      "programCounter" : 37
    }, {
      "stringRepresentation" : "GOTO(72)",
      "programCounter" : 40
    }, {
      "stringRepresentation" : "ASTORE(6)",
      "programCounter" : 43
    }, {
      "stringRepresentation" : "ALOAD(5)",
      "programCounter" : 45
    }, {
      "stringRepresentation" : "ALOAD(6)",
      "programCounter" : 47
    }, {
      "stringRepresentation" : "INVOKEVIRTUAL(java.lang.Throwable{ void addSuppressed(java.lang.Throwable) })",
      "programCounter" : 49
    }, {
      "stringRepresentation" : "GOTO(60)",
      "programCounter" : 52
    }, {
      "stringRepresentation" : "ALOAD(4)",
      "programCounter" : 104
    }, {
      "stringRepresentation" : "INVOKEVIRTUAL(org.bouncycastle.asn1.ASN1InputStream{ void close() })",
      "programCounter" : 106
    } ]
  }, {
    "fullSignature" : "org.bouncycastle.asn1.ASN1Primitive createDERForRecipient(byte[],java.security.cert.X509Certificate)",
    "numberOfTotalInstructions" : 159,
    "numberOfDeadInstructions" : 10,
    "enclosingTypeName" : "org.apache.pdfbox.pdmodel.encryption.PublicKeySecurityHandler",
    "deadInstructions" : [ {
      "stringRepresentation" : "ALOAD(9)",
      "programCounter" : 132
    }, {
      "stringRepresentation" : "INVOKEVIRTUAL(org.bouncycastle.asn1.ASN1InputStream{ void close() })",
      "programCounter" : 134
    }, {
      "stringRepresentation" : "GOTO(72)",
      "programCounter" : 137
    }, {
      "stringRepresentation" : "ASTORE(11)",
      "programCounter" : 140
    }, {
      "stringRepresentation" : "ALOAD(10)",
      "programCounter" : 142
    }, {
      "stringRepresentation" : "ALOAD(11)",
      "programCounter" : 144
    }, {
      "stringRepresentation" : "INVOKEVIRTUAL(java.lang.Throwable{ void addSuppressed(java.lang.Throwable) })",
      "programCounter" : 146
    }, {
      "stringRepresentation" : "GOTO(60)",
      "programCounter" : 149
    }, {
      "stringRepresentation" : "ALOAD(9)",
      "programCounter" : 201
    }, {
      "stringRepresentation" : "INVOKEVIRTUAL(org.bouncycastle.asn1.ASN1InputStream{ void close() })",
      "programCounter" : 203
    } ]
  }, {
    "fullSignature" : "void execute(org.apache.pdfbox.pdmodel.common.function.type4.ExecutionContext)",
    "numberOfTotalInstructions" : 64,
    "numberOfDeadInstructions" : 1,
    "enclosingTypeName" : "org.apache.pdfbox.pdmodel.common.function.type4.InstructionSequence",
    "deadInstructions" : [ {
      "stringRepresentation" : "GOTO(-87)",
      "programCounter" : 102
    } ]
  }, {
    "fullSignature" : "void attributeChanged(org.apache.pdfbox.pdmodel.documentinterchange.logicalstructure.PDAttributeObject)",
    "numberOfTotalInstructions" : 68,
    "numberOfDeadInstructions" : 1,
    "enclosingTypeName" : "org.apache.pdfbox.pdmodel.documentinterchange.logicalstructure.PDStructureElement",
    "deadInstructions" : [ {
      "stringRepresentation" : "GOTO(41)",
      "programCounter" : 102
    } ]
  }, {
    "fullSignature" : "void encryptStream(org.apache.pdfbox.cos.COSStream,long,int)",
    "numberOfTotalInstructions" : 105,
    "numberOfDeadInstructions" : 20,
    "enclosingTypeName" : "org.apache.pdfbox.pdmodel.encryption.SecurityHandler",
    "deadInstructions" : [ {
      "stringRepresentation" : "ALOAD(6)",
      "programCounter" : 34
    }, {
      "stringRepresentation" : "INVOKEVIRTUAL(java.io.InputStream{ void close() })",
      "programCounter" : 36
    }, {
      "stringRepresentation" : "GOTO(72)",
      "programCounter" : 39
    }, {
      "stringRepresentation" : "ASTORE(8)",
      "programCounter" : 42
    }, {
      "stringRepresentation" : "ALOAD(7)",
      "programCounter" : 44
    }, {
      "stringRepresentation" : "ALOAD(8)",
      "programCounter" : 46
    }, {
      "stringRepresentation" : "INVOKEVIRTUAL(java.lang.Throwable{ void addSuppressed(java.lang.Throwable) })",
      "programCounter" : 48
    }, {
      "stringRepresentation" : "GOTO(60)",
      "programCounter" : 51
    }, {
      "stringRepresentation" : "ALOAD(6)",
      "programCounter" : 103
    }, {
      "stringRepresentation" : "INVOKEVIRTUAL(java.io.InputStream{ void close() })",
      "programCounter" : 105
    }, {
      "stringRepresentation" : "ALOAD(7)",
      "programCounter" : 154
    }, {
      "stringRepresentation" : "INVOKEVIRTUAL(java.io.OutputStream{ void close() })",
      "programCounter" : 156
    }, {
      "stringRepresentation" : "GOTO(72)",
      "programCounter" : 159
    }, {
      "stringRepresentation" : "ASTORE(9)",
      "programCounter" : 162
    }, {
      "stringRepresentation" : "ALOAD(8)",
      "programCounter" : 164
    }, {
      "stringRepresentation" : "ALOAD(9)",
      "programCounter" : 166
    }, {
      "stringRepresentation" : "INVOKEVIRTUAL(java.lang.Throwable{ void addSuppressed(java.lang.Throwable) })",
      "programCounter" : 168
    }, {
      "stringRepresentation" : "GOTO(60)",
      "programCounter" : 171
    }, {
      "stringRepresentation" : "ALOAD(7)",
      "programCounter" : 223
    }, {
      "stringRepresentation" : "INVOKEVIRTUAL(java.io.OutputStream{ void close() })",
      "programCounter" : 225
    } ]
  }, {
    "fullSignature" : "boolean prepareAESInitializationVector(boolean,byte[],java.io.InputStream,java.io.OutputStream)",
    "numberOfTotalInstructions" : 44,
    "numberOfDeadInstructions" : 1,
    "enclosingTypeName" : "org.apache.pdfbox.pdmodel.encryption.SecurityHandler",
    "deadInstructions" : [ {
      "stringRepresentation" : "GOTO(21)",
      "programCounter" : 64
    } ]
  }, {
    "fullSignature" : "void scanWhitespace()",
    "numberOfTotalInstructions" : 38,
    "numberOfDeadInstructions" : 1,
    "enclosingTypeName" : "org.apache.pdfbox.pdmodel.common.function.type4.Parser$Tokenizer",
    "deadInstructions" : [ {
      "stringRepresentation" : "GOTO(-63)",
      "programCounter" : 99
    } ]
  }, {
    "fullSignature" : "float[] clipToRange(float[])",
    "numberOfTotalInstructions" : 51,
    "numberOfDeadInstructions" : 1,
    "enclosingTypeName" : "org.apache.pdfbox.pdmodel.common.function.PDFunction",
    "deadInstructions" : [ {
      "stringRepresentation" : "GOTO(5)",
      "programCounter" : 80
    } ]
  }, {
    "fullSignature" : "void enqueueKids(org.apache.pdfbox.cos.COSDictionary)",
    "numberOfTotalInstructions" : 74,
    "numberOfDeadInstructions" : 1,
    "enclosingTypeName" : "org.apache.pdfbox.pdmodel.PDPageTree$PageIterator",
    "deadInstructions" : [ {
      "stringRepresentation" : "GOTO(79)",
      "programCounter" : 106
    } ]
  }, {
    "fullSignature" : "void importXMPMetadata(byte[])",
    "numberOfTotalInstructions" : 46,
    "numberOfDeadInstructions" : 10,
    "enclosingTypeName" : "org.apache.pdfbox.pdmodel.common.PDMetadata",
    "deadInstructions" : [ {
      "stringRepresentation" : "ALOAD_2",
      "programCounter" : 20
    }, {
      "stringRepresentation" : "INVOKEVIRTUAL(java.io.OutputStream{ void close() })",
      "programCounter" : 21
    }, {
      "stringRepresentation" : "GOTO(64)",
      "programCounter" : 24
    }, {
      "stringRepresentation" : "ASTORE(4)",
      "programCounter" : 27
    }, {
      "stringRepresentation" : "ALOAD_3",
      "programCounter" : 29
    }, {
      "stringRepresentation" : "ALOAD(4)",
      "programCounter" : 30
    }, {
      "stringRepresentation" : "INVOKEVIRTUAL(java.lang.Throwable{ void addSuppressed(java.lang.Throwable) })",
      "programCounter" : 32
    }, {
      "stringRepresentation" : "GOTO(53)",
      "programCounter" : 35
    }, {
      "stringRepresentation" : "ALOAD_2",
      "programCounter" : 81
    }, {
      "stringRepresentation" : "INVOKEVIRTUAL(java.io.OutputStream{ void close() })",
      "programCounter" : 82
    } ]
  }, {
    "fullSignature" : "void <init>(org.apache.pdfbox.pdmodel.PDDocument,org.apache.pdfbox.pdmodel.PDPage,org.apache.pdfbox.pdmodel.PDPageContentStream$AppendMode,boolean,boolean,org.apache.pdfbox.pdmodel.common.PDStream,org.apache.pdfbox.pdmodel.PDResources)",
    "numberOfTotalInstructions" : 140,
    "numberOfDeadInstructions" : 10,
    "enclosingTypeName" : "org.apache.pdfbox.pdmodel.PDPageContentStream",
    "deadInstructions" : [ {
      "stringRepresentation" : "ALOAD(11)",
      "programCounter" : 185
    }, {
      "stringRepresentation" : "INVOKEVIRTUAL(java.io.OutputStream{ void close() })",
      "programCounter" : 187
    }, {
      "stringRepresentation" : "GOTO(72)",
      "programCounter" : 190
    }, {
      "stringRepresentation" : "ASTORE(13)",
      "programCounter" : 193
    }, {
      "stringRepresentation" : "ALOAD(12)",
      "programCounter" : 195
    }, {
      "stringRepresentation" : "ALOAD(13)",
      "programCounter" : 197
    }, {
      "stringRepresentation" : "INVOKEVIRTUAL(java.lang.Throwable{ void addSuppressed(java.lang.Throwable) })",
      "programCounter" : 199
    }, {
      "stringRepresentation" : "GOTO(60)",
      "programCounter" : 202
    }, {
      "stringRepresentation" : "ALOAD(11)",
      "programCounter" : 254
    }, {
      "stringRepresentation" : "INVOKEVIRTUAL(java.io.OutputStream{ void close() })",
      "programCounter" : 256
    } ]
  }, {
    "fullSignature" : "org.apache.pdfbox.cos.COSName add(org.apache.pdfbox.cos.COSName,java.lang.String,org.apache.pdfbox.pdmodel.common.COSObjectable)",
    "numberOfTotalInstructions" : 62,
    "numberOfDeadInstructions" : 1,
    "enclosingTypeName" : "org.apache.pdfbox.pdmodel.PDResources",
    "deadInstructions" : [ {
      "stringRepresentation" : "GOTO(-68)",
      "programCounter" : 136
    } ]
  }, {
    "fullSignature" : "org.apache.pdfbox.pdmodel.font.PDFont getFont(org.apache.pdfbox.cos.COSName)",
    "numberOfTotalInstructions" : 78,
    "numberOfDeadInstructions" : 1,
    "enclosingTypeName" : "org.apache.pdfbox.pdmodel.PDResources",
    "deadInstructions" : [ {
      "stringRepresentation" : "GOTO(42)",
      "programCounter" : 37
    } ]
  }, {
    "fullSignature" : "org.apache.pdfbox.cos.COSDictionary get(int,org.apache.pdfbox.cos.COSDictionary,int)",
    "numberOfTotalInstructions" : 146,
    "numberOfDeadInstructions" : 1,
    "enclosingTypeName" : "org.apache.pdfbox.pdmodel.PDPageTree",
    "deadInstructions" : [ {
      "stringRepresentation" : "GOTO(-84)",
      "programCounter" : 214
    } ]
  }, {
    "fullSignature" : "void findLabels(org.apache.pdfbox.pdmodel.common.PDNumberTreeNode)",
    "numberOfTotalInstructions" : 33,
    "numberOfDeadInstructions" : 1,
    "enclosingTypeName" : "org.apache.pdfbox.pdmodel.common.PDPageLabels",
    "deadInstructions" : [ {
      "stringRepresentation" : "GOTO(24)",
      "programCounter" : 48
    } ]
  }, {
    "fullSignature" : "org.apache.pdfbox.pdmodel.common.COSObjectable getValue(java.lang.String)",
    "numberOfTotalInstructions" : 60,
    "numberOfDeadInstructions" : 1,
    "enclosingTypeName" : "org.apache.pdfbox.pdmodel.common.PDNameTreeNode",
    "deadInstructions" : [ {
      "stringRepresentation" : "GOTO(13)",
      "programCounter" : 121
    } ]
  }, {
    "fullSignature" : "void <init>(org.apache.pdfbox.pdmodel.PDDocument,java.io.InputStream,org.apache.pdfbox.cos.COSBase)",
    "numberOfTotalInstructions" : 64,
    "numberOfDeadInstructions" : 10,
    "enclosingTypeName" : "org.apache.pdfbox.pdmodel.common.PDStream",
    "deadInstructions" : [ {
      "stringRepresentation" : "ALOAD(4)",
      "programCounter" : 45
    }, {
      "stringRepresentation" : "INVOKEVIRTUAL(java.io.OutputStream{ void close() })",
      "programCounter" : 47
    }, {
      "stringRepresentation" : "GOTO(72)",
      "programCounter" : 50
    }, {
      "stringRepresentation" : "ASTORE(6)",
      "programCounter" : 53
    }, {
      "stringRepresentation" : "ALOAD(5)",
      "programCounter" : 55
    }, {
      "stringRepresentation" : "ALOAD(6)",
      "programCounter" : 57
    }, {
      "stringRepresentation" : "INVOKEVIRTUAL(java.lang.Throwable{ void addSuppressed(java.lang.Throwable) })",
      "programCounter" : 59
    }, {
      "stringRepresentation" : "GOTO(60)",
      "programCounter" : 62
    }, {
      "stringRepresentation" : "ALOAD(4)",
      "programCounter" : 114
    }, {
      "stringRepresentation" : "INVOKEVIRTUAL(java.io.OutputStream{ void close() })",
      "programCounter" : 116
    } ]
  }, {
    "fullSignature" : "byte[] toByteArray()",
    "numberOfTotalInstructions" : 46,
    "numberOfDeadInstructions" : 10,
    "enclosingTypeName" : "org.apache.pdfbox.pdmodel.common.PDStream",
    "deadInstructions" : [ {
      "stringRepresentation" : "ALOAD_1",
      "programCounter" : 20
    }, {
      "stringRepresentation" : "INVOKEVIRTUAL(java.io.InputStream{ void close() })",
      "programCounter" : 21
    }, {
      "stringRepresentation" : "GOTO(18)",
      "programCounter" : 24
    }, {
      "stringRepresentation" : "ASTORE(4)",
      "programCounter" : 27
    }, {
      "stringRepresentation" : "ALOAD_2",
      "programCounter" : 29
    }, {
      "stringRepresentation" : "ALOAD(4)",
      "programCounter" : 30
    }, {
      "stringRepresentation" : "INVOKEVIRTUAL(java.lang.Throwable{ void addSuppressed(java.lang.Throwable) })",
      "programCounter" : 32
    }, {
      "stringRepresentation" : "GOTO(7)",
      "programCounter" : 35
    }, {
      "stringRepresentation" : "ALOAD_1",
      "programCounter" : 77
    }, {
      "stringRepresentation" : "INVOKEVIRTUAL(java.io.InputStream{ void close() })",
      "programCounter" : 78
    } ]
  }, {
    "fullSignature" : "org.apache.pdfbox.cos.COSStream writeObjectsToStream(org.apache.pdfbox.cos.COSStream)",
    "numberOfTotalInstructions" : 250,
    "numberOfDeadInstructions" : 30,
    "enclosingTypeName" : "org.apache.pdfbox.pdfwriter.compress.COSWriterObjectStream",
    "deadInstructions" : [ {
      "stringRepresentation" : "ALOAD(6)",
      "programCounter" : 143
    }, {
      "stringRepresentation" : "INVOKEVIRTUAL(java.io.ByteArrayOutputStream{ void close() })",
      "programCounter" : 145
    }, {
      "stringRepresentation" : "GOTO(72)",
      "programCounter" : 148
    }, {
      "stringRepresentation" : "ASTORE(8)",
      "programCounter" : 151
    }, {
      "stringRepresentation" : "ALOAD(7)",
      "programCounter" : 153
    }, {
      "stringRepresentation" : "ALOAD(8)",
      "programCounter" : 155
    }, {
      "stringRepresentation" : "INVOKEVIRTUAL(java.lang.Throwable{ void addSuppressed(java.lang.Throwable) })",
      "programCounter" : 157
    }, {
      "stringRepresentation" : "GOTO(60)",
      "programCounter" : 160
    }, {
      "stringRepresentation" : "ALOAD(6)",
      "programCounter" : 212
    }, {
      "stringRepresentation" : "INVOKEVIRTUAL(java.io.ByteArrayOutputStream{ void close() })",
      "programCounter" : 214
    }, {
      "stringRepresentation" : "ALOAD(8)",
      "programCounter" : 351
    }, {
      "stringRepresentation" : "INVOKEVIRTUAL(java.io.ByteArrayOutputStream{ void close() })",
      "programCounter" : 353
    }, {
      "stringRepresentation" : "GOTO(72)",
      "programCounter" : 356
    }, {
      "stringRepresentation" : "ASTORE(10)",
      "programCounter" : 359
    }, {
      "stringRepresentation" : "ALOAD(9)",
      "programCounter" : 361
    }, {
      "stringRepresentation" : "ALOAD(10)",
      "programCounter" : 363
    }, {
      "stringRepresentation" : "INVOKEVIRTUAL(java.lang.Throwable{ void addSuppressed(java.lang.Throwable) })",
      "programCounter" : 365
    }, {
      "stringRepresentation" : "GOTO(60)",
      "programCounter" : 368
    }, {
      "stringRepresentation" : "ALOAD(8)",
      "programCounter" : 420
    }, {
      "stringRepresentation" : "INVOKEVIRTUAL(java.io.ByteArrayOutputStream{ void close() })",
      "programCounter" : 422
    }, {
      "stringRepresentation" : "ALOAD(8)",
      "programCounter" : 508
    }, {
      "stringRepresentation" : "INVOKEVIRTUAL(java.io.OutputStream{ void close() })",
      "programCounter" : 510
    }, {
      "stringRepresentation" : "GOTO(72)",
      "programCounter" : 513
    }, {
      "stringRepresentation" : "ASTORE(10)",
      "programCounter" : 516
    }, {
      "stringRepresentation" : "ALOAD(9)",
      "programCounter" : 518
    }, {
      "stringRepresentation" : "ALOAD(10)",
      "programCounter" : 520
    }, {
      "stringRepresentation" : "INVOKEVIRTUAL(java.lang.Throwable{ void addSuppressed(java.lang.Throwable) })",
      "programCounter" : 522
    }, {
      "stringRepresentation" : "GOTO(60)",
      "programCounter" : 525
    }, {
      "stringRepresentation" : "ALOAD(8)",
      "programCounter" : 577
    }, {
      "stringRepresentation" : "INVOKEVIRTUAL(java.io.OutputStream{ void close() })",
      "programCounter" : 579
    } ]
  }, {
    "fullSignature" : "org.apache.pdfbox.cos.COSStream getStream()",
    "numberOfTotalInstructions" : 180,
    "numberOfDeadInstructions" : 10,
    "enclosingTypeName" : "org.apache.pdfbox.pdfparser.PDFXRefStream",
    "deadInstructions" : [ {
      "stringRepresentation" : "ALOAD(5)",
      "programCounter" : 219
    }, {
      "stringRepresentation" : "INVOKEVIRTUAL(java.io.OutputStream{ void close() })",
      "programCounter" : 221
    }, {
      "stringRepresentation" : "GOTO(72)",
      "programCounter" : 224
    }, {
      "stringRepresentation" : "ASTORE(7)",
      "programCounter" : 227
    }, {
      "stringRepresentation" : "ALOAD(6)",
      "programCounter" : 229
    }, {
      "stringRepresentation" : "ALOAD(7)",
      "programCounter" : 231
    }, {
      "stringRepresentation" : "INVOKEVIRTUAL(java.lang.Throwable{ void addSuppressed(java.lang.Throwable) })",
      "programCounter" : 233
    }, {
      "stringRepresentation" : "GOTO(60)",
      "programCounter" : 236
    }, {
      "stringRepresentation" : "ALOAD(5)",
      "programCounter" : 288
    }, {
      "stringRepresentation" : "INVOKEVIRTUAL(java.io.OutputStream{ void close() })",
      "programCounter" : 290
    } ]
  }, {
    "fullSignature" : "org.apache.pdfbox.filter.DecodeResult decode(java.io.InputStream,java.io.OutputStream,org.apache.pdfbox.cos.COSDictionary,int)",
    "numberOfTotalInstructions" : 64,
    "numberOfDeadInstructions" : 10,
    "enclosingTypeName" : "org.apache.pdfbox.filter.FlateFilter",
    "deadInstructions" : [ {
      "stringRepresentation" : "ALOAD(6)",
      "programCounter" : 53
    }, {
      "stringRepresentation" : "INVOKEVIRTUAL(org.apache.pdfbox.filter.FlateFilterDecoderStream{ void close() })",
      "programCounter" : 55
    }, {
      "stringRepresentation" : "GOTO(72)",
      "programCounter" : 58
    }, {
      "stringRepresentation" : "ASTORE(8)",
      "programCounter" : 61
    }, {
      "stringRepresentation" : "ALOAD(7)",
      "programCounter" : 63
    }, {
      "stringRepresentation" : "ALOAD(8)",
      "programCounter" : 65
    }, {
      "stringRepresentation" : "INVOKEVIRTUAL(java.lang.Throwable{ void addSuppressed(java.lang.Throwable) })",
      "programCounter" : 67
    }, {
      "stringRepresentation" : "GOTO(60)",
      "programCounter" : 70
    }, {
      "stringRepresentation" : "ALOAD(6)",
      "programCounter" : 122
    }, {
      "stringRepresentation" : "INVOKEVIRTUAL(org.apache.pdfbox.filter.FlateFilterDecoderStream{ void close() })",
      "programCounter" : 124
    } ]
  }, {
    "fullSignature" : "void encode(java.io.InputStream,java.io.OutputStream,org.apache.pdfbox.cos.COSDictionary)",
    "numberOfTotalInstructions" : 61,
    "numberOfDeadInstructions" : 10,
    "enclosingTypeName" : "org.apache.pdfbox.filter.FlateFilter",
    "deadInstructions" : [ {
      "stringRepresentation" : "ALOAD(6)",
      "programCounter" : 48
    }, {
      "stringRepresentation" : "INVOKEVIRTUAL(java.util.zip.DeflaterOutputStream{ void close() })",
      "programCounter" : 50
    }, {
      "stringRepresentation" : "GOTO(72)",
      "programCounter" : 53
    }, {
      "stringRepresentation" : "ASTORE(8)",
      "programCounter" : 56
    }, {
      "stringRepresentation" : "ALOAD(7)",
      "programCounter" : 58
    }, {
      "stringRepresentation" : "ALOAD(8)",
      "programCounter" : 60
    }, {
      "stringRepresentation" : "INVOKEVIRTUAL(java.lang.Throwable{ void addSuppressed(java.lang.Throwable) })",
      "programCounter" : 62
    }, {
      "stringRepresentation" : "GOTO(60)",
      "programCounter" : 65
    }, {
      "stringRepresentation" : "ALOAD(6)",
      "programCounter" : 117
    }, {
      "stringRepresentation" : "INVOKEVIRTUAL(java.util.zip.DeflaterOutputStream{ void close() })",
      "programCounter" : 119
    } ]
  }, {
    "fullSignature" : "org.apache.pdfbox.pdmodel.graphics.optionalcontent.PDOptionalContentGroup appendFormAsLayer(org.apache.pdfbox.pdmodel.PDPage,org.apache.pdfbox.pdmodel.graphics.form.PDFormXObject,java.awt.geom.AffineTransform,java.lang.String)",
    "numberOfTotalInstructions" : 137,
    "numberOfDeadInstructions" : 10,
    "enclosingTypeName" : "org.apache.pdfbox.multipdf.LayerUtility",
    "deadInstructions" : [ {
      "stringRepresentation" : "ALOAD(9)",
      "programCounter" : 234
    }, {
      "stringRepresentation" : "INVOKEVIRTUAL(org.apache.pdfbox.pdmodel.PDPageContentStream{ void close() })",
      "programCounter" : 236
    }, {
      "stringRepresentation" : "GOTO(72)",
      "programCounter" : 239
    }, {
      "stringRepresentation" : "ASTORE(11)",
      "programCounter" : 242
    }, {
      "stringRepresentation" : "ALOAD(10)",
      "programCounter" : 244
    }, {
      "stringRepresentation" : "ALOAD(11)",
      "programCounter" : 246
    }, {
      "stringRepresentation" : "INVOKEVIRTUAL(java.lang.Throwable{ void addSuppressed(java.lang.Throwable) })",
      "programCounter" : 248
    }, {
      "stringRepresentation" : "GOTO(60)",
      "programCounter" : 251
    }, {
      "stringRepresentation" : "ALOAD(9)",
      "programCounter" : 303
    }, {
      "stringRepresentation" : "INVOKEVIRTUAL(org.apache.pdfbox.pdmodel.PDPageContentStream{ void close() })",
      "programCounter" : 305
    } ]
  }, {
    "fullSignature" : "void wrapInSaveRestore(org.apache.pdfbox.pdmodel.PDPage)",
    "numberOfTotalInstructions" : 164,
    "numberOfDeadInstructions" : 20,
    "enclosingTypeName" : "org.apache.pdfbox.multipdf.LayerUtility",
    "deadInstructions" : [ {
      "stringRepresentation" : "ALOAD_3",
      "programCounter" : 40
    }, {
      "stringRepresentation" : "INVOKEVIRTUAL(java.io.OutputStream{ void close() })",
      "programCounter" : 41
    }, {
      "stringRepresentation" : "GOTO(68)",
      "programCounter" : 44
    }, {
      "stringRepresentation" : "ASTORE(5)",
      "programCounter" : 47
    }, {
      "stringRepresentation" : "ALOAD(4)",
      "programCounter" : 49
    }, {
      "stringRepresentation" : "ALOAD(5)",
      "programCounter" : 51
    }, {
      "stringRepresentation" : "INVOKEVIRTUAL(java.lang.Throwable{ void addSuppressed(java.lang.Throwable) })",
      "programCounter" : 53
    }, {
      "stringRepresentation" : "GOTO(56)",
      "programCounter" : 56
    }, {
      "stringRepresentation" : "ALOAD_3",
      "programCounter" : 105
    }, {
      "stringRepresentation" : "INVOKEVIRTUAL(java.io.OutputStream{ void close() })",
      "programCounter" : 106
    }, {
      "stringRepresentation" : "ALOAD(4)",
      "programCounter" : 155
    }, {
      "stringRepresentation" : "INVOKEVIRTUAL(java.io.OutputStream{ void close() })",
      "programCounter" : 157
    }, {
      "stringRepresentation" : "GOTO(72)",
      "programCounter" : 160
    }, {
      "stringRepresentation" : "ASTORE(6)",
      "programCounter" : 163
    }, {
      "stringRepresentation" : "ALOAD(5)",
      "programCounter" : 165
    }, {
      "stringRepresentation" : "ALOAD(6)",
      "programCounter" : 167
    }, {
      "stringRepresentation" : "INVOKEVIRTUAL(java.lang.Throwable{ void addSuppressed(java.lang.Throwable) })",
      "programCounter" : 169
    }, {
      "stringRepresentation" : "GOTO(60)",
      "programCounter" : 172
    }, {
      "stringRepresentation" : "ALOAD(4)",
      "programCounter" : 224
    }, {
      "stringRepresentation" : "INVOKEVIRTUAL(java.io.OutputStream{ void close() })",
      "programCounter" : 226
    } ]
  }, {
    "fullSignature" : "javax.imageio.ImageReader findImageReader(java.lang.String,java.lang.String)",
    "numberOfTotalInstructions" : 31,
    "numberOfDeadInstructions" : 1,
    "enclosingTypeName" : "org.apache.pdfbox.filter.Filter",
    "deadInstructions" : [ {
      "stringRepresentation" : "GOTO(-25)",
      "programCounter" : 30
    } ]
  }, {
    "fullSignature" : "org.apache.pdfbox.cos.COSDictionary getDecodeParams(org.apache.pdfbox.cos.COSDictionary,int)",
    "numberOfTotalInstructions" : 67,
    "numberOfDeadInstructions" : 1,
    "enclosingTypeName" : "org.apache.pdfbox.filter.Filter",
    "deadInstructions" : [ {
      "stringRepresentation" : "GOTO(57)",
      "programCounter" : 97
    } ]
  }, {
    "fullSignature" : "int getAdobeTransformByBruteForce(javax.imageio.stream.ImageInputStream)",
    "numberOfTotalInstructions" : 70,
    "numberOfDeadInstructions" : 1,
    "enclosingTypeName" : "org.apache.pdfbox.filter.DCTFilter",
    "deadInstructions" : [ {
      "stringRepresentation" : "GOTO(-130)",
      "programCounter" : 139
    } ]
  }, {
    "fullSignature" : "java.util.List createContentStreamList(org.apache.pdfbox.cos.COSBase)",
    "numberOfTotalInstructions" : 65,
    "numberOfDeadInstructions" : 1,
    "enclosingTypeName" : "org.apache.pdfbox.multipdf.Overlay",
    "deadInstructions" : [ {
      "stringRepresentation" : "GOTO(64)",
      "programCounter" : 82
    } ]
  }, {
    "fullSignature" : "org.apache.pdfbox.cos.COSStream createStream(java.lang.String)",
    "numberOfTotalInstructions" : 61,
    "numberOfDeadInstructions" : 10,
    "enclosingTypeName" : "org.apache.pdfbox.multipdf.Overlay",
    "deadInstructions" : [ {
      "stringRepresentation" : "ALOAD_3",
      "programCounter" : 55
    }, {
      "stringRepresentation" : "INVOKEVIRTUAL(java.io.OutputStream{ void close() })",
      "programCounter" : 56
    }, {
      "stringRepresentation" : "GOTO(68)",
      "programCounter" : 59
    }, {
      "stringRepresentation" : "ASTORE(5)",
      "programCounter" : 62
    }, {
      "stringRepresentation" : "ALOAD(4)",
      "programCounter" : 64
    }, {
      "stringRepresentation" : "ALOAD(5)",
      "programCounter" : 66
    }, {
      "stringRepresentation" : "INVOKEVIRTUAL(java.lang.Throwable{ void addSuppressed(java.lang.Throwable) })",
      "programCounter" : 68
    }, {
      "stringRepresentation" : "GOTO(56)",
      "programCounter" : 71
    }, {
      "stringRepresentation" : "ALOAD_3",
      "programCounter" : 120
    }, {
      "stringRepresentation" : "INVOKEVIRTUAL(java.io.OutputStream{ void close() })",
      "programCounter" : 121
    } ]
  }, {
    "fullSignature" : "org.apache.pdfbox.filter.DecodeResult decode(java.io.InputStream,java.io.OutputStream,org.apache.pdfbox.cos.COSDictionary,int)",
    "numberOfTotalInstructions" : 71,
    "numberOfDeadInstructions" : 2,
    "enclosingTypeName" : "org.apache.pdfbox.filter.RunLengthDecodeFilter",
    "deadInstructions" : [ {
      "stringRepresentation" : "GOTO(-76)",
      "programCounter" : 83
    }, {
      "stringRepresentation" : "GOTO(-120)",
      "programCounter" : 127
    } ]
  }, {
    "fullSignature" : "boolean checkSignatureAnnotation(java.util.List,org.apache.pdfbox.pdmodel.interactive.annotation.PDAnnotationWidget)",
    "numberOfTotalInstructions" : 21,
    "numberOfDeadInstructions" : 1,
    "enclosingTypeName" : "org.apache.pdfbox.pdmodel.PDDocument",
    "deadInstructions" : [ {
      "stringRepresentation" : "GOTO(-37)",
      "programCounter" : 44
    } ]
  }, {
    "fullSignature" : "boolean checkSignatureField(java.util.Iterator,org.apache.pdfbox.pdmodel.interactive.form.PDSignatureField)",
    "numberOfTotalInstructions" : 21,
    "numberOfDeadInstructions" : 1,
    "enclosingTypeName" : "org.apache.pdfbox.pdmodel.PDDocument",
    "deadInstructions" : [ {
      "stringRepresentation" : "GOTO(-42)",
      "programCounter" : 42
    } ]
  }, {
    "fullSignature" : "org.apache.pdfbox.pdmodel.interactive.form.PDSignatureField findSignatureField(java.util.Iterator,org.apache.pdfbox.pdmodel.interactive.digitalsignature.PDSignature)",
    "numberOfTotalInstructions" : 31,
    "numberOfDeadInstructions" : 1,
    "enclosingTypeName" : "org.apache.pdfbox.pdmodel.PDDocument",
    "deadInstructions" : [ {
      "stringRepresentation" : "GOTO(-67)",
      "programCounter" : 69
    } ]
  }, {
    "fullSignature" : "void save(java.io.File,org.apache.pdfbox.pdfwriter.compress.CompressParameters)",
    "numberOfTotalInstructions" : 73,
    "numberOfDeadInstructions" : 10,
    "enclosingTypeName" : "org.apache.pdfbox.pdmodel.PDDocument",
    "deadInstructions" : [ {
      "stringRepresentation" : "ALOAD_3",
      "programCounter" : 85
    }, {
      "stringRepresentation" : "INVOKEVIRTUAL(java.io.BufferedOutputStream{ void close() })",
      "programCounter" : 86
    }, {
      "stringRepresentation" : "GOTO(68)",
      "programCounter" : 89
    }, {
      "stringRepresentation" : "ASTORE(5)",
      "programCounter" : 92
    }, {
      "stringRepresentation" : "ALOAD(4)",
      "programCounter" : 94
    }, {
      "stringRepresentation" : "ALOAD(5)",
      "programCounter" : 96
    }, {
      "stringRepresentation" : "INVOKEVIRTUAL(java.lang.Throwable{ void addSuppressed(java.lang.Throwable) })",
      "programCounter" : 98
    }, {
      "stringRepresentation" : "GOTO(56)",
      "programCounter" : 101
    }, {
      "stringRepresentation" : "ALOAD_3",
      "programCounter" : 150
    }, {
      "stringRepresentation" : "INVOKEVIRTUAL(java.io.BufferedOutputStream{ void close() })",
      "programCounter" : 151
    } ]
  }, {
    "fullSignature" : "org.apache.pdfbox.cos.COSArray parseCOSArray()",
    "numberOfTotalInstructions" : 169,
    "numberOfDeadInstructions" : 1,
    "enclosingTypeName" : "org.apache.pdfbox.pdfparser.BaseParser",
    "deadInstructions" : [ {
      "stringRepresentation" : "GOTO(9)",
      "programCounter" : 353
    } ]
  }, {
    "fullSignature" : "org.apache.pdfbox.cos.COSDictionary parseCOSDictionary(boolean)",
    "numberOfTotalInstructions" : 81,
    "numberOfDeadInstructions" : 1,
    "enclosingTypeName" : "org.apache.pdfbox.pdfparser.BaseParser",
    "deadInstructions" : [ {
      "stringRepresentation" : "GOTO(-93)",
      "programCounter" : 122
    } ]
  }, {
    "fullSignature" : "org.apache.pdfbox.cos.COSString parseCOSHexString()",
    "numberOfTotalInstructions" : 85,
    "numberOfDeadInstructions" : 1,
    "enclosingTypeName" : "org.apache.pdfbox.pdfparser.BaseParser",
    "deadInstructions" : [ {
      "stringRepresentation" : "GOTO(-144)",
      "programCounter" : 152
    } ]
  }, {
    "fullSignature" : "void close()",
    "numberOfTotalInstructions" : 79,
    "numberOfDeadInstructions" : 1,
    "enclosingTypeName" : "org.apache.pdfbox.cos.COSStream",
    "deadInstructions" : [ {
      "stringRepresentation" : "GOTO(71)",
      "programCounter" : 93
    } ]
  }, {
    "fullSignature" : "java.lang.String toTextString()",
    "numberOfTotalInstructions" : 61,
    "numberOfDeadInstructions" : 10,
    "enclosingTypeName" : "org.apache.pdfbox.cos.COSStream",
    "deadInstructions" : [ {
      "stringRepresentation" : "ALOAD_1",
      "programCounter" : 37
    }, {
      "stringRepresentation" : "INVOKEVIRTUAL(java.io.InputStream{ void close() })",
      "programCounter" : 38
    }, {
      "stringRepresentation" : "GOTO(18)",
      "programCounter" : 41
    }, {
      "stringRepresentation" : "ASTORE(6)",
      "programCounter" : 44
    }, {
      "stringRepresentation" : "ALOAD_2",
      "programCounter" : 46
    }, {
      "stringRepresentation" : "ALOAD(6)",
      "programCounter" : 47
    }, {
      "stringRepresentation" : "INVOKEVIRTUAL(java.lang.Throwable{ void addSuppressed(java.lang.Throwable) })",
      "programCounter" : 49
    }, {
      "stringRepresentation" : "GOTO(7)",
      "programCounter" : 52
    }, {
      "stringRepresentation" : "ALOAD_1",
      "programCounter" : 95
    }, {
      "stringRepresentation" : "INVOKEVIRTUAL(java.io.InputStream{ void close() })",
      "programCounter" : 96
    } ]
  }, {
    "fullSignature" : "void cloneMergeCOSBase(org.apache.pdfbox.cos.COSBase,org.apache.pdfbox.cos.COSBase)",
    "numberOfTotalInstructions" : 94,
    "numberOfDeadInstructions" : 1,
    "enclosingTypeName" : "org.apache.pdfbox.multipdf.PDFCloneUtility",
    "deadInstructions" : [ {
      "stringRepresentation" : "GOTO(131)",
      "programCounter" : 98
    } ]
  }, {
    "fullSignature" : "void mergeOutputIntents(org.apache.pdfbox.pdmodel.PDDocumentCatalog,org.apache.pdfbox.pdmodel.PDDocumentCatalog,org.apache.pdfbox.multipdf.PDFCloneUtility)",
    "numberOfTotalInstructions" : 67,
    "numberOfDeadInstructions" : 1,
    "enclosingTypeName" : "org.apache.pdfbox.multipdf.PDFMergerUtility",
    "deadInstructions" : [ {
      "stringRepresentation" : "GOTO(-41)",
      "programCounter" : 119
    } ]
  }, {
    "fullSignature" : "void setOriginDocumentState(org.apache.pdfbox.cos.COSDocumentState,boolean)",
    "numberOfTotalInstructions" : 96,
    "numberOfDeadInstructions" : 2,
    "enclosingTypeName" : "org.apache.pdfbox.cos.COSUpdateState",
    "deadInstructions" : [ {
      "stringRepresentation" : "GOTO(132)",
      "programCounter" : 102
    }, {
      "stringRepresentation" : "GOTO(57)",
      "programCounter" : 177
    } ]
  }, {
    "fullSignature" : "org.apache.pdfbox.filter.DecodeResult decode(java.io.InputStream,java.io.OutputStream,org.apache.pdfbox.cos.COSDictionary,int)",
    "numberOfTotalInstructions" : 55,
    "numberOfDeadInstructions" : 10,
    "enclosingTypeName" : "org.apache.pdfbox.filter.ASCII85Filter",
    "deadInstructions" : [ {
      "stringRepresentation" : "ALOAD(5)",
      "programCounter" : 30
    }, {
      "stringRepresentation" : "INVOKEVIRTUAL(org.apache.pdfbox.filter.ASCII85InputStream{ void close() })",
      "programCounter" : 32
    }, {
      "stringRepresentation" : "GOTO(72)",
      "programCounter" : 35
    }, {
      "stringRepresentation" : "ASTORE(7)",
      "programCounter" : 38
    }, {
      "stringRepresentation" : "ALOAD(6)",
      "programCounter" : 40
    }, {
      "stringRepresentation" : "ALOAD(7)",
      "programCounter" : 42
    }, {
      "stringRepresentation" : "INVOKEVIRTUAL(java.lang.Throwable{ void addSuppressed(java.lang.Throwable) })",
      "programCounter" : 44
    }, {
      "stringRepresentation" : "GOTO(60)",
      "programCounter" : 47
    }, {
      "stringRepresentation" : "ALOAD(5)",
      "programCounter" : 99
    }, {
      "stringRepresentation" : "INVOKEVIRTUAL(org.apache.pdfbox.filter.ASCII85InputStream{ void close() })",
      "programCounter" : 101
    } ]
  }, {
    "fullSignature" : "void encode(java.io.InputStream,java.io.OutputStream,org.apache.pdfbox.cos.COSDictionary)",
    "numberOfTotalInstructions" : 51,
    "numberOfDeadInstructions" : 10,
    "enclosingTypeName" : "org.apache.pdfbox.filter.ASCII85Filter",
    "deadInstructions" : [ {
      "stringRepresentation" : "ALOAD(4)",
      "programCounter" : 30
    }, {
      "stringRepresentation" : "INVOKEVIRTUAL(org.apache.pdfbox.filter.ASCII85OutputStream{ void close() })",
      "programCounter" : 32
    }, {
      "stringRepresentation" : "GOTO(72)",
      "programCounter" : 35
    }, {
      "stringRepresentation" : "ASTORE(6)",
      "programCounter" : 38
    }, {
      "stringRepresentation" : "ALOAD(5)",
      "programCounter" : 40
    }, {
      "stringRepresentation" : "ALOAD(6)",
      "programCounter" : 42
    }, {
      "stringRepresentation" : "INVOKEVIRTUAL(java.lang.Throwable{ void addSuppressed(java.lang.Throwable) })",
      "programCounter" : 44
    }, {
      "stringRepresentation" : "GOTO(60)",
      "programCounter" : 47
    }, {
      "stringRepresentation" : "ALOAD(4)",
      "programCounter" : 99
    }, {
      "stringRepresentation" : "INVOKEVIRTUAL(org.apache.pdfbox.filter.ASCII85OutputStream{ void close() })",
      "programCounter" : 101
    } ]
  }, {
    "fullSignature" : "org.apache.pdfbox.cos.COSDictionary getLinearizedDictionary()",
    "numberOfTotalInstructions" : 50,
    "numberOfDeadInstructions" : 1,
    "enclosingTypeName" : "org.apache.pdfbox.cos.COSDocument",
    "deadInstructions" : [ {
      "stringRepresentation" : "GOTO(-62)",
      "programCounter" : 123
    } ]
  }, {
    "fullSignature" : "boolean checkXRefStreamOffset(long)",
    "numberOfTotalInstructions" : 72,
    "numberOfDeadInstructions" : 1,
    "enclosingTypeName" : "org.apache.pdfbox.pdfparser.COSParser",
    "deadInstructions" : [ {
      "stringRepresentation" : "GOTO(45)",
      "programCounter" : 109
    } ]
  }, {
    "fullSignature" : "long parseXrefObjStream(long,boolean)",
    "numberOfTotalInstructions" : 83,
    "numberOfDeadInstructions" : 10,
    "enclosingTypeName" : "org.apache.pdfbox.pdfparser.COSParser",
    "deadInstructions" : [ {
      "stringRepresentation" : "ALOAD(5)",
      "programCounter" : 94
    }, {
      "stringRepresentation" : "INVOKEVIRTUAL(org.apache.pdfbox.cos.COSStream{ void close() })",
      "programCounter" : 96
    }, {
      "stringRepresentation" : "GOTO(72)",
      "programCounter" : 99
    }, {
      "stringRepresentation" : "ASTORE(7)",
      "programCounter" : 102
    }, {
      "stringRepresentation" : "ALOAD(6)",
      "programCounter" : 104
    }, {
      "stringRepresentation" : "ALOAD(7)",
      "programCounter" : 106
    }, {
      "stringRepresentation" : "INVOKEVIRTUAL(java.lang.Throwable{ void addSuppressed(java.lang.Throwable) })",
      "programCounter" : 108
    }, {
      "stringRepresentation" : "GOTO(60)",
      "programCounter" : 111
    }, {
      "stringRepresentation" : "ALOAD(5)",
      "programCounter" : 163
    }, {
      "stringRepresentation" : "INVOKEVIRTUAL(org.apache.pdfbox.cos.COSStream{ void close() })",
      "programCounter" : 165
    } ]
  }, {
    "fullSignature" : "java.lang.String getDictionaryString(org.apache.pdfbox.cos.COSBase,java.util.List)",
    "numberOfTotalInstructions" : 202,
    "numberOfDeadInstructions" : 10,
    "enclosingTypeName" : "org.apache.pdfbox.cos.COSDictionary",
    "deadInstructions" : [ {
      "stringRepresentation" : "ALOAD_3",
      "programCounter" : 206
    }, {
      "stringRepresentation" : "INVOKEVIRTUAL(java.io.InputStream{ void close() })",
      "programCounter" : 207
    }, {
      "stringRepresentation" : "GOTO(68)",
      "programCounter" : 210
    }, {
      "stringRepresentation" : "ASTORE(5)",
      "programCounter" : 213
    }, {
      "stringRepresentation" : "ALOAD(4)",
      "programCounter" : 215
    }, {
      "stringRepresentation" : "ALOAD(5)",
      "programCounter" : 217
    }, {
      "stringRepresentation" : "INVOKEVIRTUAL(java.lang.Throwable{ void addSuppressed(java.lang.Throwable) })",
      "programCounter" : 219
    }, {
      "stringRepresentation" : "GOTO(56)",
      "programCounter" : 222
    }, {
      "stringRepresentation" : "ALOAD_3",
      "programCounter" : 271
    }, {
      "stringRepresentation" : "INVOKEVIRTUAL(java.io.InputStream{ void close() })",
      "programCounter" : 272
    } ]
  }, {
    "fullSignature" : "org.apache.pdfbox.cos.COSName getKeyForValue(java.lang.Object)",
    "numberOfTotalInstructions" : 35,
    "numberOfDeadInstructions" : 1,
    "enclosingTypeName" : "org.apache.pdfbox.cos.COSDictionary",
    "deadInstructions" : [ {
      "stringRepresentation" : "GOTO(-69)",
      "programCounter" : 84
    } ]
  }, {
    "fullSignature" : "void process(org.apache.pdfbox.contentstream.operator.Operator,java.util.List)",
    "numberOfTotalInstructions" : 84,
    "numberOfDeadInstructions" : 1,
    "enclosingTypeName" : "org.apache.pdfbox.contentstream.operator.state.SetLineDashPattern",
    "deadInstructions" : [ {
      "stringRepresentation" : "GOTO(-100)",
      "programCounter" : 183
    } ]
  }, {
    "fullSignature" : "void doWriteIncrement()",
    "numberOfTotalInstructions" : 58,
    "numberOfDeadInstructions" : 10,
    "enclosingTypeName" : "org.apache.pdfbox.pdfwriter.COSWriter",
    "deadInstructions" : [ {
      "stringRepresentation" : "ALOAD_1",
      "programCounter" : 48
    }, {
      "stringRepresentation" : "INVOKEVIRTUAL(org.apache.pdfbox.io.RandomAccessInputStream{ void close() })",
      "programCounter" : 49
    }, {
      "stringRepresentation" : "GOTO(59)",
      "programCounter" : 52
    }, {
      "stringRepresentation" : "ASTORE_3",
      "programCounter" : 55
    }, {
      "stringRepresentation" : "ALOAD_2",
      "programCounter" : 56
    }, {
      "stringRepresentation" : "ALOAD_3",
      "programCounter" : 57
    }, {
      "stringRepresentation" : "INVOKEVIRTUAL(java.lang.Throwable{ void addSuppressed(java.lang.Throwable) })",
      "programCounter" : 58
    }, {
      "stringRepresentation" : "GOTO(50)",
      "programCounter" : 61
    }, {
      "stringRepresentation" : "ALOAD_1",
      "programCounter" : 104
    }, {
      "stringRepresentation" : "INVOKEVIRTUAL(org.apache.pdfbox.io.RandomAccessInputStream{ void close() })",
      "programCounter" : 105
    } ]
  }, {
    "fullSignature" : "org.apache.pdfbox.pdmodel.fdf.FDFDocument loadFDF(java.io.InputStream)",
    "numberOfTotalInstructions" : 53,
    "numberOfDeadInstructions" : 10,
    "enclosingTypeName" : "org.apache.pdfbox.Loader",
    "deadInstructions" : [ {
      "stringRepresentation" : "ALOAD_1",
      "programCounter" : 34
    }, {
      "stringRepresentation" : "INVOKEINTERFACE(org.apache.pdfbox.io.RandomAccessRead{ void close() })",
      "programCounter" : 35
    }, {
      "stringRepresentation" : "GOTO(20)",
      "programCounter" : 40
    }, {
      "stringRepresentation" : "ASTORE(5)",
      "programCounter" : 43
    }, {
      "stringRepresentation" : "ALOAD_2",
      "programCounter" : 45
    }, {
      "stringRepresentation" : "ALOAD(5)",
      "programCounter" : 46
    }, {
      "stringRepresentation" : "INVOKEVIRTUAL(java.lang.Throwable{ void addSuppressed(java.lang.Throwable) })",
      "programCounter" : 48
    }, {
      "stringRepresentation" : "GOTO(9)",
      "programCounter" : 51
    }, {
      "stringRepresentation" : "ALOAD_1",
      "programCounter" : 98
    }, {
      "stringRepresentation" : "INVOKEINTERFACE(org.apache.pdfbox.io.RandomAccessRead{ void close() })",
      "programCounter" : 99
    } ]
  } ]
}