{
  "filesAnalyzed" : [ "benchmark/jars/jackson-core-2.19.1.jar" ],
  "domainUsed" : "org.opalj.ai.fpcf.domain.L1DefaultDomainWithCFGAndDefUseAndSignatureRefinement",
  "timeFinished" : "2025-07-01T09:41:39.5755877",
  "totalRuntimeMs" : 877,
  "methodsFound" : [ {
    "fullSignature" : "com.fasterxml.jackson.core.JsonToken switchAndReturnNext()",
    "numberOfTotalInstructions" : 40,
    "numberOfDeadInstructions" : 1,
    "enclosingTypeName" : "com.fasterxml.jackson.core.util.JsonParserSequence",
    "deadInstructions" : [ {
      "stringRepresentation" : "GOTO(-71)",
      "programCounter" : 71
    } ]
  }, {
    "fullSignature" : "void _writeSimpleObject(java.lang.Object)",
    "numberOfTotalInstructions" : 146,
    "numberOfDeadInstructions" : 1,
    "enclosingTypeName" : "com.fasterxml.jackson.core.JsonGenerator",
    "deadInstructions" : [ {
      "stringRepresentation" : "GOTO(60)",
      "programCounter" : 204
    } ]
  }, {
    "fullSignature" : "com.fasterxml.jackson.core.JsonToken _nextToken2()",
    "numberOfTotalInstructions" : 437,
    "numberOfDeadInstructions" : 4,
    "enclosingTypeName" : "com.fasterxml.jackson.core.filter.FilteringParserDelegate",
    "deadInstructions" : [ {
      "stringRepresentation" : "GOTO(-531)",
      "programCounter" : 531
    }, {
      "stringRepresentation" : "GOTO(-625)",
      "programCounter" : 625
    }, {
      "stringRepresentation" : "GOTO(-801)",
      "programCounter" : 801
    }, {
      "stringRepresentation" : "GOTO(-872)",
      "programCounter" : 872
    } ]
  }, {
    "fullSignature" : "com.fasterxml.jackson.core.JsonToken _nextTokenWithBuffering(com.fasterxml.jackson.core.filter.TokenFilterContext)",
    "numberOfTotalInstructions" : 390,
    "numberOfDeadInstructions" : 2,
    "enclosingTypeName" : "com.fasterxml.jackson.core.filter.FilteringParserDelegate",
    "deadInstructions" : [ {
      "stringRepresentation" : "GOTO(-449)",
      "programCounter" : 449
    }, {
      "stringRepresentation" : "GOTO(-611)",
      "programCounter" : 611
    } ]
  }, {
    "fullSignature" : "void _reportInvalidToken(java.lang.String,java.lang.String)",
    "numberOfTotalInstructions" : 54,
    "numberOfDeadInstructions" : 1,
    "enclosingTypeName" : "com.fasterxml.jackson.core.json.ReaderBasedJsonParser",
    "deadInstructions" : [ {
      "stringRepresentation" : "GOTO(-85)",
      "programCounter" : 94
    } ]
  }, {
    "fullSignature" : "void _reportInvalidToken(java.lang.String,java.lang.String)",
    "numberOfTotalInstructions" : 58,
    "numberOfDeadInstructions" : 1,
    "enclosingTypeName" : "com.fasterxml.jackson.core.json.UTF8StreamJsonParser",
    "deadInstructions" : [ {
      "stringRepresentation" : "GOTO(-91)",
      "programCounter" : 100
    } ]
  } ]
}