{
  "filesAnalyzed" : [ "benchmark/jars/jackson-core-2.19.1.jar" ],
  "domainUsed" : "org.opalj.ai.domain.l0.BaseDomain",
  "timeFinished" : "2025-07-01T09:44:31.4709143",
  "totalRuntimeMs" : 128,
  "methodsFound" : [ {
    "fullSignature" : "com.fasterxml.jackson.core.JsonParser skipChildren()",
    "numberOfTotalInstructions" : 35,
    "numberOfDeadInstructions" : 1,
    "enclosingTypeName" : "com.fasterxml.jackson.core.util.JsonParserSequence",
    "deadInstructions" : [ {
      "stringRepresentation" : "GOTO(-40)",
      "programCounter" : 70
    } ]
  }, {
    "fullSignature" : "com.fasterxml.jackson.core.JsonToken switchAndReturnNext()",
    "numberOfTotalInstructions" : 40,
    "numberOfDeadInstructions" : 1,
    "enclosingTypeName" : "com.fasterxml.jackson.core.util.JsonParserSequence",
    "deadInstructions" : [ {
      "stringRepresentation" : "GOTO(-71)",
      "programCounter" : 71
    } ]
  }, {
    "fullSignature" : "com.fasterxml.jackson.core.Version versionFor(java.lang.Class)",
    "numberOfTotalInstructions" : 51,
    "numberOfDeadInstructions" : 1,
    "enclosingTypeName" : "com.fasterxml.jackson.core.util.VersionUtil",
    "deadInstructions" : [ {
      "stringRepresentation" : "GOTO(4)",
      "programCounter" : 94
    } ]
  }, {
    "fullSignature" : "void _writeUTF8Segment(byte[],int,int)",
    "numberOfTotalInstructions" : 54,
    "numberOfDeadInstructions" : 1,
    "enclosingTypeName" : "com.fasterxml.jackson.core.json.UTF8JsonGenerator",
    "deadInstructions" : [ {
      "stringRepresentation" : "GOTO(-37)",
      "programCounter" : 51
    } ]
  }, {
    "fullSignature" : "void _reportInvalidToken(java.lang.String,java.lang.String)",
    "numberOfTotalInstructions" : 54,
    "numberOfDeadInstructions" : 1,
    "enclosingTypeName" : "com.fasterxml.jackson.core.json.ReaderBasedJsonParser",
    "deadInstructions" : [ {
      "stringRepresentation" : "GOTO(-85)",
      "programCounter" : 94
    } ]
  }, {
    "fullSignature" : "com.fasterxml.jackson.core.JsonToken _finishAposString()",
    "numberOfTotalInstructions" : 246,
    "numberOfDeadInstructions" : 1,
    "enclosingTypeName" : "com.fasterxml.jackson.core.json.async.NonBlockingUtf8JsonParserBase",
    "deadInstructions" : [ {
      "stringRepresentation" : "GOTO(-149)",
      "programCounter" : 184
    } ]
  }, {
    "fullSignature" : "com.fasterxml.jackson.core.JsonToken _finishRegularString()",
    "numberOfTotalInstructions" : 243,
    "numberOfDeadInstructions" : 1,
    "enclosingTypeName" : "com.fasterxml.jackson.core.json.async.NonBlockingUtf8JsonParserBase",
    "deadInstructions" : [ {
      "stringRepresentation" : "GOTO(-114)",
      "programCounter" : 149
    } ]
  }, {
    "fullSignature" : "com.fasterxml.jackson.core.JsonToken _handleApos()",
    "numberOfTotalInstructions" : 180,
    "numberOfDeadInstructions" : 1,
    "enclosingTypeName" : "com.fasterxml.jackson.core.json.UTF8StreamJsonParser",
    "deadInstructions" : [ {
      "stringRepresentation" : "GOTO(-125)",
      "programCounter" : 148
    } ]
  }, {
    "fullSignature" : "void _reportInvalidToken(java.lang.String,java.lang.String)",
    "numberOfTotalInstructions" : 58,
    "numberOfDeadInstructions" : 1,
    "enclosingTypeName" : "com.fasterxml.jackson.core.json.UTF8StreamJsonParser",
    "deadInstructions" : [ {
      "stringRepresentation" : "GOTO(-91)",
      "programCounter" : 100
    } ]
  }, {
    "fullSignature" : "com.fasterxml.jackson.core.JsonToken _nextToken2()",
    "numberOfTotalInstructions" : 437,
    "numberOfDeadInstructions" : 4,
    "enclosingTypeName" : "com.fasterxml.jackson.core.filter.FilteringParserDelegate",
    "deadInstructions" : [ {
      "stringRepresentation" : "GOTO(-531)",
      "programCounter" : 531
    }, {
      "stringRepresentation" : "GOTO(-625)",
      "programCounter" : 625
    }, {
      "stringRepresentation" : "GOTO(-801)",
      "programCounter" : 801
    }, {
      "stringRepresentation" : "GOTO(-872)",
      "programCounter" : 872
    } ]
  }, {
    "fullSignature" : "com.fasterxml.jackson.core.JsonToken _nextTokenWithBuffering(com.fasterxml.jackson.core.filter.TokenFilterContext)",
    "numberOfTotalInstructions" : 390,
    "numberOfDeadInstructions" : 2,
    "enclosingTypeName" : "com.fasterxml.jackson.core.filter.FilteringParserDelegate",
    "deadInstructions" : [ {
      "stringRepresentation" : "GOTO(-449)",
      "programCounter" : 449
    }, {
      "stringRepresentation" : "GOTO(-611)",
      "programCounter" : 611
    } ]
  }, {
    "fullSignature" : "com.fasterxml.jackson.core.JsonToken nextToken()",
    "numberOfTotalInstructions" : 507,
    "numberOfDeadInstructions" : 2,
    "enclosingTypeName" : "com.fasterxml.jackson.core.filter.FilteringParserDelegate",
    "deadInstructions" : [ {
      "stringRepresentation" : "GOTO(-159)",
      "programCounter" : 236
    }, {
      "stringRepresentation" : "GOTO(244)",
      "programCounter" : 776
    } ]
  }, {
    "fullSignature" : "com.fasterxml.jackson.core.JsonParser skipChildren()",
    "numberOfTotalInstructions" : 33,
    "numberOfDeadInstructions" : 1,
    "enclosingTypeName" : "com.fasterxml.jackson.core.filter.FilteringParserDelegate",
    "deadInstructions" : [ {
      "stringRepresentation" : "GOTO(-40)",
      "programCounter" : 64
    } ]
  }, {
    "fullSignature" : "void _writeSimpleObject(java.lang.Object)",
    "numberOfTotalInstructions" : 146,
    "numberOfDeadInstructions" : 1,
    "enclosingTypeName" : "com.fasterxml.jackson.core.JsonGenerator",
    "deadInstructions" : [ {
      "stringRepresentation" : "GOTO(60)",
      "programCounter" : 204
    } ]
  } ]
}