{
  "filesAnalyzed" : [ "benchmark/jars/jackson-core-2.19.1.jar" ],
  "domainUsed" : "org.opalj.ai.domain.l2.DefaultPerformInvocationsDomainWithCFGAndDefUse",
  "timeFinished" : "2025-07-01T09:44:40.8898569",
  "totalRuntimeMs" : 8584,
  "methodsFound" : [ {
    "fullSignature" : "long parseFloatingPointLiteral(char[],int,int)",
    "numberOfTotalInstructions" : 97,
    "numberOfDeadInstructions" : 78,
    "enclosingTypeName" : "com.fasterxml.jackson.core.internal.shaded.fdp.v2_19_1.AbstractJavaFloatingPointBitsFromCharArray",
    "deadInstructions" : [ {
      "stringRepresentation" : "ALOAD_1",
      "programCounter" : 35
    }, {
      "stringRepresentation" : "ILOAD(5)",
      "programCounter" : 36
    }, {
      "stringRepresentation" : "CALOAD",
      "programCounter" : 38
    }, {
      "stringRepresentation" : "ISTORE(6)",
      "programCounter" : 39
    }, {
      "stringRepresentation" : "ILOAD(6)",
      "programCounter" : 41
    }, {
      "stringRepresentation" : "BIPUSH(45)",
      "programCounter" : 43
    }, {
      "stringRepresentation" : "IF_ICMPNE(7)",
      "programCounter" : 45
    }, {
      "stringRepresentation" : "ICONST_1",
      "programCounter" : 48
    }, {
      "stringRepresentation" : "GOTO(4)",
      "programCounter" : 49
    }, {
      "stringRepresentation" : "ICONST_0",
      "programCounter" : 52
    }, {
      "stringRepresentation" : "ISTORE(7)",
      "programCounter" : 53
    }, {
      "stringRepresentation" : "ILOAD(7)",
      "programCounter" : 55
    }, {
      "stringRepresentation" : "IFNE(10)",
      "programCounter" : 57
    }, {
      "stringRepresentation" : "ILOAD(6)",
      "programCounter" : 60
    }, {
      "stringRepresentation" : "BIPUSH(43)",
      "programCounter" : 62
    }, {
      "stringRepresentation" : "IF_ICMPNE(31)",
      "programCounter" : 64
    }, {
      "stringRepresentation" : "ALOAD_1",
      "programCounter" : 67
    }, {
      "stringRepresentation" : "IINC(lvIndex=5, 1)",
      "programCounter" : 68
    }, {
      "stringRepresentation" : "ILOAD(5)",
      "programCounter" : 71
    }, {
      "stringRepresentation" : "ILOAD(4)",
      "programCounter" : 73
    }, {
      "stringRepresentation" : "INVOKESTATIC(com.fasterxml.jackson.core.internal.shaded.fdp.v2_19_1.AbstractJavaFloatingPointBitsFromCharArray{ char charAt(char[],int,int) })",
      "programCounter" : 75
    }, {
      "stringRepresentation" : "ISTORE(6)",
      "programCounter" : 78
    }, {
      "stringRepresentation" : "ILOAD(6)",
      "programCounter" : 80
    }, {
      "stringRepresentation" : "IFNE(13)",
      "programCounter" : 82
    }, {
      "stringRepresentation" : "NEW java.lang.NumberFormatException",
      "programCounter" : 85
    }, {
      "stringRepresentation" : "DUP",
      "programCounter" : 88
    }, {
      "stringRepresentation" : "LoadString(\"illegal syntax\")",
      "programCounter" : 89
    }, {
      "stringRepresentation" : "INVOKESPECIAL(java.lang.NumberFormatException{ void <init>(java.lang.String) })",
      "programCounter" : 91
    }, {
      "stringRepresentation" : "ATHROW",
      "programCounter" : 94
    }, {
      "stringRepresentation" : "ILOAD(6)",
      "programCounter" : 95
    }, {
      "stringRepresentation" : "BIPUSH(73)",
      "programCounter" : 97
    }, {
      "stringRepresentation" : "IF_ICMPLT(15)",
      "programCounter" : 99
    }, {
      "stringRepresentation" : "ALOAD_0",
      "programCounter" : 102
    }, {
      "stringRepresentation" : "ALOAD_1",
      "programCounter" : 103
    }, {
      "stringRepresentation" : "ILOAD(5)",
      "programCounter" : 104
    }, {
      "stringRepresentation" : "ILOAD(4)",
      "programCounter" : 106
    }, {
      "stringRepresentation" : "ILOAD(7)",
      "programCounter" : 108
    }, {
      "stringRepresentation" : "INVOKESPECIAL(com.fasterxml.jackson.core.internal.shaded.fdp.v2_19_1.AbstractJavaFloatingPointBitsFromCharArray{ long parseNaNOrInfinity(char[],int,int,boolean) })",
      "programCounter" : 110
    }, {
      "stringRepresentation" : "LRETURN",
      "programCounter" : 113
    }, {
      "stringRepresentation" : "ILOAD(6)",
      "programCounter" : 114
    }, {
      "stringRepresentation" : "BIPUSH(48)",
      "programCounter" : 116
    }, {
      "stringRepresentation" : "IF_ICMPNE(7)",
      "programCounter" : 118
    }, {
      "stringRepresentation" : "ICONST_1",
      "programCounter" : 121
    }, {
      "stringRepresentation" : "GOTO(4)",
      "programCounter" : 122
    }, {
      "stringRepresentation" : "ICONST_0",
      "programCounter" : 125
    }, {
      "stringRepresentation" : "ISTORE(8)",
      "programCounter" : 126
    }, {
      "stringRepresentation" : "ILOAD(8)",
      "programCounter" : 128
    }, {
      "stringRepresentation" : "IFEQ(41)",
      "programCounter" : 130
    }, {
      "stringRepresentation" : "ALOAD_1",
      "programCounter" : 133
    }, {
      "stringRepresentation" : "IINC(lvIndex=5, 1)",
      "programCounter" : 134
    }, {
      "stringRepresentation" : "ILOAD(5)",
      "programCounter" : 137
    }, {
      "stringRepresentation" : "ILOAD(4)",
      "programCounter" : 139
    }, {
      "stringRepresentation" : "INVOKESTATIC(com.fasterxml.jackson.core.internal.shaded.fdp.v2_19_1.AbstractJavaFloatingPointBitsFromCharArray{ char charAt(char[],int,int) })",
      "programCounter" : 141
    }, {
      "stringRepresentation" : "ISTORE(6)",
      "programCounter" : 144
    }, {
      "stringRepresentation" : "ILOAD(6)",
      "programCounter" : 146
    }, {
      "stringRepresentation" : "BIPUSH(32)",
      "programCounter" : 148
    }, {
      "stringRepresentation" : "IOR",
      "programCounter" : 150
    }, {
      "stringRepresentation" : "BIPUSH(120)",
      "programCounter" : 151
    }, {
      "stringRepresentation" : "IF_ICMPNE(18)",
      "programCounter" : 153
    }, {
      "stringRepresentation" : "ALOAD_0",
      "programCounter" : 156
    }, {
      "stringRepresentation" : "ALOAD_1",
      "programCounter" : 157
    }, {
      "stringRepresentation" : "ILOAD(5)",
      "programCounter" : 158
    }, {
      "stringRepresentation" : "ICONST_1",
      "programCounter" : 160
    }, {
      "stringRepresentation" : "IADD",
      "programCounter" : 161
    }, {
      "stringRepresentation" : "ILOAD_2",
      "programCounter" : 162
    }, {
      "stringRepresentation" : "ILOAD(4)",
      "programCounter" : 163
    }, {
      "stringRepresentation" : "ILOAD(7)",
      "programCounter" : 165
    }, {
      "stringRepresentation" : "INVOKESPECIAL(com.fasterxml.jackson.core.internal.shaded.fdp.v2_19_1.AbstractJavaFloatingPointBitsFromCharArray{ long parseHexFloatLiteral(char[],int,int,int,boolean) })",
      "programCounter" : 167
    }, {
      "stringRepresentation" : "LRETURN",
      "programCounter" : 170
    }, {
      "stringRepresentation" : "ALOAD_0",
      "programCounter" : 171
    }, {
      "stringRepresentation" : "ALOAD_1",
      "programCounter" : 172
    }, {
      "stringRepresentation" : "ILOAD(5)",
      "programCounter" : 173
    }, {
      "stringRepresentation" : "ILOAD_2",
      "programCounter" : 175
    }, {
      "stringRepresentation" : "ILOAD(4)",
      "programCounter" : 176
    }, {
      "stringRepresentation" : "ILOAD(7)",
      "programCounter" : 178
    }, {
      "stringRepresentation" : "ILOAD(8)",
      "programCounter" : 180
    }, {
      "stringRepresentation" : "INVOKESPECIAL(com.fasterxml.jackson.core.internal.shaded.fdp.v2_19_1.AbstractJavaFloatingPointBitsFromCharArray{ long parseDecFloatLiteral(char[],int,int,int,boolean,boolean) })",
      "programCounter" : 182
    }, {
      "stringRepresentation" : "LRETURN",
      "programCounter" : 185
    } ]
  }, {
    "fullSignature" : "java.math.BigDecimal parseBigDecimalString(byte[],int,int)",
    "numberOfTotalInstructions" : 283,
    "numberOfDeadInstructions" : 180,
    "enclosingTypeName" : "com.fasterxml.jackson.core.internal.shaded.fdp.v2_19_1.JavaBigDecimalFromByteArray",
    "deadInstructions" : [ {
      "stringRepresentation" : "ICONST_1",
      "programCounter" : 53
    }, {
      "stringRepresentation" : "GOTO(4)",
      "programCounter" : 54
    }, {
      "stringRepresentation" : "ALOAD_1",
      "programCounter" : 72
    }, {
      "stringRepresentation" : "IINC(lvIndex=10, 1)",
      "programCounter" : 73
    }, {
      "stringRepresentation" : "ILOAD(10)",
      "programCounter" : 76
    }, {
      "stringRepresentation" : "ILOAD(4)",
      "programCounter" : 78
    }, {
      "stringRepresentation" : "INVOKESTATIC(com.fasterxml.jackson.core.internal.shaded.fdp.v2_19_1.JavaBigDecimalFromByteArray{ byte charAt(byte[],int,int) })",
      "programCounter" : 80
    }, {
      "stringRepresentation" : "ISTORE(11)",
      "programCounter" : 83
    }, {
      "stringRepresentation" : "ILOAD(11)",
      "programCounter" : 85
    }, {
      "stringRepresentation" : "IFNE(13)",
      "programCounter" : 87
    }, {
      "stringRepresentation" : "NEW java.lang.NumberFormatException",
      "programCounter" : 90
    }, {
      "stringRepresentation" : "DUP",
      "programCounter" : 93
    }, {
      "stringRepresentation" : "LoadString(\"illegal syntax\")",
      "programCounter" : 94
    }, {
      "stringRepresentation" : "INVOKESPECIAL(java.lang.NumberFormatException{ void <init>(java.lang.String) })",
      "programCounter" : 96
    }, {
      "stringRepresentation" : "ATHROW",
      "programCounter" : 99
    }, {
      "stringRepresentation" : "ALOAD_1",
      "programCounter" : 111
    }, {
      "stringRepresentation" : "ILOAD(10)",
      "programCounter" : 112
    }, {
      "stringRepresentation" : "BALOAD",
      "programCounter" : 114
    }, {
      "stringRepresentation" : "ISTORE(11)",
      "programCounter" : 115
    }, {
      "stringRepresentation" : "ILOAD(11)",
      "programCounter" : 117
    }, {
      "stringRepresentation" : "BIPUSH(48)",
      "programCounter" : 119
    }, {
      "stringRepresentation" : "ISUB",
      "programCounter" : 121
    }, {
      "stringRepresentation" : "I2C",
      "programCounter" : 122
    }, {
      "stringRepresentation" : "ISTORE(14)",
      "programCounter" : 123
    }, {
      "stringRepresentation" : "ILOAD(14)",
      "programCounter" : 125
    }, {
      "stringRepresentation" : "BIPUSH(10)",
      "programCounter" : 127
    }, {
      "stringRepresentation" : "IF_ICMPGE(18)",
      "programCounter" : 129
    }, {
      "stringRepresentation" : "LoadLong(10)",
      "programCounter" : 132
    }, {
      "stringRepresentation" : "LLOAD(5)",
      "programCounter" : 135
    }, {
      "stringRepresentation" : "LMUL",
      "programCounter" : 137
    }, {
      "stringRepresentation" : "ILOAD(14)",
      "programCounter" : 138
    }, {
      "stringRepresentation" : "I2L",
      "programCounter" : 140
    }, {
      "stringRepresentation" : "LADD",
      "programCounter" : 141
    }, {
      "stringRepresentation" : "LSTORE(5)",
      "programCounter" : 142
    }, {
      "stringRepresentation" : "GOTO(74)",
      "programCounter" : 144
    }, {
      "stringRepresentation" : "ILOAD(11)",
      "programCounter" : 147
    }, {
      "stringRepresentation" : "BIPUSH(46)",
      "programCounter" : 149
    }, {
      "stringRepresentation" : "IF_ICMPNE(73)",
      "programCounter" : 151
    }, {
      "stringRepresentation" : "ILOAD(12)",
      "programCounter" : 154
    }, {
      "stringRepresentation" : "ILOAD(8)",
      "programCounter" : 156
    }, {
      "stringRepresentation" : "IFLT(7)",
      "programCounter" : 158
    }, {
      "stringRepresentation" : "ICONST_1",
      "programCounter" : 161
    }, {
      "stringRepresentation" : "GOTO(4)",
      "programCounter" : 162
    }, {
      "stringRepresentation" : "ICONST_0",
      "programCounter" : 165
    }, {
      "stringRepresentation" : "IOR",
      "programCounter" : 166
    }, {
      "stringRepresentation" : "ISTORE(12)",
      "programCounter" : 167
    }, {
      "stringRepresentation" : "ILOAD(10)",
      "programCounter" : 169
    }, {
      "stringRepresentation" : "ISTORE(8)",
      "programCounter" : 171
    }, {
      "stringRepresentation" : "ILOAD(10)",
      "programCounter" : 173
    }, {
      "stringRepresentation" : "ILOAD(4)",
      "programCounter" : 175
    }, {
      "stringRepresentation" : "ICONST_4",
      "programCounter" : 177
    }, {
      "stringRepresentation" : "ISUB",
      "programCounter" : 178
    }, {
      "stringRepresentation" : "IF_ICMPGE(39)",
      "programCounter" : 179
    }, {
      "stringRepresentation" : "ALOAD_1",
      "programCounter" : 182
    }, {
      "stringRepresentation" : "ILOAD(10)",
      "programCounter" : 183
    }, {
      "stringRepresentation" : "ICONST_1",
      "programCounter" : 185
    }, {
      "stringRepresentation" : "IADD",
      "programCounter" : 186
    }, {
      "stringRepresentation" : "INVOKESTATIC(com.fasterxml.jackson.core.internal.shaded.fdp.v2_19_1.FastDoubleSwar{ int tryToParseFourDigits(byte[],int) })",
      "programCounter" : 187
    }, {
      "stringRepresentation" : "ISTORE(15)",
      "programCounter" : 190
    }, {
      "stringRepresentation" : "ILOAD(15)",
      "programCounter" : 192
    }, {
      "stringRepresentation" : "IFLT(24)",
      "programCounter" : 194
    }, {
      "stringRepresentation" : "NOP",
      "programCounter" : 197
    }, {
      "stringRepresentation" : "NOP",
      "programCounter" : 198
    }, {
      "stringRepresentation" : "NOP",
      "programCounter" : 199
    }, {
      "stringRepresentation" : "LoadLong(10000)",
      "programCounter" : 200
    }, {
      "stringRepresentation" : "LLOAD(5)",
      "programCounter" : 203
    }, {
      "stringRepresentation" : "LMUL",
      "programCounter" : 205
    }, {
      "stringRepresentation" : "ILOAD(15)",
      "programCounter" : 206
    }, {
      "stringRepresentation" : "I2L",
      "programCounter" : 208
    }, {
      "stringRepresentation" : "LADD",
      "programCounter" : 209
    }, {
      "stringRepresentation" : "LSTORE(5)",
      "programCounter" : 210
    }, {
      "stringRepresentation" : "IINC(lvIndex=10, 4)",
      "programCounter" : 212
    }, {
      "stringRepresentation" : "GOTO(-42)",
      "programCounter" : 215
    }, {
      "stringRepresentation" : "IINC(lvIndex=10, 1)",
      "programCounter" : 218
    }, {
      "stringRepresentation" : "GOTO(-117)",
      "programCounter" : 221
    }, {
      "stringRepresentation" : "ILOAD(15)",
      "programCounter" : 250
    }, {
      "stringRepresentation" : "ILOAD(7)",
      "programCounter" : 252
    }, {
      "stringRepresentation" : "ISUB",
      "programCounter" : 254
    }, {
      "stringRepresentation" : "ICONST_1",
      "programCounter" : 255
    }, {
      "stringRepresentation" : "ISUB",
      "programCounter" : 256
    }, {
      "stringRepresentation" : "ISTORE(14)",
      "programCounter" : 257
    }, {
      "stringRepresentation" : "ILOAD(8)",
      "programCounter" : 259
    }, {
      "stringRepresentation" : "ILOAD(15)",
      "programCounter" : 261
    }, {
      "stringRepresentation" : "ISUB",
      "programCounter" : 263
    }, {
      "stringRepresentation" : "ICONST_1",
      "programCounter" : 264
    }, {
      "stringRepresentation" : "IADD",
      "programCounter" : 265
    }, {
      "stringRepresentation" : "I2L",
      "programCounter" : 266
    }, {
      "stringRepresentation" : "LSTORE(16)",
      "programCounter" : 267
    }, {
      "stringRepresentation" : "ILOAD(10)",
      "programCounter" : 282
    }, {
      "stringRepresentation" : "ISTORE(9)",
      "programCounter" : 284
    }, {
      "stringRepresentation" : "ALOAD_1",
      "programCounter" : 286
    }, {
      "stringRepresentation" : "IINC(lvIndex=10, 1)",
      "programCounter" : 287
    }, {
      "stringRepresentation" : "ILOAD(10)",
      "programCounter" : 290
    }, {
      "stringRepresentation" : "ILOAD(4)",
      "programCounter" : 292
    }, {
      "stringRepresentation" : "INVOKESTATIC(com.fasterxml.jackson.core.internal.shaded.fdp.v2_19_1.JavaBigDecimalFromByteArray{ byte charAt(byte[],int,int) })",
      "programCounter" : 294
    }, {
      "stringRepresentation" : "ISTORE(11)",
      "programCounter" : 297
    }, {
      "stringRepresentation" : "ILOAD(11)",
      "programCounter" : 299
    }, {
      "stringRepresentation" : "BIPUSH(45)",
      "programCounter" : 301
    }, {
      "stringRepresentation" : "IF_ICMPNE(7)",
      "programCounter" : 303
    }, {
      "stringRepresentation" : "ICONST_1",
      "programCounter" : 306
    }, {
      "stringRepresentation" : "GOTO(4)",
      "programCounter" : 307
    }, {
      "stringRepresentation" : "ICONST_0",
      "programCounter" : 310
    }, {
      "stringRepresentation" : "ISTORE(20)",
      "programCounter" : 311
    }, {
      "stringRepresentation" : "ILOAD(20)",
      "programCounter" : 313
    }, {
      "stringRepresentation" : "IFNE(10)",
      "programCounter" : 315
    }, {
      "stringRepresentation" : "ILOAD(11)",
      "programCounter" : 318
    }, {
      "stringRepresentation" : "BIPUSH(43)",
      "programCounter" : 320
    }, {
      "stringRepresentation" : "IF_ICMPNE(16)",
      "programCounter" : 322
    }, {
      "stringRepresentation" : "ALOAD_1",
      "programCounter" : 325
    }, {
      "stringRepresentation" : "IINC(lvIndex=10, 1)",
      "programCounter" : 326
    }, {
      "stringRepresentation" : "ILOAD(10)",
      "programCounter" : 329
    }, {
      "stringRepresentation" : "ILOAD(4)",
      "programCounter" : 331
    }, {
      "stringRepresentation" : "INVOKESTATIC(com.fasterxml.jackson.core.internal.shaded.fdp.v2_19_1.JavaBigDecimalFromByteArray{ byte charAt(byte[],int,int) })",
      "programCounter" : 333
    }, {
      "stringRepresentation" : "ISTORE(11)",
      "programCounter" : 336
    }, {
      "stringRepresentation" : "ILOAD(11)",
      "programCounter" : 338
    }, {
      "stringRepresentation" : "BIPUSH(48)",
      "programCounter" : 340
    }, {
      "stringRepresentation" : "ISUB",
      "programCounter" : 342
    }, {
      "stringRepresentation" : "I2C",
      "programCounter" : 343
    }, {
      "stringRepresentation" : "ISTORE(21)",
      "programCounter" : 344
    }, {
      "stringRepresentation" : "ILOAD(12)",
      "programCounter" : 346
    }, {
      "stringRepresentation" : "ILOAD(21)",
      "programCounter" : 348
    }, {
      "stringRepresentation" : "BIPUSH(10)",
      "programCounter" : 350
    }, {
      "stringRepresentation" : "IF_ICMPLT(7)",
      "programCounter" : 352
    }, {
      "stringRepresentation" : "ICONST_1",
      "programCounter" : 355
    }, {
      "stringRepresentation" : "GOTO(4)",
      "programCounter" : 356
    }, {
      "stringRepresentation" : "ICONST_0",
      "programCounter" : 359
    }, {
      "stringRepresentation" : "IOR",
      "programCounter" : 360
    }, {
      "stringRepresentation" : "ISTORE(12)",
      "programCounter" : 361
    }, {
      "stringRepresentation" : "LLOAD(18)",
      "programCounter" : 363
    }, {
      "stringRepresentation" : "LoadLong(2147483647)",
      "programCounter" : 365
    }, {
      "stringRepresentation" : "LCMP",
      "programCounter" : 368
    }, {
      "stringRepresentation" : "IFGE(15)",
      "programCounter" : 369
    }, {
      "stringRepresentation" : "LoadLong(10)",
      "programCounter" : 372
    }, {
      "stringRepresentation" : "LLOAD(18)",
      "programCounter" : 375
    }, {
      "stringRepresentation" : "LMUL",
      "programCounter" : 377
    }, {
      "stringRepresentation" : "ILOAD(21)",
      "programCounter" : 378
    }, {
      "stringRepresentation" : "I2L",
      "programCounter" : 380
    }, {
      "stringRepresentation" : "LADD",
      "programCounter" : 381
    }, {
      "stringRepresentation" : "LSTORE(18)",
      "programCounter" : 382
    }, {
      "stringRepresentation" : "ALOAD_1",
      "programCounter" : 384
    }, {
      "stringRepresentation" : "IINC(lvIndex=10, 1)",
      "programCounter" : 385
    }, {
      "stringRepresentation" : "ILOAD(10)",
      "programCounter" : 388
    }, {
      "stringRepresentation" : "ILOAD(4)",
      "programCounter" : 390
    }, {
      "stringRepresentation" : "INVOKESTATIC(com.fasterxml.jackson.core.internal.shaded.fdp.v2_19_1.JavaBigDecimalFromByteArray{ byte charAt(byte[],int,int) })",
      "programCounter" : 392
    }, {
      "stringRepresentation" : "ISTORE(11)",
      "programCounter" : 395
    }, {
      "stringRepresentation" : "ILOAD(11)",
      "programCounter" : 397
    }, {
      "stringRepresentation" : "BIPUSH(48)",
      "programCounter" : 399
    }, {
      "stringRepresentation" : "ISUB",
      "programCounter" : 401
    }, {
      "stringRepresentation" : "I2C",
      "programCounter" : 402
    }, {
      "stringRepresentation" : "ISTORE(21)",
      "programCounter" : 403
    }, {
      "stringRepresentation" : "ILOAD(21)",
      "programCounter" : 405
    }, {
      "stringRepresentation" : "BIPUSH(10)",
      "programCounter" : 407
    }, {
      "stringRepresentation" : "IF_ICMPLT(-46)",
      "programCounter" : 409
    }, {
      "stringRepresentation" : "ILOAD(20)",
      "programCounter" : 412
    }, {
      "stringRepresentation" : "IFEQ(8)",
      "programCounter" : 414
    }, {
      "stringRepresentation" : "LLOAD(18)",
      "programCounter" : 417
    }, {
      "stringRepresentation" : "LNEG",
      "programCounter" : 419
    }, {
      "stringRepresentation" : "LSTORE(18)",
      "programCounter" : 420
    }, {
      "stringRepresentation" : "LLOAD(16)",
      "programCounter" : 422
    }, {
      "stringRepresentation" : "LLOAD(18)",
      "programCounter" : 424
    }, {
      "stringRepresentation" : "LADD",
      "programCounter" : 426
    }, {
      "stringRepresentation" : "LSTORE(16)",
      "programCounter" : 427
    }, {
      "stringRepresentation" : "GOTO(7)",
      "programCounter" : 429
    }, {
      "stringRepresentation" : "ICONST_0",
      "programCounter" : 447
    }, {
      "stringRepresentation" : "LLOAD(5)",
      "programCounter" : 480
    }, {
      "stringRepresentation" : "LNEG",
      "programCounter" : 482
    }, {
      "stringRepresentation" : "GOTO(5)",
      "programCounter" : 483
    }, {
      "stringRepresentation" : "ALOAD_0",
      "programCounter" : 498
    }, {
      "stringRepresentation" : "ALOAD_1",
      "programCounter" : 499
    }, {
      "stringRepresentation" : "ILOAD(7)",
      "programCounter" : 500
    }, {
      "stringRepresentation" : "ILOAD(8)",
      "programCounter" : 502
    }, {
      "stringRepresentation" : "ILOAD(8)",
      "programCounter" : 504
    }, {
      "stringRepresentation" : "ICONST_1",
      "programCounter" : 506
    }, {
      "stringRepresentation" : "IADD",
      "programCounter" : 507
    }, {
      "stringRepresentation" : "ILOAD(9)",
      "programCounter" : 508
    }, {
      "stringRepresentation" : "ILOAD(13)",
      "programCounter" : 510
    }, {
      "stringRepresentation" : "LLOAD(16)",
      "programCounter" : 512
    }, {
      "stringRepresentation" : "L2I",
      "programCounter" : 514
    }, {
      "stringRepresentation" : "INVOKEVIRTUAL(com.fasterxml.jackson.core.internal.shaded.fdp.v2_19_1.JavaBigDecimalFromByteArray{ java.math.BigDecimal valueOfBigDecimalString(byte[],int,int,int,int,boolean,int) })",
      "programCounter" : 515
    }, {
      "stringRepresentation" : "ARETURN",
      "programCounter" : 518
    } ]
  }, {
    "fullSignature" : "java.math.BigDecimal parseBigDecimalString(char[],int,int)",
    "numberOfTotalInstructions" : 283,
    "numberOfDeadInstructions" : 180,
    "enclosingTypeName" : "com.fasterxml.jackson.core.internal.shaded.fdp.v2_19_1.JavaBigDecimalFromCharArray",
    "deadInstructions" : [ {
      "stringRepresentation" : "ICONST_1",
      "programCounter" : 53
    }, {
      "stringRepresentation" : "GOTO(4)",
      "programCounter" : 54
    }, {
      "stringRepresentation" : "ALOAD_1",
      "programCounter" : 72
    }, {
      "stringRepresentation" : "IINC(lvIndex=10, 1)",
      "programCounter" : 73
    }, {
      "stringRepresentation" : "ILOAD(10)",
      "programCounter" : 76
    }, {
      "stringRepresentation" : "ILOAD(4)",
      "programCounter" : 78
    }, {
      "stringRepresentation" : "INVOKESTATIC(com.fasterxml.jackson.core.internal.shaded.fdp.v2_19_1.JavaBigDecimalFromCharArray{ char charAt(char[],int,int) })",
      "programCounter" : 80
    }, {
      "stringRepresentation" : "ISTORE(11)",
      "programCounter" : 83
    }, {
      "stringRepresentation" : "ILOAD(11)",
      "programCounter" : 85
    }, {
      "stringRepresentation" : "IFNE(13)",
      "programCounter" : 87
    }, {
      "stringRepresentation" : "NEW java.lang.NumberFormatException",
      "programCounter" : 90
    }, {
      "stringRepresentation" : "DUP",
      "programCounter" : 93
    }, {
      "stringRepresentation" : "LoadString(\"illegal syntax\")",
      "programCounter" : 94
    }, {
      "stringRepresentation" : "INVOKESPECIAL(java.lang.NumberFormatException{ void <init>(java.lang.String) })",
      "programCounter" : 96
    }, {
      "stringRepresentation" : "ATHROW",
      "programCounter" : 99
    }, {
      "stringRepresentation" : "ALOAD_1",
      "programCounter" : 111
    }, {
      "stringRepresentation" : "ILOAD(10)",
      "programCounter" : 112
    }, {
      "stringRepresentation" : "CALOAD",
      "programCounter" : 114
    }, {
      "stringRepresentation" : "ISTORE(11)",
      "programCounter" : 115
    }, {
      "stringRepresentation" : "ILOAD(11)",
      "programCounter" : 117
    }, {
      "stringRepresentation" : "BIPUSH(48)",
      "programCounter" : 119
    }, {
      "stringRepresentation" : "ISUB",
      "programCounter" : 121
    }, {
      "stringRepresentation" : "I2C",
      "programCounter" : 122
    }, {
      "stringRepresentation" : "ISTORE(14)",
      "programCounter" : 123
    }, {
      "stringRepresentation" : "ILOAD(14)",
      "programCounter" : 125
    }, {
      "stringRepresentation" : "BIPUSH(10)",
      "programCounter" : 127
    }, {
      "stringRepresentation" : "IF_ICMPGE(18)",
      "programCounter" : 129
    }, {
      "stringRepresentation" : "LoadLong(10)",
      "programCounter" : 132
    }, {
      "stringRepresentation" : "LLOAD(5)",
      "programCounter" : 135
    }, {
      "stringRepresentation" : "LMUL",
      "programCounter" : 137
    }, {
      "stringRepresentation" : "ILOAD(14)",
      "programCounter" : 138
    }, {
      "stringRepresentation" : "I2L",
      "programCounter" : 140
    }, {
      "stringRepresentation" : "LADD",
      "programCounter" : 141
    }, {
      "stringRepresentation" : "LSTORE(5)",
      "programCounter" : 142
    }, {
      "stringRepresentation" : "GOTO(74)",
      "programCounter" : 144
    }, {
      "stringRepresentation" : "ILOAD(11)",
      "programCounter" : 147
    }, {
      "stringRepresentation" : "BIPUSH(46)",
      "programCounter" : 149
    }, {
      "stringRepresentation" : "IF_ICMPNE(73)",
      "programCounter" : 151
    }, {
      "stringRepresentation" : "ILOAD(12)",
      "programCounter" : 154
    }, {
      "stringRepresentation" : "ILOAD(8)",
      "programCounter" : 156
    }, {
      "stringRepresentation" : "IFLT(7)",
      "programCounter" : 158
    }, {
      "stringRepresentation" : "ICONST_1",
      "programCounter" : 161
    }, {
      "stringRepresentation" : "GOTO(4)",
      "programCounter" : 162
    }, {
      "stringRepresentation" : "ICONST_0",
      "programCounter" : 165
    }, {
      "stringRepresentation" : "IOR",
      "programCounter" : 166
    }, {
      "stringRepresentation" : "ISTORE(12)",
      "programCounter" : 167
    }, {
      "stringRepresentation" : "ILOAD(10)",
      "programCounter" : 169
    }, {
      "stringRepresentation" : "ISTORE(8)",
      "programCounter" : 171
    }, {
      "stringRepresentation" : "ILOAD(10)",
      "programCounter" : 173
    }, {
      "stringRepresentation" : "ILOAD(4)",
      "programCounter" : 175
    }, {
      "stringRepresentation" : "ICONST_4",
      "programCounter" : 177
    }, {
      "stringRepresentation" : "ISUB",
      "programCounter" : 178
    }, {
      "stringRepresentation" : "IF_ICMPGE(39)",
      "programCounter" : 179
    }, {
      "stringRepresentation" : "ALOAD_1",
      "programCounter" : 182
    }, {
      "stringRepresentation" : "ILOAD(10)",
      "programCounter" : 183
    }, {
      "stringRepresentation" : "ICONST_1",
      "programCounter" : 185
    }, {
      "stringRepresentation" : "IADD",
      "programCounter" : 186
    }, {
      "stringRepresentation" : "INVOKESTATIC(com.fasterxml.jackson.core.internal.shaded.fdp.v2_19_1.FastDoubleSwar{ int tryToParseFourDigits(char[],int) })",
      "programCounter" : 187
    }, {
      "stringRepresentation" : "ISTORE(15)",
      "programCounter" : 190
    }, {
      "stringRepresentation" : "ILOAD(15)",
      "programCounter" : 192
    }, {
      "stringRepresentation" : "IFLT(24)",
      "programCounter" : 194
    }, {
      "stringRepresentation" : "NOP",
      "programCounter" : 197
    }, {
      "stringRepresentation" : "NOP",
      "programCounter" : 198
    }, {
      "stringRepresentation" : "NOP",
      "programCounter" : 199
    }, {
      "stringRepresentation" : "LoadLong(10000)",
      "programCounter" : 200
    }, {
      "stringRepresentation" : "LLOAD(5)",
      "programCounter" : 203
    }, {
      "stringRepresentation" : "LMUL",
      "programCounter" : 205
    }, {
      "stringRepresentation" : "ILOAD(15)",
      "programCounter" : 206
    }, {
      "stringRepresentation" : "I2L",
      "programCounter" : 208
    }, {
      "stringRepresentation" : "LADD",
      "programCounter" : 209
    }, {
      "stringRepresentation" : "LSTORE(5)",
      "programCounter" : 210
    }, {
      "stringRepresentation" : "IINC(lvIndex=10, 4)",
      "programCounter" : 212
    }, {
      "stringRepresentation" : "GOTO(-42)",
      "programCounter" : 215
    }, {
      "stringRepresentation" : "IINC(lvIndex=10, 1)",
      "programCounter" : 218
    }, {
      "stringRepresentation" : "GOTO(-117)",
      "programCounter" : 221
    }, {
      "stringRepresentation" : "ILOAD(15)",
      "programCounter" : 250
    }, {
      "stringRepresentation" : "ILOAD(7)",
      "programCounter" : 252
    }, {
      "stringRepresentation" : "ISUB",
      "programCounter" : 254
    }, {
      "stringRepresentation" : "ICONST_1",
      "programCounter" : 255
    }, {
      "stringRepresentation" : "ISUB",
      "programCounter" : 256
    }, {
      "stringRepresentation" : "ISTORE(14)",
      "programCounter" : 257
    }, {
      "stringRepresentation" : "ILOAD(8)",
      "programCounter" : 259
    }, {
      "stringRepresentation" : "ILOAD(15)",
      "programCounter" : 261
    }, {
      "stringRepresentation" : "ISUB",
      "programCounter" : 263
    }, {
      "stringRepresentation" : "ICONST_1",
      "programCounter" : 264
    }, {
      "stringRepresentation" : "IADD",
      "programCounter" : 265
    }, {
      "stringRepresentation" : "I2L",
      "programCounter" : 266
    }, {
      "stringRepresentation" : "LSTORE(16)",
      "programCounter" : 267
    }, {
      "stringRepresentation" : "ILOAD(10)",
      "programCounter" : 282
    }, {
      "stringRepresentation" : "ISTORE(9)",
      "programCounter" : 284
    }, {
      "stringRepresentation" : "ALOAD_1",
      "programCounter" : 286
    }, {
      "stringRepresentation" : "IINC(lvIndex=10, 1)",
      "programCounter" : 287
    }, {
      "stringRepresentation" : "ILOAD(10)",
      "programCounter" : 290
    }, {
      "stringRepresentation" : "ILOAD(4)",
      "programCounter" : 292
    }, {
      "stringRepresentation" : "INVOKESTATIC(com.fasterxml.jackson.core.internal.shaded.fdp.v2_19_1.JavaBigDecimalFromCharArray{ char charAt(char[],int,int) })",
      "programCounter" : 294
    }, {
      "stringRepresentation" : "ISTORE(11)",
      "programCounter" : 297
    }, {
      "stringRepresentation" : "ILOAD(11)",
      "programCounter" : 299
    }, {
      "stringRepresentation" : "BIPUSH(45)",
      "programCounter" : 301
    }, {
      "stringRepresentation" : "IF_ICMPNE(7)",
      "programCounter" : 303
    }, {
      "stringRepresentation" : "ICONST_1",
      "programCounter" : 306
    }, {
      "stringRepresentation" : "GOTO(4)",
      "programCounter" : 307
    }, {
      "stringRepresentation" : "ICONST_0",
      "programCounter" : 310
    }, {
      "stringRepresentation" : "ISTORE(20)",
      "programCounter" : 311
    }, {
      "stringRepresentation" : "ILOAD(20)",
      "programCounter" : 313
    }, {
      "stringRepresentation" : "IFNE(10)",
      "programCounter" : 315
    }, {
      "stringRepresentation" : "ILOAD(11)",
      "programCounter" : 318
    }, {
      "stringRepresentation" : "BIPUSH(43)",
      "programCounter" : 320
    }, {
      "stringRepresentation" : "IF_ICMPNE(16)",
      "programCounter" : 322
    }, {
      "stringRepresentation" : "ALOAD_1",
      "programCounter" : 325
    }, {
      "stringRepresentation" : "IINC(lvIndex=10, 1)",
      "programCounter" : 326
    }, {
      "stringRepresentation" : "ILOAD(10)",
      "programCounter" : 329
    }, {
      "stringRepresentation" : "ILOAD(4)",
      "programCounter" : 331
    }, {
      "stringRepresentation" : "INVOKESTATIC(com.fasterxml.jackson.core.internal.shaded.fdp.v2_19_1.JavaBigDecimalFromCharArray{ char charAt(char[],int,int) })",
      "programCounter" : 333
    }, {
      "stringRepresentation" : "ISTORE(11)",
      "programCounter" : 336
    }, {
      "stringRepresentation" : "ILOAD(11)",
      "programCounter" : 338
    }, {
      "stringRepresentation" : "BIPUSH(48)",
      "programCounter" : 340
    }, {
      "stringRepresentation" : "ISUB",
      "programCounter" : 342
    }, {
      "stringRepresentation" : "I2C",
      "programCounter" : 343
    }, {
      "stringRepresentation" : "ISTORE(21)",
      "programCounter" : 344
    }, {
      "stringRepresentation" : "ILOAD(12)",
      "programCounter" : 346
    }, {
      "stringRepresentation" : "ILOAD(21)",
      "programCounter" : 348
    }, {
      "stringRepresentation" : "BIPUSH(10)",
      "programCounter" : 350
    }, {
      "stringRepresentation" : "IF_ICMPLT(7)",
      "programCounter" : 352
    }, {
      "stringRepresentation" : "ICONST_1",
      "programCounter" : 355
    }, {
      "stringRepresentation" : "GOTO(4)",
      "programCounter" : 356
    }, {
      "stringRepresentation" : "ICONST_0",
      "programCounter" : 359
    }, {
      "stringRepresentation" : "IOR",
      "programCounter" : 360
    }, {
      "stringRepresentation" : "ISTORE(12)",
      "programCounter" : 361
    }, {
      "stringRepresentation" : "LLOAD(18)",
      "programCounter" : 363
    }, {
      "stringRepresentation" : "LoadLong(2147483647)",
      "programCounter" : 365
    }, {
      "stringRepresentation" : "LCMP",
      "programCounter" : 368
    }, {
      "stringRepresentation" : "IFGE(15)",
      "programCounter" : 369
    }, {
      "stringRepresentation" : "LoadLong(10)",
      "programCounter" : 372
    }, {
      "stringRepresentation" : "LLOAD(18)",
      "programCounter" : 375
    }, {
      "stringRepresentation" : "LMUL",
      "programCounter" : 377
    }, {
      "stringRepresentation" : "ILOAD(21)",
      "programCounter" : 378
    }, {
      "stringRepresentation" : "I2L",
      "programCounter" : 380
    }, {
      "stringRepresentation" : "LADD",
      "programCounter" : 381
    }, {
      "stringRepresentation" : "LSTORE(18)",
      "programCounter" : 382
    }, {
      "stringRepresentation" : "ALOAD_1",
      "programCounter" : 384
    }, {
      "stringRepresentation" : "IINC(lvIndex=10, 1)",
      "programCounter" : 385
    }, {
      "stringRepresentation" : "ILOAD(10)",
      "programCounter" : 388
    }, {
      "stringRepresentation" : "ILOAD(4)",
      "programCounter" : 390
    }, {
      "stringRepresentation" : "INVOKESTATIC(com.fasterxml.jackson.core.internal.shaded.fdp.v2_19_1.JavaBigDecimalFromCharArray{ char charAt(char[],int,int) })",
      "programCounter" : 392
    }, {
      "stringRepresentation" : "ISTORE(11)",
      "programCounter" : 395
    }, {
      "stringRepresentation" : "ILOAD(11)",
      "programCounter" : 397
    }, {
      "stringRepresentation" : "BIPUSH(48)",
      "programCounter" : 399
    }, {
      "stringRepresentation" : "ISUB",
      "programCounter" : 401
    }, {
      "stringRepresentation" : "I2C",
      "programCounter" : 402
    }, {
      "stringRepresentation" : "ISTORE(21)",
      "programCounter" : 403
    }, {
      "stringRepresentation" : "ILOAD(21)",
      "programCounter" : 405
    }, {
      "stringRepresentation" : "BIPUSH(10)",
      "programCounter" : 407
    }, {
      "stringRepresentation" : "IF_ICMPLT(-46)",
      "programCounter" : 409
    }, {
      "stringRepresentation" : "ILOAD(20)",
      "programCounter" : 412
    }, {
      "stringRepresentation" : "IFEQ(8)",
      "programCounter" : 414
    }, {
      "stringRepresentation" : "LLOAD(18)",
      "programCounter" : 417
    }, {
      "stringRepresentation" : "LNEG",
      "programCounter" : 419
    }, {
      "stringRepresentation" : "LSTORE(18)",
      "programCounter" : 420
    }, {
      "stringRepresentation" : "LLOAD(16)",
      "programCounter" : 422
    }, {
      "stringRepresentation" : "LLOAD(18)",
      "programCounter" : 424
    }, {
      "stringRepresentation" : "LADD",
      "programCounter" : 426
    }, {
      "stringRepresentation" : "LSTORE(16)",
      "programCounter" : 427
    }, {
      "stringRepresentation" : "GOTO(7)",
      "programCounter" : 429
    }, {
      "stringRepresentation" : "ICONST_0",
      "programCounter" : 447
    }, {
      "stringRepresentation" : "LLOAD(5)",
      "programCounter" : 480
    }, {
      "stringRepresentation" : "LNEG",
      "programCounter" : 482
    }, {
      "stringRepresentation" : "GOTO(5)",
      "programCounter" : 483
    }, {
      "stringRepresentation" : "ALOAD_0",
      "programCounter" : 498
    }, {
      "stringRepresentation" : "ALOAD_1",
      "programCounter" : 499
    }, {
      "stringRepresentation" : "ILOAD(7)",
      "programCounter" : 500
    }, {
      "stringRepresentation" : "ILOAD(8)",
      "programCounter" : 502
    }, {
      "stringRepresentation" : "ILOAD(8)",
      "programCounter" : 504
    }, {
      "stringRepresentation" : "ICONST_1",
      "programCounter" : 506
    }, {
      "stringRepresentation" : "IADD",
      "programCounter" : 507
    }, {
      "stringRepresentation" : "ILOAD(9)",
      "programCounter" : 508
    }, {
      "stringRepresentation" : "ILOAD(13)",
      "programCounter" : 510
    }, {
      "stringRepresentation" : "LLOAD(16)",
      "programCounter" : 512
    }, {
      "stringRepresentation" : "L2I",
      "programCounter" : 514
    }, {
      "stringRepresentation" : "INVOKEVIRTUAL(com.fasterxml.jackson.core.internal.shaded.fdp.v2_19_1.JavaBigDecimalFromCharArray{ java.math.BigDecimal valueOfBigDecimalString(char[],int,int,int,int,boolean,int) })",
      "programCounter" : 515
    }, {
      "stringRepresentation" : "ARETURN",
      "programCounter" : 518
    } ]
  }, {
    "fullSignature" : "long parseFloatingPointLiteral(byte[],int,int)",
    "numberOfTotalInstructions" : 97,
    "numberOfDeadInstructions" : 78,
    "enclosingTypeName" : "com.fasterxml.jackson.core.internal.shaded.fdp.v2_19_1.AbstractJavaFloatingPointBitsFromByteArray",
    "deadInstructions" : [ {
      "stringRepresentation" : "ALOAD_1",
      "programCounter" : 35
    }, {
      "stringRepresentation" : "ILOAD(5)",
      "programCounter" : 36
    }, {
      "stringRepresentation" : "BALOAD",
      "programCounter" : 38
    }, {
      "stringRepresentation" : "ISTORE(6)",
      "programCounter" : 39
    }, {
      "stringRepresentation" : "ILOAD(6)",
      "programCounter" : 41
    }, {
      "stringRepresentation" : "BIPUSH(45)",
      "programCounter" : 43
    }, {
      "stringRepresentation" : "IF_ICMPNE(7)",
      "programCounter" : 45
    }, {
      "stringRepresentation" : "ICONST_1",
      "programCounter" : 48
    }, {
      "stringRepresentation" : "GOTO(4)",
      "programCounter" : 49
    }, {
      "stringRepresentation" : "ICONST_0",
      "programCounter" : 52
    }, {
      "stringRepresentation" : "ISTORE(7)",
      "programCounter" : 53
    }, {
      "stringRepresentation" : "ILOAD(7)",
      "programCounter" : 55
    }, {
      "stringRepresentation" : "IFNE(10)",
      "programCounter" : 57
    }, {
      "stringRepresentation" : "ILOAD(6)",
      "programCounter" : 60
    }, {
      "stringRepresentation" : "BIPUSH(43)",
      "programCounter" : 62
    }, {
      "stringRepresentation" : "IF_ICMPNE(31)",
      "programCounter" : 64
    }, {
      "stringRepresentation" : "ALOAD_1",
      "programCounter" : 67
    }, {
      "stringRepresentation" : "IINC(lvIndex=5, 1)",
      "programCounter" : 68
    }, {
      "stringRepresentation" : "ILOAD(5)",
      "programCounter" : 71
    }, {
      "stringRepresentation" : "ILOAD(4)",
      "programCounter" : 73
    }, {
      "stringRepresentation" : "INVOKESTATIC(com.fasterxml.jackson.core.internal.shaded.fdp.v2_19_1.AbstractJavaFloatingPointBitsFromByteArray{ byte charAt(byte[],int,int) })",
      "programCounter" : 75
    }, {
      "stringRepresentation" : "ISTORE(6)",
      "programCounter" : 78
    }, {
      "stringRepresentation" : "ILOAD(6)",
      "programCounter" : 80
    }, {
      "stringRepresentation" : "IFNE(13)",
      "programCounter" : 82
    }, {
      "stringRepresentation" : "NEW java.lang.NumberFormatException",
      "programCounter" : 85
    }, {
      "stringRepresentation" : "DUP",
      "programCounter" : 88
    }, {
      "stringRepresentation" : "LoadString(\"illegal syntax\")",
      "programCounter" : 89
    }, {
      "stringRepresentation" : "INVOKESPECIAL(java.lang.NumberFormatException{ void <init>(java.lang.String) })",
      "programCounter" : 91
    }, {
      "stringRepresentation" : "ATHROW",
      "programCounter" : 94
    }, {
      "stringRepresentation" : "ILOAD(6)",
      "programCounter" : 95
    }, {
      "stringRepresentation" : "BIPUSH(73)",
      "programCounter" : 97
    }, {
      "stringRepresentation" : "IF_ICMPLT(15)",
      "programCounter" : 99
    }, {
      "stringRepresentation" : "ALOAD_0",
      "programCounter" : 102
    }, {
      "stringRepresentation" : "ALOAD_1",
      "programCounter" : 103
    }, {
      "stringRepresentation" : "ILOAD(5)",
      "programCounter" : 104
    }, {
      "stringRepresentation" : "ILOAD(4)",
      "programCounter" : 106
    }, {
      "stringRepresentation" : "ILOAD(7)",
      "programCounter" : 108
    }, {
      "stringRepresentation" : "INVOKESPECIAL(com.fasterxml.jackson.core.internal.shaded.fdp.v2_19_1.AbstractJavaFloatingPointBitsFromByteArray{ long parseNaNOrInfinity(byte[],int,int,boolean) })",
      "programCounter" : 110
    }, {
      "stringRepresentation" : "LRETURN",
      "programCounter" : 113
    }, {
      "stringRepresentation" : "ILOAD(6)",
      "programCounter" : 114
    }, {
      "stringRepresentation" : "BIPUSH(48)",
      "programCounter" : 116
    }, {
      "stringRepresentation" : "IF_ICMPNE(7)",
      "programCounter" : 118
    }, {
      "stringRepresentation" : "ICONST_1",
      "programCounter" : 121
    }, {
      "stringRepresentation" : "GOTO(4)",
      "programCounter" : 122
    }, {
      "stringRepresentation" : "ICONST_0",
      "programCounter" : 125
    }, {
      "stringRepresentation" : "ISTORE(8)",
      "programCounter" : 126
    }, {
      "stringRepresentation" : "ILOAD(8)",
      "programCounter" : 128
    }, {
      "stringRepresentation" : "IFEQ(41)",
      "programCounter" : 130
    }, {
      "stringRepresentation" : "ALOAD_1",
      "programCounter" : 133
    }, {
      "stringRepresentation" : "IINC(lvIndex=5, 1)",
      "programCounter" : 134
    }, {
      "stringRepresentation" : "ILOAD(5)",
      "programCounter" : 137
    }, {
      "stringRepresentation" : "ILOAD(4)",
      "programCounter" : 139
    }, {
      "stringRepresentation" : "INVOKESTATIC(com.fasterxml.jackson.core.internal.shaded.fdp.v2_19_1.AbstractJavaFloatingPointBitsFromByteArray{ byte charAt(byte[],int,int) })",
      "programCounter" : 141
    }, {
      "stringRepresentation" : "ISTORE(6)",
      "programCounter" : 144
    }, {
      "stringRepresentation" : "ILOAD(6)",
      "programCounter" : 146
    }, {
      "stringRepresentation" : "BIPUSH(32)",
      "programCounter" : 148
    }, {
      "stringRepresentation" : "IOR",
      "programCounter" : 150
    }, {
      "stringRepresentation" : "BIPUSH(120)",
      "programCounter" : 151
    }, {
      "stringRepresentation" : "IF_ICMPNE(18)",
      "programCounter" : 153
    }, {
      "stringRepresentation" : "ALOAD_0",
      "programCounter" : 156
    }, {
      "stringRepresentation" : "ALOAD_1",
      "programCounter" : 157
    }, {
      "stringRepresentation" : "ILOAD(5)",
      "programCounter" : 158
    }, {
      "stringRepresentation" : "ICONST_1",
      "programCounter" : 160
    }, {
      "stringRepresentation" : "IADD",
      "programCounter" : 161
    }, {
      "stringRepresentation" : "ILOAD_2",
      "programCounter" : 162
    }, {
      "stringRepresentation" : "ILOAD(4)",
      "programCounter" : 163
    }, {
      "stringRepresentation" : "ILOAD(7)",
      "programCounter" : 165
    }, {
      "stringRepresentation" : "INVOKESPECIAL(com.fasterxml.jackson.core.internal.shaded.fdp.v2_19_1.AbstractJavaFloatingPointBitsFromByteArray{ long parseHexFloatingPointLiteral(byte[],int,int,int,boolean) })",
      "programCounter" : 167
    }, {
      "stringRepresentation" : "LRETURN",
      "programCounter" : 170
    }, {
      "stringRepresentation" : "ALOAD_0",
      "programCounter" : 171
    }, {
      "stringRepresentation" : "ALOAD_1",
      "programCounter" : 172
    }, {
      "stringRepresentation" : "ILOAD(5)",
      "programCounter" : 173
    }, {
      "stringRepresentation" : "ILOAD_2",
      "programCounter" : 175
    }, {
      "stringRepresentation" : "ILOAD(4)",
      "programCounter" : 176
    }, {
      "stringRepresentation" : "ILOAD(7)",
      "programCounter" : 178
    }, {
      "stringRepresentation" : "ILOAD(8)",
      "programCounter" : 180
    }, {
      "stringRepresentation" : "INVOKESPECIAL(com.fasterxml.jackson.core.internal.shaded.fdp.v2_19_1.AbstractJavaFloatingPointBitsFromByteArray{ long parseDecFloatLiteral(byte[],int,int,int,boolean,boolean) })",
      "programCounter" : 182
    }, {
      "stringRepresentation" : "LRETURN",
      "programCounter" : 185
    } ]
  }, {
    "fullSignature" : "com.fasterxml.jackson.core.JsonToken switchAndReturnNext()",
    "numberOfTotalInstructions" : 40,
    "numberOfDeadInstructions" : 1,
    "enclosingTypeName" : "com.fasterxml.jackson.core.util.JsonParserSequence",
    "deadInstructions" : [ {
      "stringRepresentation" : "GOTO(-71)",
      "programCounter" : 71
    } ]
  }, {
    "fullSignature" : "java.io.Reader constructReader()",
    "numberOfTotalInstructions" : 92,
    "numberOfDeadInstructions" : 2,
    "enclosingTypeName" : "com.fasterxml.jackson.core.json.ByteSourceJsonBootstrapper",
    "deadInstructions" : [ {
      "stringRepresentation" : "CHECKCAST(java.io.Reader)",
      "programCounter" : 215
    }, {
      "stringRepresentation" : "ARETURN",
      "programCounter" : 218
    } ]
  }, {
    "fullSignature" : "java.lang.Object _throwInternalReturnAny()",
    "numberOfTotalInstructions" : 2,
    "numberOfDeadInstructions" : 1,
    "enclosingTypeName" : "com.fasterxml.jackson.core.base.ParserMinimalBase",
    "deadInstructions" : [ {
      "stringRepresentation" : "ARETURN",
      "programCounter" : 3
    } ]
  }, {
    "fullSignature" : "com.fasterxml.jackson.core.JsonToken _nextToken2()",
    "numberOfTotalInstructions" : 437,
    "numberOfDeadInstructions" : 4,
    "enclosingTypeName" : "com.fasterxml.jackson.core.filter.FilteringParserDelegate",
    "deadInstructions" : [ {
      "stringRepresentation" : "GOTO(-531)",
      "programCounter" : 531
    }, {
      "stringRepresentation" : "GOTO(-625)",
      "programCounter" : 625
    }, {
      "stringRepresentation" : "GOTO(-801)",
      "programCounter" : 801
    }, {
      "stringRepresentation" : "GOTO(-872)",
      "programCounter" : 872
    } ]
  }, {
    "fullSignature" : "com.fasterxml.jackson.core.JsonToken _nextTokenWithBuffering(com.fasterxml.jackson.core.filter.TokenFilterContext)",
    "numberOfTotalInstructions" : 390,
    "numberOfDeadInstructions" : 2,
    "enclosingTypeName" : "com.fasterxml.jackson.core.filter.FilteringParserDelegate",
    "deadInstructions" : [ {
      "stringRepresentation" : "GOTO(-449)",
      "programCounter" : 449
    }, {
      "stringRepresentation" : "GOTO(-611)",
      "programCounter" : 611
    } ]
  }, {
    "fullSignature" : "void _reportInvalidToken(java.lang.String,java.lang.String)",
    "numberOfTotalInstructions" : 54,
    "numberOfDeadInstructions" : 1,
    "enclosingTypeName" : "com.fasterxml.jackson.core.json.ReaderBasedJsonParser",
    "deadInstructions" : [ {
      "stringRepresentation" : "GOTO(-85)",
      "programCounter" : 94
    } ]
  }, {
    "fullSignature" : "com.fasterxml.jackson.core.TSFBuilder configure(com.fasterxml.jackson.core.json.JsonWriteFeature,boolean)",
    "numberOfTotalInstructions" : 4,
    "numberOfDeadInstructions" : 1,
    "enclosingTypeName" : "com.fasterxml.jackson.core.TSFBuilder",
    "deadInstructions" : [ {
      "stringRepresentation" : "ARETURN",
      "programCounter" : 5
    } ]
  }, {
    "fullSignature" : "com.fasterxml.jackson.core.TSFBuilder configure(com.fasterxml.jackson.core.json.JsonReadFeature,boolean)",
    "numberOfTotalInstructions" : 4,
    "numberOfDeadInstructions" : 1,
    "enclosingTypeName" : "com.fasterxml.jackson.core.TSFBuilder",
    "deadInstructions" : [ {
      "stringRepresentation" : "ARETURN",
      "programCounter" : 5
    } ]
  }, {
    "fullSignature" : "com.fasterxml.jackson.core.TSFBuilder disable(com.fasterxml.jackson.core.json.JsonWriteFeature)",
    "numberOfTotalInstructions" : 4,
    "numberOfDeadInstructions" : 1,
    "enclosingTypeName" : "com.fasterxml.jackson.core.TSFBuilder",
    "deadInstructions" : [ {
      "stringRepresentation" : "ARETURN",
      "programCounter" : 5
    } ]
  }, {
    "fullSignature" : "com.fasterxml.jackson.core.TSFBuilder disable(com.fasterxml.jackson.core.json.JsonReadFeature)",
    "numberOfTotalInstructions" : 4,
    "numberOfDeadInstructions" : 1,
    "enclosingTypeName" : "com.fasterxml.jackson.core.TSFBuilder",
    "deadInstructions" : [ {
      "stringRepresentation" : "ARETURN",
      "programCounter" : 5
    } ]
  }, {
    "fullSignature" : "com.fasterxml.jackson.core.TSFBuilder disable(com.fasterxml.jackson.core.json.JsonWriteFeature,com.fasterxml.jackson.core.json.JsonWriteFeature[])",
    "numberOfTotalInstructions" : 4,
    "numberOfDeadInstructions" : 1,
    "enclosingTypeName" : "com.fasterxml.jackson.core.TSFBuilder",
    "deadInstructions" : [ {
      "stringRepresentation" : "ARETURN",
      "programCounter" : 5
    } ]
  }, {
    "fullSignature" : "com.fasterxml.jackson.core.TSFBuilder disable(com.fasterxml.jackson.core.json.JsonReadFeature,com.fasterxml.jackson.core.json.JsonReadFeature[])",
    "numberOfTotalInstructions" : 4,
    "numberOfDeadInstructions" : 1,
    "enclosingTypeName" : "com.fasterxml.jackson.core.TSFBuilder",
    "deadInstructions" : [ {
      "stringRepresentation" : "ARETURN",
      "programCounter" : 5
    } ]
  }, {
    "fullSignature" : "com.fasterxml.jackson.core.TSFBuilder enable(com.fasterxml.jackson.core.json.JsonWriteFeature)",
    "numberOfTotalInstructions" : 4,
    "numberOfDeadInstructions" : 1,
    "enclosingTypeName" : "com.fasterxml.jackson.core.TSFBuilder",
    "deadInstructions" : [ {
      "stringRepresentation" : "ARETURN",
      "programCounter" : 5
    } ]
  }, {
    "fullSignature" : "com.fasterxml.jackson.core.TSFBuilder enable(com.fasterxml.jackson.core.json.JsonReadFeature)",
    "numberOfTotalInstructions" : 4,
    "numberOfDeadInstructions" : 1,
    "enclosingTypeName" : "com.fasterxml.jackson.core.TSFBuilder",
    "deadInstructions" : [ {
      "stringRepresentation" : "ARETURN",
      "programCounter" : 5
    } ]
  }, {
    "fullSignature" : "com.fasterxml.jackson.core.TSFBuilder enable(com.fasterxml.jackson.core.json.JsonWriteFeature,com.fasterxml.jackson.core.json.JsonWriteFeature[])",
    "numberOfTotalInstructions" : 4,
    "numberOfDeadInstructions" : 1,
    "enclosingTypeName" : "com.fasterxml.jackson.core.TSFBuilder",
    "deadInstructions" : [ {
      "stringRepresentation" : "ARETURN",
      "programCounter" : 5
    } ]
  }, {
    "fullSignature" : "com.fasterxml.jackson.core.TSFBuilder enable(com.fasterxml.jackson.core.json.JsonReadFeature,com.fasterxml.jackson.core.json.JsonReadFeature[])",
    "numberOfTotalInstructions" : 4,
    "numberOfDeadInstructions" : 1,
    "enclosingTypeName" : "com.fasterxml.jackson.core.TSFBuilder",
    "deadInstructions" : [ {
      "stringRepresentation" : "ARETURN",
      "programCounter" : 5
    } ]
  }, {
    "fullSignature" : "void _reportInvalidToken(java.lang.String,java.lang.String)",
    "numberOfTotalInstructions" : 58,
    "numberOfDeadInstructions" : 1,
    "enclosingTypeName" : "com.fasterxml.jackson.core.json.UTF8StreamJsonParser",
    "deadInstructions" : [ {
      "stringRepresentation" : "GOTO(-91)",
      "programCounter" : 100
    } ]
  }, {
    "fullSignature" : "void _writeSimpleObject(java.lang.Object)",
    "numberOfTotalInstructions" : 146,
    "numberOfDeadInstructions" : 1,
    "enclosingTypeName" : "com.fasterxml.jackson.core.JsonGenerator",
    "deadInstructions" : [ {
      "stringRepresentation" : "GOTO(60)",
      "programCounter" : 204
    } ]
  } ]
}