{
  "filesAnalyzed" : [ "benchmark/jars/jackson-core-2.19.1.jar" ],
  "domainUsed" : "org.opalj.ai.domain.l1.DefaultSetValuesDomain",
  "timeFinished" : "2025-07-01T09:44:21.1863314",
  "totalRuntimeMs" : 518,
  "methodsFound" : [ {
    "fullSignature" : "float tryDecToFloatWithFastAlgorithm(boolean,long,int)",
    "numberOfTotalInstructions" : 152,
    "numberOfDeadInstructions" : 8,
    "enclosingTypeName" : "com.fasterxml.jackson.core.internal.shaded.fdp.v2_19_1.FastFloatMath",
    "deadInstructions" : [ {
      "stringRepresentation" : "FLOAD(4)",
      "programCounter" : 30
    }, {
      "stringRepresentation" : "get static com.fasterxml.jackson.core.internal.shaded.fdp.v2_19_1.FastFloatMath.FLOAT_POWER_OF_TEN : float[]",
      "programCounter" : 32
    }, {
      "stringRepresentation" : "ILOAD_3",
      "programCounter" : 35
    }, {
      "stringRepresentation" : "INEG",
      "programCounter" : 36
    }, {
      "stringRepresentation" : "FALOAD",
      "programCounter" : 37
    }, {
      "stringRepresentation" : "FDIV",
      "programCounter" : 38
    }, {
      "stringRepresentation" : "FSTORE(4)",
      "programCounter" : 39
    }, {
      "stringRepresentation" : "GOTO(13)",
      "programCounter" : 41
    } ]
  }, {
    "fullSignature" : "double tryDecToDoubleWithFastAlgorithm(boolean,long,int)",
    "numberOfTotalInstructions" : 151,
    "numberOfDeadInstructions" : 8,
    "enclosingTypeName" : "com.fasterxml.jackson.core.internal.shaded.fdp.v2_19_1.FastDoubleMath",
    "deadInstructions" : [ {
      "stringRepresentation" : "DLOAD(4)",
      "programCounter" : 30
    }, {
      "stringRepresentation" : "get static com.fasterxml.jackson.core.internal.shaded.fdp.v2_19_1.FastDoubleMath.DOUBLE_POWERS_OF_TEN : double[]",
      "programCounter" : 32
    }, {
      "stringRepresentation" : "ILOAD_3",
      "programCounter" : 35
    }, {
      "stringRepresentation" : "INEG",
      "programCounter" : 36
    }, {
      "stringRepresentation" : "DALOAD",
      "programCounter" : 37
    }, {
      "stringRepresentation" : "DDIV",
      "programCounter" : 38
    }, {
      "stringRepresentation" : "DSTORE(4)",
      "programCounter" : 39
    }, {
      "stringRepresentation" : "GOTO(13)",
      "programCounter" : 41
    } ]
  }, {
    "fullSignature" : "com.fasterxml.jackson.core.JsonToken switchAndReturnNext()",
    "numberOfTotalInstructions" : 40,
    "numberOfDeadInstructions" : 1,
    "enclosingTypeName" : "com.fasterxml.jackson.core.util.JsonParserSequence",
    "deadInstructions" : [ {
      "stringRepresentation" : "GOTO(-71)",
      "programCounter" : 71
    } ]
  }, {
    "fullSignature" : "boolean loadMore(int)",
    "numberOfTotalInstructions" : 111,
    "numberOfDeadInstructions" : 17,
    "enclosingTypeName" : "com.fasterxml.jackson.core.io.UTF32Reader",
    "deadInstructions" : [ {
      "stringRepresentation" : "ALOAD_0",
      "programCounter" : 103
    }, {
      "stringRepresentation" : "get com.fasterxml.jackson.core.io.UTF32Reader._managedBuffers : boolean",
      "programCounter" : 104
    }, {
      "stringRepresentation" : "IFEQ(7)",
      "programCounter" : 107
    }, {
      "stringRepresentation" : "ALOAD_0",
      "programCounter" : 110
    }, {
      "stringRepresentation" : "INVOKESPECIAL(com.fasterxml.jackson.core.io.UTF32Reader{ void freeBuffers() })",
      "programCounter" : 111
    }, {
      "stringRepresentation" : "ICONST_0",
      "programCounter" : 114
    }, {
      "stringRepresentation" : "IRETURN",
      "programCounter" : 115
    }, {
      "stringRepresentation" : "ALOAD_0",
      "programCounter" : 168
    }, {
      "stringRepresentation" : "get com.fasterxml.jackson.core.io.UTF32Reader._managedBuffers : boolean",
      "programCounter" : 169
    }, {
      "stringRepresentation" : "IFEQ(7)",
      "programCounter" : 172
    }, {
      "stringRepresentation" : "ALOAD_0",
      "programCounter" : 175
    }, {
      "stringRepresentation" : "INVOKESPECIAL(com.fasterxml.jackson.core.io.UTF32Reader{ void freeBuffers() })",
      "programCounter" : 176
    }, {
      "stringRepresentation" : "ALOAD_0",
      "programCounter" : 179
    }, {
      "stringRepresentation" : "ALOAD_0",
      "programCounter" : 180
    }, {
      "stringRepresentation" : "get com.fasterxml.jackson.core.io.UTF32Reader._length : int",
      "programCounter" : 181
    }, {
      "stringRepresentation" : "ICONST_4",
      "programCounter" : 184
    }, {
      "stringRepresentation" : "INVOKESPECIAL(com.fasterxml.jackson.core.io.UTF32Reader{ void reportUnexpectedEOF(int,int) })",
      "programCounter" : 185
    } ]
  }, {
    "fullSignature" : "int outputInt(int,byte[],int)",
    "numberOfTotalInstructions" : 127,
    "numberOfDeadInstructions" : 4,
    "enclosingTypeName" : "com.fasterxml.jackson.core.io.NumberOutput",
    "deadInstructions" : [ {
      "stringRepresentation" : "ALOAD_1",
      "programCounter" : 10
    }, {
      "stringRepresentation" : "ILOAD_2",
      "programCounter" : 11
    }, {
      "stringRepresentation" : "INVOKESTATIC(com.fasterxml.jackson.core.io.NumberOutput{ int _outputSmallestI(byte[],int) })",
      "programCounter" : 12
    }, {
      "stringRepresentation" : "IRETURN",
      "programCounter" : 15
    } ]
  }, {
    "fullSignature" : "int outputInt(int,char[],int)",
    "numberOfTotalInstructions" : 128,
    "numberOfDeadInstructions" : 4,
    "enclosingTypeName" : "com.fasterxml.jackson.core.io.NumberOutput",
    "deadInstructions" : [ {
      "stringRepresentation" : "ALOAD_1",
      "programCounter" : 10
    }, {
      "stringRepresentation" : "ILOAD_2",
      "programCounter" : 11
    }, {
      "stringRepresentation" : "INVOKESTATIC(com.fasterxml.jackson.core.io.NumberOutput{ int _outputSmallestI(char[],int) })",
      "programCounter" : 12
    }, {
      "stringRepresentation" : "IRETURN",
      "programCounter" : 15
    } ]
  }, {
    "fullSignature" : "com.fasterxml.jackson.core.JsonToken _nextToken2()",
    "numberOfTotalInstructions" : 437,
    "numberOfDeadInstructions" : 4,
    "enclosingTypeName" : "com.fasterxml.jackson.core.filter.FilteringParserDelegate",
    "deadInstructions" : [ {
      "stringRepresentation" : "GOTO(-531)",
      "programCounter" : 531
    }, {
      "stringRepresentation" : "GOTO(-625)",
      "programCounter" : 625
    }, {
      "stringRepresentation" : "GOTO(-801)",
      "programCounter" : 801
    }, {
      "stringRepresentation" : "GOTO(-872)",
      "programCounter" : 872
    } ]
  }, {
    "fullSignature" : "com.fasterxml.jackson.core.JsonToken _nextTokenWithBuffering(com.fasterxml.jackson.core.filter.TokenFilterContext)",
    "numberOfTotalInstructions" : 390,
    "numberOfDeadInstructions" : 2,
    "enclosingTypeName" : "com.fasterxml.jackson.core.filter.FilteringParserDelegate",
    "deadInstructions" : [ {
      "stringRepresentation" : "GOTO(-449)",
      "programCounter" : 449
    }, {
      "stringRepresentation" : "GOTO(-611)",
      "programCounter" : 611
    } ]
  }, {
    "fullSignature" : "void _writeCustomStringSegment2(char[],int,int)",
    "numberOfTotalInstructions" : 198,
    "numberOfDeadInstructions" : 29,
    "enclosingTypeName" : "com.fasterxml.jackson.core.json.UTF8JsonGenerator",
    "deadInstructions" : [ {
      "stringRepresentation" : "ALOAD(8)",
      "programCounter" : 149
    }, {
      "stringRepresentation" : "ILOAD(9)",
      "programCounter" : 151
    }, {
      "stringRepresentation" : "INVOKEVIRTUAL(com.fasterxml.jackson.core.io.CharacterEscapes{ com.fasterxml.jackson.core.SerializableString getEscapeSequence(int) })",
      "programCounter" : 153
    }, {
      "stringRepresentation" : "ASTORE(11)",
      "programCounter" : 156
    }, {
      "stringRepresentation" : "ALOAD(11)",
      "programCounter" : 158
    }, {
      "stringRepresentation" : "IFNONNULL(35)",
      "programCounter" : 160
    }, {
      "stringRepresentation" : "ALOAD_0",
      "programCounter" : 163
    }, {
      "stringRepresentation" : "NEW java.lang.StringBuilder",
      "programCounter" : 164
    }, {
      "stringRepresentation" : "DUP",
      "programCounter" : 167
    }, {
      "stringRepresentation" : "INVOKESPECIAL(java.lang.StringBuilder{ void <init>() })",
      "programCounter" : 168
    }, {
      "stringRepresentation" : "LoadString(\"Invalid custom escape definitions; custom escape not found for character code 0x\")",
      "programCounter" : 171
    }, {
      "stringRepresentation" : "INVOKEVIRTUAL(java.lang.StringBuilder{ java.lang.StringBuilder append(java.lang.String) })",
      "programCounter" : 173
    }, {
      "stringRepresentation" : "ILOAD(9)",
      "programCounter" : 176
    }, {
      "stringRepresentation" : "INVOKESTATIC(java.lang.Integer{ java.lang.String toHexString(int) })",
      "programCounter" : 178
    }, {
      "stringRepresentation" : "INVOKEVIRTUAL(java.lang.StringBuilder{ java.lang.StringBuilder append(java.lang.String) })",
      "programCounter" : 181
    }, {
      "stringRepresentation" : "LoadString(\", although was supposed to have one\")",
      "programCounter" : 184
    }, {
      "stringRepresentation" : "INVOKEVIRTUAL(java.lang.StringBuilder{ java.lang.StringBuilder append(java.lang.String) })",
      "programCounter" : 186
    }, {
      "stringRepresentation" : "INVOKEVIRTUAL(java.lang.StringBuilder{ java.lang.String toString() })",
      "programCounter" : 189
    }, {
      "stringRepresentation" : "INVOKEVIRTUAL(com.fasterxml.jackson.core.json.UTF8JsonGenerator{ void _reportError(java.lang.String) })",
      "programCounter" : 192
    }, {
      "stringRepresentation" : "ALOAD_0",
      "programCounter" : 195
    }, {
      "stringRepresentation" : "ALOAD(5)",
      "programCounter" : 196
    }, {
      "stringRepresentation" : "ILOAD(4)",
      "programCounter" : 198
    }, {
      "stringRepresentation" : "ALOAD(11)",
      "programCounter" : 200
    }, {
      "stringRepresentation" : "ILOAD_3",
      "programCounter" : 202
    }, {
      "stringRepresentation" : "ILOAD_2",
      "programCounter" : 203
    }, {
      "stringRepresentation" : "ISUB",
      "programCounter" : 204
    }, {
      "stringRepresentation" : "INVOKESPECIAL(com.fasterxml.jackson.core.json.UTF8JsonGenerator{ int _writeCustomEscape(byte[],int,com.fasterxml.jackson.core.SerializableString,int) })",
      "programCounter" : 205
    }, {
      "stringRepresentation" : "ISTORE(4)",
      "programCounter" : 208
    }, {
      "stringRepresentation" : "GOTO(-146)",
      "programCounter" : 210
    } ]
  }, {
    "fullSignature" : "void _writeCustomStringSegment2(java.lang.String,int,int)",
    "numberOfTotalInstructions" : 198,
    "numberOfDeadInstructions" : 29,
    "enclosingTypeName" : "com.fasterxml.jackson.core.json.UTF8JsonGenerator",
    "deadInstructions" : [ {
      "stringRepresentation" : "ALOAD(8)",
      "programCounter" : 151
    }, {
      "stringRepresentation" : "ILOAD(9)",
      "programCounter" : 153
    }, {
      "stringRepresentation" : "INVOKEVIRTUAL(com.fasterxml.jackson.core.io.CharacterEscapes{ com.fasterxml.jackson.core.SerializableString getEscapeSequence(int) })",
      "programCounter" : 155
    }, {
      "stringRepresentation" : "ASTORE(11)",
      "programCounter" : 158
    }, {
      "stringRepresentation" : "ALOAD(11)",
      "programCounter" : 160
    }, {
      "stringRepresentation" : "IFNONNULL(35)",
      "programCounter" : 162
    }, {
      "stringRepresentation" : "ALOAD_0",
      "programCounter" : 165
    }, {
      "stringRepresentation" : "NEW java.lang.StringBuilder",
      "programCounter" : 166
    }, {
      "stringRepresentation" : "DUP",
      "programCounter" : 169
    }, {
      "stringRepresentation" : "INVOKESPECIAL(java.lang.StringBuilder{ void <init>() })",
      "programCounter" : 170
    }, {
      "stringRepresentation" : "LoadString(\"Invalid custom escape definitions; custom escape not found for character code 0x\")",
      "programCounter" : 173
    }, {
      "stringRepresentation" : "INVOKEVIRTUAL(java.lang.StringBuilder{ java.lang.StringBuilder append(java.lang.String) })",
      "programCounter" : 175
    }, {
      "stringRepresentation" : "ILOAD(9)",
      "programCounter" : 178
    }, {
      "stringRepresentation" : "INVOKESTATIC(java.lang.Integer{ java.lang.String toHexString(int) })",
      "programCounter" : 180
    }, {
      "stringRepresentation" : "INVOKEVIRTUAL(java.lang.StringBuilder{ java.lang.StringBuilder append(java.lang.String) })",
      "programCounter" : 183
    }, {
      "stringRepresentation" : "LoadString(\", although was supposed to have one\")",
      "programCounter" : 186
    }, {
      "stringRepresentation" : "INVOKEVIRTUAL(java.lang.StringBuilder{ java.lang.StringBuilder append(java.lang.String) })",
      "programCounter" : 188
    }, {
      "stringRepresentation" : "INVOKEVIRTUAL(java.lang.StringBuilder{ java.lang.String toString() })",
      "programCounter" : 191
    }, {
      "stringRepresentation" : "INVOKEVIRTUAL(com.fasterxml.jackson.core.json.UTF8JsonGenerator{ void _reportError(java.lang.String) })",
      "programCounter" : 194
    }, {
      "stringRepresentation" : "ALOAD_0",
      "programCounter" : 197
    }, {
      "stringRepresentation" : "ALOAD(5)",
      "programCounter" : 198
    }, {
      "stringRepresentation" : "ILOAD(4)",
      "programCounter" : 200
    }, {
      "stringRepresentation" : "ALOAD(11)",
      "programCounter" : 202
    }, {
      "stringRepresentation" : "ILOAD_3",
      "programCounter" : 204
    }, {
      "stringRepresentation" : "ILOAD_2",
      "programCounter" : 205
    }, {
      "stringRepresentation" : "ISUB",
      "programCounter" : 206
    }, {
      "stringRepresentation" : "INVOKESPECIAL(com.fasterxml.jackson.core.json.UTF8JsonGenerator{ int _writeCustomEscape(byte[],int,com.fasterxml.jackson.core.SerializableString,int) })",
      "programCounter" : 207
    }, {
      "stringRepresentation" : "ISTORE(4)",
      "programCounter" : 210
    }, {
      "stringRepresentation" : "GOTO(-148)",
      "programCounter" : 212
    } ]
  }, {
    "fullSignature" : "void _reportInvalidToken(java.lang.String,java.lang.String)",
    "numberOfTotalInstructions" : 54,
    "numberOfDeadInstructions" : 1,
    "enclosingTypeName" : "com.fasterxml.jackson.core.json.ReaderBasedJsonParser",
    "deadInstructions" : [ {
      "stringRepresentation" : "GOTO(-85)",
      "programCounter" : 94
    } ]
  }, {
    "fullSignature" : "void _reportInvalidToken(java.lang.String,java.lang.String)",
    "numberOfTotalInstructions" : 58,
    "numberOfDeadInstructions" : 1,
    "enclosingTypeName" : "com.fasterxml.jackson.core.json.UTF8StreamJsonParser",
    "deadInstructions" : [ {
      "stringRepresentation" : "GOTO(-91)",
      "programCounter" : 100
    } ]
  }, {
    "fullSignature" : "void _writeSimpleObject(java.lang.Object)",
    "numberOfTotalInstructions" : 146,
    "numberOfDeadInstructions" : 1,
    "enclosingTypeName" : "com.fasterxml.jackson.core.JsonGenerator",
    "deadInstructions" : [ {
      "stringRepresentation" : "GOTO(60)",
      "programCounter" : 204
    } ]
  } ]
}