{
  "project" : [ "benchmark/commons-io-2.19.0.jar" ],
  "analysis" : [ {
    "library" : "benchmark/lib/apiguardian-api-1.1.2.jar",
    "totalMethods" : 5,
    "usedMethods" : 0,
    "usageRatio" : 0
  }, {
    "library" : "benchmark/lib/byte-buddy-1.17.5.jar",
    "totalMethods" : 14978,
    "usedMethods" : 3396,
    "usageRatio" : 0.22673254106022167
  }, {
    "library" : "benchmark/lib/byte-buddy-agent-1.17.5.jar",
    "totalMethods" : 223,
    "usedMethods" : 1,
    "usageRatio" : 0.004484304932735426
  }, {
    "library" : "benchmark/lib/checker-qual-3.33.0.jar",
    "totalMethods" : 193,
    "usedMethods" : 0,
    "usageRatio" : 0
  }, {
    "library" : "benchmark/lib/commons-codec-1.18.0.jar",
    "totalMethods" : 812,
    "usedMethods" : 13,
    "usageRatio" : 0.01600985221674877
  }, {
    "library" : "benchmark/lib/commons-lang3-3.17.0.jar",
    "totalMethods" : 4925,
    "usedMethods" : 0,
    "usageRatio" : 0
  }, {
    "library" : "benchmark/lib/commons-math3-3.6.1.jar",
    "totalMethods" : 7830,
    "usedMethods" : 13,
    "usageRatio" : 0.0016602809706257981
  }, {
    "library" : "benchmark/lib/error_prone_annotations-2.18.0.jar",
    "totalMethods" : 22,
    "usedMethods" : 0,
    "usageRatio" : 0
  }, {
    "library" : "benchmark/lib/failureaccess-1.0.1.jar",
    "totalMethods" : 1,
    "usedMethods" : 0,
    "usageRatio" : 0
  }, {
    "library" : "benchmark/lib/guava-32.1.1-jre.jar",
    "totalMethods" : 11031,
    "usedMethods" : 0,
    "usageRatio" : 0
  }, {
    "library" : "benchmark/lib/j2objc-annotations-2.8.jar",
    "totalMethods" : 8,
    "usedMethods" : 0,
    "usageRatio" : 0
  }, {
    "library" : "benchmark/lib/jimfs-1.3.0.jar",
    "totalMethods" : 653,
    "usedMethods" : 0,
    "usageRatio" : 0
  }, {
    "library" : "benchmark/lib/jmh-core-1.37.jar",
    "totalMethods" : 1463,
    "usedMethods" : 492,
    "usageRatio" : 0.3362952836637047
  }, {
    "library" : "benchmark/lib/jopt-simple-5.0.4.jar",
    "totalMethods" : 202,
    "usedMethods" : 99,
    "usageRatio" : 0.4900990099009901
  }, {
    "library" : "benchmark/lib/jsr305-3.0.2.jar",
    "totalMethods" : 28,
    "usedMethods" : 0,
    "usageRatio" : 0
  }, {
    "library" : "benchmark/lib/junit-jupiter-5.11.4.jar",
    "totalMethods" : 0,
    "usedMethods" : 0,
    "usageRatio" : 1
  }, {
    "library" : "benchmark/lib/junit-jupiter-api-5.11.4.jar",
    "totalMethods" : 1088,
    "usedMethods" : 0,
    "usageRatio" : 0
  }, {
    "library" : "benchmark/lib/junit-jupiter-engine-5.11.4.jar",
    "totalMethods" : 1823,
    "usedMethods" : 0,
    "usageRatio" : 0
  }, {
    "library" : "benchmark/lib/junit-jupiter-params-5.11.4.jar",
    "totalMethods" : 2819,
    "usedMethods" : 0,
    "usageRatio" : 0
  }, {
    "library" : "benchmark/lib/junit-pioneer-1.9.1.jar",
    "totalMethods" : 1035,
    "usedMethods" : 0,
    "usageRatio" : 0
  }, {
    "library" : "benchmark/lib/junit-platform-commons-1.11.4.jar",
    "totalMethods" : 1129,
    "usedMethods" : 0,
    "usageRatio" : 0
  }, {
    "library" : "benchmark/lib/junit-platform-engine-1.11.4.jar",
    "totalMethods" : 1418,
    "usedMethods" : 0,
    "usageRatio" : 0
  }, {
    "library" : "benchmark/lib/junit-platform-launcher-1.11.4.jar",
    "totalMethods" : 1305,
    "usedMethods" : 0,
    "usageRatio" : 0
  }, {
    "library" : "benchmark/lib/listenablefuture-9999.0-empty-to-avoid-conflict-with-guava.jar",
    "totalMethods" : 0,
    "usedMethods" : 0,
    "usageRatio" : 1
  }, {
    "library" : "benchmark/lib/mockito-core-4.11.0.jar",
    "totalMethods" : 2315,
    "usedMethods" : 0,
    "usageRatio" : 0
  }, {
    "library" : "benchmark/lib/mockito-inline-4.11.0.jar",
    "totalMethods" : 0,
    "usedMethods" : 0,
    "usageRatio" : 1
  }, {
    "library" : "benchmark/lib/objenesis-3.3.jar",
    "totalMethods" : 89,
    "usedMethods" : 0,
    "usageRatio" : 0
  }, {
    "library" : "benchmark/lib/opentest4j-1.3.0.jar",
    "totalMethods" : 39,
    "usedMethods" : 0,
    "usageRatio" : 0
  }, {
    "library" : "benchmark/lib/rt.jar",
    "totalMethods" : 213558,
    "usedMethods" : 8090,
    "usageRatio" : 0.03788198053924461
  } ],
  "callGraphAlgorithm" : "1-1-CFA",
  "callGraphTimeSeconds" : 45.599,
  "analysisTimeSeconds" : 0.206,
  "programTimeSeconds" : 65.633
}