{
  "project" : [ "benchmark/commons-io-2.19.0.jar" ],
  "analysis" : [ {
    "library" : "benchmark/lib/apiguardian-api-1.1.2.jar",
    "totalMethods" : 5,
    "usedMethods" : 0,
    "usageRatio" : 0
  }, {
    "library" : "benchmark/lib/byte-buddy-1.17.5.jar",
    "totalMethods" : 14978,
    "usedMethods" : 10189,
    "usageRatio" : 0.6802643877687274
  }, {
    "library" : "benchmark/lib/byte-buddy-agent-1.17.5.jar",
    "totalMethods" : 223,
    "usedMethods" : 49,
    "usageRatio" : 0.21973094170403587
  }, {
    "library" : "benchmark/lib/checker-qual-3.33.0.jar",
    "totalMethods" : 193,
    "usedMethods" : 2,
    "usageRatio" : 0.010362694300518135
  }, {
    "library" : "benchmark/lib/commons-codec-1.18.0.jar",
    "totalMethods" : 812,
    "usedMethods" : 275,
    "usageRatio" : 0.33866995073891626
  }, {
    "library" : "benchmark/lib/commons-lang3-3.17.0.jar",
    "totalMethods" : 4925,
    "usedMethods" : 1333,
    "usageRatio" : 0.2706598984771574
  }, {
    "library" : "benchmark/lib/commons-math3-3.6.1.jar",
    "totalMethods" : 7830,
    "usedMethods" : 1885,
    "usageRatio" : 0.24074074074074073
  }, {
    "library" : "benchmark/lib/error_prone_annotations-2.18.0.jar",
    "totalMethods" : 22,
    "usedMethods" : 0,
    "usageRatio" : 0
  }, {
    "library" : "benchmark/lib/failureaccess-1.0.1.jar",
    "totalMethods" : 1,
    "usedMethods" : 1,
    "usageRatio" : 1
  }, {
    "library" : "benchmark/lib/guava-32.1.1-jre.jar",
    "totalMethods" : 11031,
    "usedMethods" : 5599,
    "usageRatio" : 0.5075695766476294
  }, {
    "library" : "benchmark/lib/j2objc-annotations-2.8.jar",
    "totalMethods" : 8,
    "usedMethods" : 0,
    "usageRatio" : 0
  }, {
    "library" : "benchmark/lib/jimfs-1.3.0.jar",
    "totalMethods" : 653,
    "usedMethods" : 245,
    "usageRatio" : 0.37519142419601836
  }, {
    "library" : "benchmark/lib/jmh-core-1.37.jar",
    "totalMethods" : 1463,
    "usedMethods" : 882,
    "usageRatio" : 0.6028708133971292
  }, {
    "library" : "benchmark/lib/jopt-simple-5.0.4.jar",
    "totalMethods" : 202,
    "usedMethods" : 120,
    "usageRatio" : 0.594059405940594
  }, {
    "library" : "benchmark/lib/jsr305-3.0.2.jar",
    "totalMethods" : 28,
    "usedMethods" : 0,
    "usageRatio" : 0
  }, {
    "library" : "benchmark/lib/junit-jupiter-5.11.4.jar",
    "totalMethods" : 0,
    "usedMethods" : 0,
    "usageRatio" : 1
  }, {
    "library" : "benchmark/lib/junit-jupiter-api-5.11.4.jar",
    "totalMethods" : 1088,
    "usedMethods" : 442,
    "usageRatio" : 0.40625
  }, {
    "library" : "benchmark/lib/junit-jupiter-engine-5.11.4.jar",
    "totalMethods" : 1823,
    "usedMethods" : 1716,
    "usageRatio" : 0.9413055403181568
  }, {
    "library" : "benchmark/lib/junit-jupiter-params-5.11.4.jar",
    "totalMethods" : 2819,
    "usedMethods" : 1267,
    "usageRatio" : 0.4494501596310749
  }, {
    "library" : "benchmark/lib/junit-pioneer-1.9.1.jar",
    "totalMethods" : 1035,
    "usedMethods" : 835,
    "usageRatio" : 0.8067632850241546
  }, {
    "library" : "benchmark/lib/junit-platform-commons-1.11.4.jar",
    "totalMethods" : 1129,
    "usedMethods" : 874,
    "usageRatio" : 0.7741364038972542
  }, {
    "library" : "benchmark/lib/junit-platform-engine-1.11.4.jar",
    "totalMethods" : 1418,
    "usedMethods" : 1120,
    "usageRatio" : 0.7898448519040903
  }, {
    "library" : "benchmark/lib/junit-platform-launcher-1.11.4.jar",
    "totalMethods" : 1305,
    "usedMethods" : 957,
    "usageRatio" : 0.7333333333333333
  }, {
    "library" : "benchmark/lib/listenablefuture-9999.0-empty-to-avoid-conflict-with-guava.jar",
    "totalMethods" : 0,
    "usedMethods" : 0,
    "usageRatio" : 1
  }, {
    "library" : "benchmark/lib/mockito-core-4.11.0.jar",
    "totalMethods" : 2315,
    "usedMethods" : 603,
    "usageRatio" : 0.260475161987041
  }, {
    "library" : "benchmark/lib/mockito-inline-4.11.0.jar",
    "totalMethods" : 0,
    "usedMethods" : 0,
    "usageRatio" : 1
  }, {
    "library" : "benchmark/lib/objenesis-3.3.jar",
    "totalMethods" : 89,
    "usedMethods" : 58,
    "usageRatio" : 0.651685393258427
  }, {
    "library" : "benchmark/lib/opentest4j-1.3.0.jar",
    "totalMethods" : 39,
    "usedMethods" : 14,
    "usageRatio" : 0.358974358974359
  } ],
  "callGraphAlgorithm" : "CHA",
  "callGraphTimeSeconds" : 123.231,
  "analysisTimeSeconds" : 0.257,
  "programTimeSeconds" : 127.12
}