{
  "project" : [ "benchmark/commons-io-2.19.0.jar" ],
  "analysis" : [ {
    "library" : "benchmark/lib/byte-buddy-1.17.5.jar",
    "totalMethods" : 14978,
    "usedMethods" : 3897,
    "usageRatio" : 0.26018159967953
  }, {
    "library" : "benchmark/lib/byte-buddy-agent-1.17.5.jar",
    "totalMethods" : 223,
    "usedMethods" : 1,
    "usageRatio" : 0.004484304932735426
  }, {
    "library" : "benchmark/lib/commons-codec-1.18.0.jar",
    "totalMethods" : 812,
    "usedMethods" : 14,
    "usageRatio" : 0.017241379310344827
  }, {
    "library" : "benchmark/lib/commons-lang3-3.17.0.jar",
    "totalMethods" : 4925,
    "usedMethods" : 0,
    "usageRatio" : 0
  }, {
    "library" : "benchmark/lib/jimfs-1.3.0.jar",
    "totalMethods" : 653,
    "usedMethods" : 0,
    "usageRatio" : 0
  }, {
    "library" : "benchmark/lib/jmh-core-1.37.jar",
    "totalMethods" : 1463,
    "usedMethods" : 503,
    "usageRatio" : 0.3438140806561859
  }, {
    "library" : "benchmark/lib/junit-jupiter-5.11.4.jar",
    "totalMethods" : 0,
    "usedMethods" : 0,
    "usageRatio" : 1
  }, {
    "library" : "benchmark/lib/junit-pioneer-1.9.1.jar",
    "totalMethods" : 1035,
    "usedMethods" : 0,
    "usageRatio" : 0
  }, {
    "library" : "benchmark/lib/mockito-inline-4.11.0.jar",
    "totalMethods" : 0,
    "usedMethods" : 0,
    "usageRatio" : 1
  }, {
    "library" : "benchmark/lib/rt.jar",
    "totalMethods" : 213558,
    "usedMethods" : 10607,
    "usageRatio" : 0.04966800588130625
  } ],
  "callGraphAlgorithm" : "XTA",
  "callGraphTimeSeconds" : 94.868,
  "analysisTimeSeconds" : 0.17,
  "programTimeSeconds" : 106.378
}