{
  "filesAnalyzed" : [ "benchmark/jars/guava-33.4.8-jre.jar" ],
  "domainUsed" : "org.opalj.ai.domain.l1.DefaultSetValuesDomain",
  "timeFinished" : "2025-07-01T00:55:34.4186357",
  "totalRuntimeMs" : 656,
  "methodsFound" : [ {
    "fullSignature" : "boolean isHealthy()",
    "numberOfTotalInstructions" : 19,
    "numberOfDeadInstructions" : 1,
    "enclosingTypeName" : "com.google.common.util.concurrent.ServiceManager",
    "deadInstructions" : [ {
      "stringRepresentation" : "GOTO(-30)",
      "programCounter" : 38
    } ]
  }, {
    "fullSignature" : "java.lang.Exception newWithCause(java.lang.Class,java.lang.Throwable)",
    "numberOfTotalInstructions" : 47,
    "numberOfDeadInstructions" : 1,
    "enclosingTypeName" : "com.google.common.util.concurrent.FuturesGetChecked",
    "deadInstructions" : [ {
      "stringRepresentation" : "GOTO(-54)",
      "programCounter" : 72
    } ]
  }, {
    "fullSignature" : "void enterWhen(com.google.common.util.concurrent.Monitor$Guard)",
    "numberOfTotalInstructions" : 40,
    "numberOfDeadInstructions" : 3,
    "enclosingTypeName" : "com.google.common.util.concurrent.Monitor",
    "deadInstructions" : [ {
      "stringRepresentation" : "ALOAD_0",
      "programCounter" : 54
    }, {
      "stringRepresentation" : "INVOKEVIRTUAL(com.google.common.util.concurrent.Monitor{ void leave() })",
      "programCounter" : 55
    }, {
      "stringRepresentation" : "GOTO(17)",
      "programCounter" : 58
    } ]
  }, {
    "fullSignature" : "void enterWhenUninterruptibly(com.google.common.util.concurrent.Monitor$Guard)",
    "numberOfTotalInstructions" : 40,
    "numberOfDeadInstructions" : 3,
    "enclosingTypeName" : "com.google.common.util.concurrent.Monitor",
    "deadInstructions" : [ {
      "stringRepresentation" : "ALOAD_0",
      "programCounter" : 54
    }, {
      "stringRepresentation" : "INVOKEVIRTUAL(com.google.common.util.concurrent.Monitor{ void leave() })",
      "programCounter" : 55
    }, {
      "stringRepresentation" : "GOTO(17)",
      "programCounter" : 58
    } ]
  }, {
    "fullSignature" : "int getWaitQueueLength(com.google.common.util.concurrent.Monitor$Guard)",
    "numberOfTotalInstructions" : 25,
    "numberOfDeadInstructions" : 6,
    "enclosingTypeName" : "com.google.common.util.concurrent.Monitor",
    "deadInstructions" : [ {
      "stringRepresentation" : "ASTORE_3",
      "programCounter" : 37
    }, {
      "stringRepresentation" : "ALOAD_0",
      "programCounter" : 38
    }, {
      "stringRepresentation" : "get com.google.common.util.concurrent.Monitor.lock : java.util.concurrent.locks.ReentrantLock",
      "programCounter" : 39
    }, {
      "stringRepresentation" : "INVOKEVIRTUAL(java.util.concurrent.locks.ReentrantLock{ void unlock() })",
      "programCounter" : 42
    }, {
      "stringRepresentation" : "ALOAD_3",
      "programCounter" : 45
    }, {
      "stringRepresentation" : "ATHROW",
      "programCounter" : 46
    } ]
  }, {
    "fullSignature" : "void run()",
    "numberOfTotalInstructions" : 95,
    "numberOfDeadInstructions" : 12,
    "enclosingTypeName" : "com.google.common.util.concurrent.InterruptibleTask",
    "deadInstructions" : [ {
      "stringRepresentation" : "ALOAD_0",
      "programCounter" : 77
    }, {
      "stringRepresentation" : "ALOAD(4)",
      "programCounter" : 78
    }, {
      "stringRepresentation" : "INVOKEVIRTUAL(com.google.common.util.concurrent.InterruptibleTask{ void afterRanInterruptiblyFailure(java.lang.Throwable) })",
      "programCounter" : 80
    }, {
      "stringRepresentation" : "GOTO(106)",
      "programCounter" : 83
    }, {
      "stringRepresentation" : "ALOAD_0",
      "programCounter" : 122
    }, {
      "stringRepresentation" : "ALOAD_3",
      "programCounter" : 123
    }, {
      "stringRepresentation" : "INVOKESTATIC(com.google.common.util.concurrent.NullnessCasts{ java.lang.Object uncheckedCastNullableTToT(java.lang.Object) })",
      "programCounter" : 124
    }, {
      "stringRepresentation" : "INVOKEVIRTUAL(com.google.common.util.concurrent.InterruptibleTask{ void afterRanInterruptiblySuccess(java.lang.Object) })",
      "programCounter" : 127
    }, {
      "stringRepresentation" : "GOTO(59)",
      "programCounter" : 130
    }, {
      "stringRepresentation" : "ALOAD_0",
      "programCounter" : 180
    }, {
      "stringRepresentation" : "ALOAD(4)",
      "programCounter" : 181
    }, {
      "stringRepresentation" : "INVOKEVIRTUAL(com.google.common.util.concurrent.InterruptibleTask{ void afterRanInterruptiblyFailure(java.lang.Throwable) })",
      "programCounter" : 183
    } ]
  }, {
    "fullSignature" : "void validateClass(java.lang.Class)",
    "numberOfTotalInstructions" : 33,
    "numberOfDeadInstructions" : 1,
    "enclosingTypeName" : "com.google.common.util.concurrent.FuturesGetChecked$GetCheckedTypeValidatorHolder$WeakSetValidator",
    "deadInstructions" : [ {
      "stringRepresentation" : "GOTO(-31)",
      "programCounter" : 40
    } ]
  }, {
    "fullSignature" : "com.google.common.util.concurrent.CycleDetectingLockFactory$ExampleStackTrace findPathTo(com.google.common.util.concurrent.CycleDetectingLockFactory$LockGraphNode,java.util.Set)",
    "numberOfTotalInstructions" : 60,
    "numberOfDeadInstructions" : 1,
    "enclosingTypeName" : "com.google.common.util.concurrent.CycleDetectingLockFactory$LockGraphNode",
    "deadInstructions" : [ {
      "stringRepresentation" : "GOTO(-86)",
      "programCounter" : 134
    } ]
  }, {
    "fullSignature" : "double getAndUpdate(java.util.function.DoubleUnaryOperator)",
    "numberOfTotalInstructions" : 22,
    "numberOfDeadInstructions" : 1,
    "enclosingTypeName" : "com.google.common.util.concurrent.AtomicDouble",
    "deadInstructions" : [ {
      "stringRepresentation" : "GOTO(-44)",
      "programCounter" : 44
    } ]
  }, {
    "fullSignature" : "double updateAndGet(java.util.function.DoubleUnaryOperator)",
    "numberOfTotalInstructions" : 22,
    "numberOfDeadInstructions" : 1,
    "enclosingTypeName" : "com.google.common.util.concurrent.AtomicDouble",
    "deadInstructions" : [ {
      "stringRepresentation" : "GOTO(-44)",
      "programCounter" : 44
    } ]
  }, {
    "fullSignature" : "double getAndUpdate(int,java.util.function.DoubleUnaryOperator)",
    "numberOfTotalInstructions" : 25,
    "numberOfDeadInstructions" : 1,
    "enclosingTypeName" : "com.google.common.util.concurrent.AtomicDoubleArray",
    "deadInstructions" : [ {
      "stringRepresentation" : "GOTO(-49)",
      "programCounter" : 49
    } ]
  }, {
    "fullSignature" : "double updateAndGet(int,java.util.function.DoubleUnaryOperator)",
    "numberOfTotalInstructions" : 25,
    "numberOfDeadInstructions" : 1,
    "enclosingTypeName" : "com.google.common.util.concurrent.AtomicDoubleArray",
    "deadInstructions" : [ {
      "stringRepresentation" : "GOTO(-49)",
      "programCounter" : 49
    } ]
  }, {
    "fullSignature" : "void awaitRunning(long,java.util.concurrent.TimeUnit)",
    "numberOfTotalInstructions" : 37,
    "numberOfDeadInstructions" : 1,
    "enclosingTypeName" : "com.google.common.util.concurrent.AbstractService",
    "deadInstructions" : [ {
      "stringRepresentation" : "GOTO(35)",
      "programCounter" : 45
    } ]
  }, {
    "fullSignature" : "void awaitTerminated(long,java.util.concurrent.TimeUnit)",
    "numberOfTotalInstructions" : 40,
    "numberOfDeadInstructions" : 1,
    "enclosingTypeName" : "com.google.common.util.concurrent.AbstractService",
    "deadInstructions" : [ {
      "stringRepresentation" : "GOTO(42)",
      "programCounter" : 45
    } ]
  }, {
    "fullSignature" : "com.google.common.util.concurrent.Service startAsync()",
    "numberOfTotalInstructions" : 59,
    "numberOfDeadInstructions" : 1,
    "enclosingTypeName" : "com.google.common.util.concurrent.AbstractService",
    "deadInstructions" : [ {
      "stringRepresentation" : "GOTO(35)",
      "programCounter" : 88
    } ]
  }, {
    "fullSignature" : "java.lang.annotation.Annotation getAnnotation(java.lang.Class)",
    "numberOfTotalInstructions" : 26,
    "numberOfDeadInstructions" : 1,
    "enclosingTypeName" : "com.google.common.reflect.Parameter",
    "deadInstructions" : [ {
      "stringRepresentation" : "GOTO(-36)",
      "programCounter" : 49
    } ]
  }, {
    "fullSignature" : "void scan(java.io.File,java.util.Set,com.google.common.collect.ImmutableSet$Builder)",
    "numberOfTotalInstructions" : 35,
    "numberOfDeadInstructions" : 1,
    "enclosingTypeName" : "com.google.common.reflect.ClassPath$LocationInfo",
    "deadInstructions" : [ {
      "stringRepresentation" : "GOTO(41)",
      "programCounter" : 8
    } ]
  }, {
    "fullSignature" : "boolean equals(java.lang.Object)",
    "numberOfTotalInstructions" : 59,
    "numberOfDeadInstructions" : 1,
    "enclosingTypeName" : "com.google.common.primitives.ImmutableLongArray$AsList",
    "deadInstructions" : [ {
      "stringRepresentation" : "GOTO(-53)",
      "programCounter" : 122
    } ]
  }, {
    "fullSignature" : "boolean isOwnedBySubtypeOf(java.lang.reflect.Type)",
    "numberOfTotalInstructions" : 26,
    "numberOfDeadInstructions" : 1,
    "enclosingTypeName" : "com.google.common.reflect.TypeToken",
    "deadInstructions" : [ {
      "stringRepresentation" : "GOTO(-44)",
      "programCounter" : 52
    } ]
  }, {
    "fullSignature" : "boolean someRawTypeIsSubclassOf(java.lang.Class)",
    "numberOfTotalInstructions" : 20,
    "numberOfDeadInstructions" : 1,
    "enclosingTypeName" : "com.google.common.reflect.TypeToken",
    "deadInstructions" : [ {
      "stringRepresentation" : "GOTO(-29)",
      "programCounter" : 37
    } ]
  }, {
    "fullSignature" : "boolean equals(java.lang.Object)",
    "numberOfTotalInstructions" : 59,
    "numberOfDeadInstructions" : 1,
    "enclosingTypeName" : "com.google.common.primitives.ImmutableDoubleArray$AsList",
    "deadInstructions" : [ {
      "stringRepresentation" : "GOTO(-55)",
      "programCounter" : 124
    } ]
  }, {
    "fullSignature" : "boolean equals(java.lang.Object)",
    "numberOfTotalInstructions" : 58,
    "numberOfDeadInstructions" : 1,
    "enclosingTypeName" : "com.google.common.primitives.ImmutableIntArray$AsList",
    "deadInstructions" : [ {
      "stringRepresentation" : "GOTO(-52)",
      "programCounter" : 121
    } ]
  }, {
    "fullSignature" : "int chooseNextSelection(int[],int,int,int,int)",
    "numberOfTotalInstructions" : 61,
    "numberOfDeadInstructions" : 1,
    "enclosingTypeName" : "com.google.common.math.Quantiles",
    "deadInstructions" : [ {
      "stringRepresentation" : "GOTO(-53)",
      "programCounter" : 74
    } ]
  }, {
    "fullSignature" : "void reset()",
    "numberOfTotalInstructions" : 89,
    "numberOfDeadInstructions" : 1,
    "enclosingTypeName" : "com.google.common.io.FileBackedOutputStream",
    "deadInstructions" : [ {
      "stringRepresentation" : "GOTO(94)",
      "programCounter" : 92
    } ]
  }, {
    "fullSignature" : "com.google.common.io.TempFileCreator pickSecureCreator()",
    "numberOfTotalInstructions" : 59,
    "numberOfDeadInstructions" : 1,
    "enclosingTypeName" : "com.google.common.io.TempFileCreator",
    "deadInstructions" : [ {
      "stringRepresentation" : "GOTO(33)",
      "programCounter" : 72
    } ]
  }, {
    "fullSignature" : "boolean isEmpty()",
    "numberOfTotalInstructions" : 19,
    "numberOfDeadInstructions" : 1,
    "enclosingTypeName" : "com.google.common.io.CharSource$ConcatenatedCharSource",
    "deadInstructions" : [ {
      "stringRepresentation" : "GOTO(-28)",
      "programCounter" : 38
    } ]
  }, {
    "fullSignature" : "int read()",
    "numberOfTotalInstructions" : 151,
    "numberOfDeadInstructions" : 1,
    "enclosingTypeName" : "com.google.common.io.BaseEncoding$StandardBaseEncoding$2",
    "deadInstructions" : [ {
      "stringRepresentation" : "GOTO(-316)",
      "programCounter" : 316
    } ]
  }, {
    "fullSignature" : "boolean isEmpty()",
    "numberOfTotalInstructions" : 19,
    "numberOfDeadInstructions" : 1,
    "enclosingTypeName" : "com.google.common.io.ByteSource$ConcatenatedByteSource",
    "deadInstructions" : [ {
      "stringRepresentation" : "GOTO(-28)",
      "programCounter" : 38
    } ]
  }, {
    "fullSignature" : "boolean contentsEqual(java.io.InputStream,java.io.InputStream)",
    "numberOfTotalInstructions" : 32,
    "numberOfDeadInstructions" : 1,
    "enclosingTypeName" : "com.google.common.io.ByteStreams",
    "deadInstructions" : [ {
      "stringRepresentation" : "GOTO(-51)",
      "programCounter" : 59
    } ]
  }, {
    "fullSignature" : "java.lang.Object visitNext(java.util.Deque)",
    "numberOfTotalInstructions" : 26,
    "numberOfDeadInstructions" : 1,
    "enclosingTypeName" : "com.google.common.graph.Traverser$Traversal$1",
    "deadInstructions" : [ {
      "stringRepresentation" : "GOTO(-36)",
      "programCounter" : 46
    } ]
  }, {
    "fullSignature" : "java.lang.Object computeNext()",
    "numberOfTotalInstructions" : 23,
    "numberOfDeadInstructions" : 1,
    "enclosingTypeName" : "com.google.common.graph.MultiEdgesConnecting$1",
    "deadInstructions" : [ {
      "stringRepresentation" : "GOTO(-51)",
      "programCounter" : 51
    } ]
  }, {
    "fullSignature" : "com.google.common.graph.EndpointPair computeNext()",
    "numberOfTotalInstructions" : 29,
    "numberOfDeadInstructions" : 1,
    "enclosingTypeName" : "com.google.common.graph.DirectedGraphConnections$4",
    "deadInstructions" : [ {
      "stringRepresentation" : "GOTO(-54)",
      "programCounter" : 54
    } ]
  }, {
    "fullSignature" : "java.lang.Object computeNext()",
    "numberOfTotalInstructions" : 19,
    "numberOfDeadInstructions" : 1,
    "enclosingTypeName" : "com.google.common.graph.DirectedGraphConnections$3$2",
    "deadInstructions" : [ {
      "stringRepresentation" : "GOTO(-37)",
      "programCounter" : 37
    } ]
  }, {
    "fullSignature" : "java.lang.Object computeNext()",
    "numberOfTotalInstructions" : 19,
    "numberOfDeadInstructions" : 1,
    "enclosingTypeName" : "com.google.common.graph.DirectedGraphConnections$2$2",
    "deadInstructions" : [ {
      "stringRepresentation" : "GOTO(-37)",
      "programCounter" : 37
    } ]
  }, {
    "fullSignature" : "java.lang.Object computeNext()",
    "numberOfTotalInstructions" : 20,
    "numberOfDeadInstructions" : 1,
    "enclosingTypeName" : "com.google.common.graph.DirectedGraphConnections$2$1",
    "deadInstructions" : [ {
      "stringRepresentation" : "GOTO(-44)",
      "programCounter" : 44
    } ]
  }, {
    "fullSignature" : "boolean hasCycle(com.google.common.graph.Graph)",
    "numberOfTotalInstructions" : 43,
    "numberOfDeadInstructions" : 1,
    "enclosingTypeName" : "com.google.common.graph.Graphs",
    "deadInstructions" : [ {
      "stringRepresentation" : "GOTO(-29)",
      "programCounter" : 100
    } ]
  }, {
    "fullSignature" : "com.google.common.graph.MutableGraph inducedSubgraph(com.google.common.graph.Graph,java.lang.Iterable)",
    "numberOfTotalInstructions" : 64,
    "numberOfDeadInstructions" : 1,
    "enclosingTypeName" : "com.google.common.graph.Graphs",
    "deadInstructions" : [ {
      "stringRepresentation" : "GOTO(-81)",
      "programCounter" : 166
    } ]
  }, {
    "fullSignature" : "com.google.common.graph.MutableValueGraph inducedSubgraph(com.google.common.graph.ValueGraph,java.lang.Iterable)",
    "numberOfTotalInstructions" : 70,
    "numberOfDeadInstructions" : 1,
    "enclosingTypeName" : "com.google.common.graph.Graphs",
    "deadInstructions" : [ {
      "stringRepresentation" : "GOTO(-95)",
      "programCounter" : 180
    } ]
  }, {
    "fullSignature" : "com.google.common.graph.MutableNetwork inducedSubgraph(com.google.common.graph.Network,java.lang.Iterable)",
    "numberOfTotalInstructions" : 71,
    "numberOfDeadInstructions" : 1,
    "enclosingTypeName" : "com.google.common.graph.Graphs",
    "deadInstructions" : [ {
      "stringRepresentation" : "GOTO(-98)",
      "programCounter" : 183
    } ]
  }, {
    "fullSignature" : "com.google.common.graph.EndpointPair computeNext()",
    "numberOfTotalInstructions" : 40,
    "numberOfDeadInstructions" : 1,
    "enclosingTypeName" : "com.google.common.graph.EndpointPairIterator$Undirected",
    "deadInstructions" : [ {
      "stringRepresentation" : "GOTO(-47)",
      "programCounter" : 55
    } ]
  }, {
    "fullSignature" : "java.lang.Object computeNext()",
    "numberOfTotalInstructions" : 24,
    "numberOfDeadInstructions" : 1,
    "enclosingTypeName" : "com.google.common.graph.DirectedGraphConnections$1$1",
    "deadInstructions" : [ {
      "stringRepresentation" : "GOTO(-48)",
      "programCounter" : 48
    } ]
  }, {
    "fullSignature" : "java.lang.Object computeNext()",
    "numberOfTotalInstructions" : 20,
    "numberOfDeadInstructions" : 1,
    "enclosingTypeName" : "com.google.common.graph.DirectedGraphConnections$3$1",
    "deadInstructions" : [ {
      "stringRepresentation" : "GOTO(-44)",
      "programCounter" : 44
    } ]
  }, {
    "fullSignature" : "java.lang.Object computeNext()",
    "numberOfTotalInstructions" : 35,
    "numberOfDeadInstructions" : 1,
    "enclosingTypeName" : "com.google.common.collect.TreeTraverser$PostOrderIterator",
    "deadInstructions" : [ {
      "stringRepresentation" : "GOTO(-71)",
      "programCounter" : 71
    } ]
  }, {
    "fullSignature" : "void unregister(java.lang.Object)",
    "numberOfTotalInstructions" : 52,
    "numberOfDeadInstructions" : 1,
    "enclosingTypeName" : "com.google.common.eventbus.SubscriberRegistry",
    "deadInstructions" : [ {
      "stringRepresentation" : "GOTO(-107)",
      "programCounter" : 130
    } ]
  }, {
    "fullSignature" : "java.util.Map$Entry computeNext()",
    "numberOfTotalInstructions" : 64,
    "numberOfDeadInstructions" : 1,
    "enclosingTypeName" : "com.google.common.collect.TreeRangeSet$ComplementRangesByLowerBound$2",
    "deadInstructions" : [ {
      "stringRepresentation" : "GOTO(48)",
      "programCounter" : 92
    } ]
  }, {
    "fullSignature" : "java.util.Map$Entry computeNext()",
    "numberOfTotalInstructions" : 47,
    "numberOfDeadInstructions" : 1,
    "enclosingTypeName" : "com.google.common.collect.TreeRangeMap$SubRangeMap$SubRangeMapAsMap$3",
    "deadInstructions" : [ {
      "stringRepresentation" : "GOTO(-104)",
      "programCounter" : 104
    } ]
  }, {
    "fullSignature" : "java.lang.Object computeNext()",
    "numberOfTotalInstructions" : 37,
    "numberOfDeadInstructions" : 1,
    "enclosingTypeName" : "com.google.common.collect.TreeBasedTable$1",
    "deadInstructions" : [ {
      "stringRepresentation" : "GOTO(-66)",
      "programCounter" : 66
    } ]
  }, {
    "fullSignature" : "com.google.common.collect.Range get(java.lang.Object)",
    "numberOfTotalInstructions" : 30,
    "numberOfDeadInstructions" : 1,
    "enclosingTypeName" : "com.google.common.collect.TreeRangeSet$ComplementRangesByLowerBound",
    "deadInstructions" : [ {
      "stringRepresentation" : "GOTO(6)",
      "programCounter" : 54
    } ]
  }, {
    "fullSignature" : "com.google.common.collect.Range get(java.lang.Object)",
    "numberOfTotalInstructions" : 37,
    "numberOfDeadInstructions" : 1,
    "enclosingTypeName" : "com.google.common.collect.TreeRangeSet$RangesByUpperBound",
    "deadInstructions" : [ {
      "stringRepresentation" : "GOTO(6)",
      "programCounter" : 69
    } ]
  }, {
    "fullSignature" : "com.google.common.collect.Range get(java.lang.Object)",
    "numberOfTotalInstructions" : 72,
    "numberOfDeadInstructions" : 1,
    "enclosingTypeName" : "com.google.common.collect.TreeRangeSet$SubRangeSetRangesByLowerBound",
    "deadInstructions" : [ {
      "stringRepresentation" : "GOTO(36)",
      "programCounter" : 114
    } ]
  }, {
    "fullSignature" : "java.lang.Object computeNext()",
    "numberOfTotalInstructions" : 43,
    "numberOfDeadInstructions" : 1,
    "enclosingTypeName" : "com.google.common.collect.StandardTable$ColumnKeyIterator",
    "deadInstructions" : [ {
      "stringRepresentation" : "GOTO(-72)",
      "programCounter" : 72
    } ]
  }, {
    "fullSignature" : "java.util.Map$Entry computeNext()",
    "numberOfTotalInstructions" : 28,
    "numberOfDeadInstructions" : 1,
    "enclosingTypeName" : "com.google.common.collect.StandardTable$Column$EntrySetIterator",
    "deadInstructions" : [ {
      "stringRepresentation" : "GOTO(-59)",
      "programCounter" : 59
    } ]
  }, {
    "fullSignature" : "boolean remove(java.lang.Object)",
    "numberOfTotalInstructions" : 30,
    "numberOfDeadInstructions" : 1,
    "enclosingTypeName" : "com.google.common.collect.StandardTable$ColumnMap$ColumnMapValues",
    "deadInstructions" : [ {
      "stringRepresentation" : "GOTO(-56)",
      "programCounter" : 69
    } ]
  }, {
    "fullSignature" : "java.util.Optional findLast(java.util.stream.Stream)",
    "numberOfTotalInstructions" : 101,
    "numberOfDeadInstructions" : 1,
    "enclosingTypeName" : "com.google.common.collect.Streams",
    "deadInstructions" : [ {
      "stringRepresentation" : "GOTO(-45)",
      "programCounter" : 118
    } ]
  }, {
    "fullSignature" : "java.lang.Object computeNext()",
    "numberOfTotalInstructions" : 35,
    "numberOfDeadInstructions" : 2,
    "enclosingTypeName" : "com.google.common.collect.Sets$4$1",
    "deadInstructions" : [ {
      "stringRepresentation" : "GOTO(-37)",
      "programCounter" : 37
    }, {
      "stringRepresentation" : "GOTO(-37)",
      "programCounter" : 77
    } ]
  }, {
    "fullSignature" : "java.lang.Object computeNext()",
    "numberOfTotalInstructions" : 19,
    "numberOfDeadInstructions" : 1,
    "enclosingTypeName" : "com.google.common.collect.Sets$3$1",
    "deadInstructions" : [ {
      "stringRepresentation" : "GOTO(-37)",
      "programCounter" : 37
    } ]
  }, {
    "fullSignature" : "java.lang.Object computeNext()",
    "numberOfTotalInstructions" : 19,
    "numberOfDeadInstructions" : 1,
    "enclosingTypeName" : "com.google.common.collect.Sets$2$1",
    "deadInstructions" : [ {
      "stringRepresentation" : "GOTO(-37)",
      "programCounter" : 37
    } ]
  }, {
    "fullSignature" : "boolean containsColumn(java.lang.Object)",
    "numberOfTotalInstructions" : 25,
    "numberOfDeadInstructions" : 1,
    "enclosingTypeName" : "com.google.common.collect.StandardTable",
    "deadInstructions" : [ {
      "stringRepresentation" : "GOTO(-29)",
      "programCounter" : 50
    } ]
  }, {
    "fullSignature" : "java.lang.Object computeNext()",
    "numberOfTotalInstructions" : 27,
    "numberOfDeadInstructions" : 1,
    "enclosingTypeName" : "com.google.common.collect.Sets$1$1",
    "deadInstructions" : [ {
      "stringRepresentation" : "GOTO(-37)",
      "programCounter" : 59
    } ]
  }, {
    "fullSignature" : "void writeMultimap(com.google.common.collect.Multimap,java.io.ObjectOutputStream)",
    "numberOfTotalInstructions" : 44,
    "numberOfDeadInstructions" : 1,
    "enclosingTypeName" : "com.google.common.collect.Serialization",
    "deadInstructions" : [ {
      "stringRepresentation" : "GOTO(-91)",
      "programCounter" : 123
    } ]
  }, {
    "fullSignature" : "com.google.common.collect.Multiset$Entry computeNext()",
    "numberOfTotalInstructions" : 31,
    "numberOfDeadInstructions" : 1,
    "enclosingTypeName" : "com.google.common.collect.Multisets$2$1",
    "deadInstructions" : [ {
      "stringRepresentation" : "GOTO(-62)",
      "programCounter" : 62
    } ]
  }, {
    "fullSignature" : "com.google.common.collect.Multiset$Entry computeNext()",
    "numberOfTotalInstructions" : 31,
    "numberOfDeadInstructions" : 1,
    "enclosingTypeName" : "com.google.common.collect.Multisets$4$2",
    "deadInstructions" : [ {
      "stringRepresentation" : "GOTO(-60)",
      "programCounter" : 60
    } ]
  }, {
    "fullSignature" : "boolean enclosesAll(java.lang.Iterable)",
    "numberOfTotalInstructions" : 19,
    "numberOfDeadInstructions" : 1,
    "enclosingTypeName" : "com.google.common.collect.RangeSet",
    "deadInstructions" : [ {
      "stringRepresentation" : "GOTO(-31)",
      "programCounter" : 38
    } ]
  }, {
    "fullSignature" : "boolean containsOccurrences(com.google.common.collect.Multiset,com.google.common.collect.Multiset)",
    "numberOfTotalInstructions" : 31,
    "numberOfDeadInstructions" : 1,
    "enclosingTypeName" : "com.google.common.collect.Multisets",
    "deadInstructions" : [ {
      "stringRepresentation" : "GOTO(-46)",
      "programCounter" : 68
    } ]
  }, {
    "fullSignature" : "boolean equalsImpl(com.google.common.collect.Multiset,java.lang.Object)",
    "numberOfTotalInstructions" : 50,
    "numberOfDeadInstructions" : 1,
    "enclosingTypeName" : "com.google.common.collect.Multisets",
    "deadInstructions" : [ {
      "stringRepresentation" : "GOTO(-45)",
      "programCounter" : 118
    } ]
  }, {
    "fullSignature" : "int setCountImpl(com.google.common.collect.Multiset,java.lang.Object,int)",
    "numberOfTotalInstructions" : 30,
    "numberOfDeadInstructions" : 6,
    "enclosingTypeName" : "com.google.common.collect.Multisets",
    "deadInstructions" : [ {
      "stringRepresentation" : "ALOAD_0",
      "programCounter" : 43
    }, {
      "stringRepresentation" : "ALOAD_1",
      "programCounter" : 44
    }, {
      "stringRepresentation" : "ILOAD(4)",
      "programCounter" : 45
    }, {
      "stringRepresentation" : "INEG",
      "programCounter" : 47
    }, {
      "stringRepresentation" : "INVOKEINTERFACE(com.google.common.collect.Multiset{ int remove(java.lang.Object,int) })",
      "programCounter" : 48
    }, {
      "stringRepresentation" : "POP",
      "programCounter" : 53
    } ]
  }, {
    "fullSignature" : "java.lang.Object computeNext()",
    "numberOfTotalInstructions" : 25,
    "numberOfDeadInstructions" : 1,
    "enclosingTypeName" : "com.google.common.collect.Multisets$4$1",
    "deadInstructions" : [ {
      "stringRepresentation" : "GOTO(-53)",
      "programCounter" : 53
    } ]
  }, {
    "fullSignature" : "boolean containsAll(java.lang.Iterable)",
    "numberOfTotalInstructions" : 55,
    "numberOfDeadInstructions" : 1,
    "enclosingTypeName" : "com.google.common.collect.Range",
    "deadInstructions" : [ {
      "stringRepresentation" : "GOTO(-29)",
      "programCounter" : 116
    } ]
  }, {
    "fullSignature" : "com.google.common.collect.Multiset$Entry computeNext()",
    "numberOfTotalInstructions" : 51,
    "numberOfDeadInstructions" : 1,
    "enclosingTypeName" : "com.google.common.collect.Multisets$3$1",
    "deadInstructions" : [ {
      "stringRepresentation" : "GOTO(-56)",
      "programCounter" : 112
    } ]
  }, {
    "fullSignature" : "boolean remove(java.lang.Object)",
    "numberOfTotalInstructions" : 33,
    "numberOfDeadInstructions" : 1,
    "enclosingTypeName" : "com.google.common.collect.Maps$Values",
    "deadInstructions" : [ {
      "stringRepresentation" : "GOTO(-53)",
      "programCounter" : 75
    } ]
  }, {
    "fullSignature" : "boolean foundAndRemovedExactReference(java.lang.Iterable,java.lang.Object)",
    "numberOfTotalInstructions" : 19,
    "numberOfDeadInstructions" : 1,
    "enclosingTypeName" : "com.google.common.collect.MinMaxPriorityQueue$QueueIterator",
    "deadInstructions" : [ {
      "stringRepresentation" : "GOTO(-31)",
      "programCounter" : 38
    } ]
  }, {
    "fullSignature" : "boolean remove(java.lang.Object)",
    "numberOfTotalInstructions" : 29,
    "numberOfDeadInstructions" : 1,
    "enclosingTypeName" : "com.google.common.collect.Maps$FilteredMapValues",
    "deadInstructions" : [ {
      "stringRepresentation" : "GOTO(-53)",
      "programCounter" : 68
    } ]
  }, {
    "fullSignature" : "com.google.common.collect.Multiset$Entry computeNext()",
    "numberOfTotalInstructions" : 51,
    "numberOfDeadInstructions" : 1,
    "enclosingTypeName" : "com.google.common.collect.Multisets$1$1",
    "deadInstructions" : [ {
      "stringRepresentation" : "GOTO(-56)",
      "programCounter" : 114
    } ]
  }, {
    "fullSignature" : "int compare(java.lang.Iterable,java.lang.Iterable)",
    "numberOfTotalInstructions" : 34,
    "numberOfDeadInstructions" : 1,
    "enclosingTypeName" : "com.google.common.collect.LexicographicalOrdering",
    "deadInstructions" : [ {
      "stringRepresentation" : "GOTO(-53)",
      "programCounter" : 68
    } ]
  }, {
    "fullSignature" : "java.lang.Object computeNext()",
    "numberOfTotalInstructions" : 19,
    "numberOfDeadInstructions" : 1,
    "enclosingTypeName" : "com.google.common.collect.Iterators$5",
    "deadInstructions" : [ {
      "stringRepresentation" : "GOTO(-37)",
      "programCounter" : 37
    } ]
  }, {
    "fullSignature" : "java.lang.Object intern(java.lang.Object)",
    "numberOfTotalInstructions" : 28,
    "numberOfDeadInstructions" : 1,
    "enclosingTypeName" : "com.google.common.collect.Interners$InternerImpl",
    "deadInstructions" : [ {
      "stringRepresentation" : "GOTO(-51)",
      "programCounter" : 51
    } ]
  }, {
    "fullSignature" : "int lastIndexOfRandomAccess(java.util.List,java.lang.Object)",
    "numberOfTotalInstructions" : 37,
    "numberOfDeadInstructions" : 1,
    "enclosingTypeName" : "com.google.common.collect.Lists",
    "deadInstructions" : [ {
      "stringRepresentation" : "GOTO(38)",
      "programCounter" : 35
    } ]
  }, {
    "fullSignature" : "java.lang.Object removeFirstMatching(java.lang.Iterable,com.google.common.base.Predicate)",
    "numberOfTotalInstructions" : 23,
    "numberOfDeadInstructions" : 1,
    "enclosingTypeName" : "com.google.common.collect.Iterables",
    "deadInstructions" : [ {
      "stringRepresentation" : "GOTO(-34)",
      "programCounter" : 46
    } ]
  }, {
    "fullSignature" : "boolean all(java.util.Iterator,com.google.common.base.Predicate)",
    "numberOfTotalInstructions" : 18,
    "numberOfDeadInstructions" : 1,
    "enclosingTypeName" : "com.google.common.collect.Iterators",
    "deadInstructions" : [ {
      "stringRepresentation" : "GOTO(-28)",
      "programCounter" : 33
    } ]
  }, {
    "fullSignature" : "boolean elementsEqual(java.util.Iterator,java.util.Iterator)",
    "numberOfTotalInstructions" : 28,
    "numberOfDeadInstructions" : 1,
    "enclosingTypeName" : "com.google.common.collect.Iterators",
    "deadInstructions" : [ {
      "stringRepresentation" : "GOTO(-44)",
      "programCounter" : 44
    } ]
  }, {
    "fullSignature" : "java.lang.Object find(java.util.Iterator,com.google.common.base.Predicate)",
    "numberOfTotalInstructions" : 23,
    "numberOfDeadInstructions" : 1,
    "enclosingTypeName" : "com.google.common.collect.Iterators",
    "deadInstructions" : [ {
      "stringRepresentation" : "GOTO(-28)",
      "programCounter" : 38
    } ]
  }, {
    "fullSignature" : "java.lang.Object find(java.util.Iterator,com.google.common.base.Predicate,java.lang.Object)",
    "numberOfTotalInstructions" : 21,
    "numberOfDeadInstructions" : 1,
    "enclosingTypeName" : "com.google.common.collect.Iterators",
    "deadInstructions" : [ {
      "stringRepresentation" : "GOTO(-28)",
      "programCounter" : 38
    } ]
  }, {
    "fullSignature" : "java.lang.Object getLast(java.util.Iterator)",
    "numberOfTotalInstructions" : 9,
    "numberOfDeadInstructions" : 1,
    "enclosingTypeName" : "com.google.common.collect.Iterators",
    "deadInstructions" : [ {
      "stringRepresentation" : "GOTO(-18)",
      "programCounter" : 18
    } ]
  }, {
    "fullSignature" : "com.google.common.base.Optional tryFind(java.util.Iterator,com.google.common.base.Predicate)",
    "numberOfTotalInstructions" : 22,
    "numberOfDeadInstructions" : 1,
    "enclosingTypeName" : "com.google.common.collect.Iterators",
    "deadInstructions" : [ {
      "stringRepresentation" : "GOTO(-31)",
      "programCounter" : 41
    } ]
  }, {
    "fullSignature" : "com.google.common.collect.ImmutableSet copyOf(java.util.Collection)",
    "numberOfTotalInstructions" : 44,
    "numberOfDeadInstructions" : 1,
    "enclosingTypeName" : "com.google.common.collect.ImmutableSet",
    "deadInstructions" : [ {
      "stringRepresentation" : "GOTO(18)",
      "programCounter" : 28
    } ]
  }, {
    "fullSignature" : "boolean standardRemove(java.lang.Object)",
    "numberOfTotalInstructions" : 29,
    "numberOfDeadInstructions" : 1,
    "enclosingTypeName" : "com.google.common.collect.ForwardingSortedSet",
    "deadInstructions" : [ {
      "stringRepresentation" : "GOTO(6)",
      "programCounter" : 53
    } ]
  }, {
    "fullSignature" : "java.util.Map$Entry next()",
    "numberOfTotalInstructions" : 41,
    "numberOfDeadInstructions" : 16,
    "enclosingTypeName" : "com.google.common.collect.ForwardingNavigableMap$StandardDescendingMap$1",
    "deadInstructions" : [ {
      "stringRepresentation" : "ASTORE_2",
      "programCounter" : 55
    }, {
      "stringRepresentation" : "ALOAD_0",
      "programCounter" : 56
    }, {
      "stringRepresentation" : "ALOAD_0",
      "programCounter" : 57
    }, {
      "stringRepresentation" : "get com.google.common.collect.ForwardingNavigableMap$StandardDescendingMap$1.nextOrNull : java.util.Map$Entry",
      "programCounter" : 58
    }, {
      "stringRepresentation" : "put com.google.common.collect.ForwardingNavigableMap$StandardDescendingMap$1.toRemove : java.util.Map$Entry",
      "programCounter" : 61
    }, {
      "stringRepresentation" : "ALOAD_0",
      "programCounter" : 64
    }, {
      "stringRepresentation" : "ALOAD_0",
      "programCounter" : 65
    }, {
      "stringRepresentation" : "get com.google.common.collect.ForwardingNavigableMap$StandardDescendingMap$1.this$1 : com.google.common.collect.ForwardingNavigableMap$StandardDescendingMap",
      "programCounter" : 66
    }, {
      "stringRepresentation" : "INVOKEVIRTUAL(com.google.common.collect.ForwardingNavigableMap$StandardDescendingMap{ java.util.NavigableMap forward() })",
      "programCounter" : 69
    }, {
      "stringRepresentation" : "ALOAD_0",
      "programCounter" : 72
    }, {
      "stringRepresentation" : "get com.google.common.collect.ForwardingNavigableMap$StandardDescendingMap$1.nextOrNull : java.util.Map$Entry",
      "programCounter" : 73
    }, {
      "stringRepresentation" : "INVOKEINTERFACE(java.util.Map$Entry{ java.lang.Object getKey() })",
      "programCounter" : 76
    }, {
      "stringRepresentation" : "INVOKEINTERFACE(java.util.NavigableMap{ java.util.Map$Entry lowerEntry(java.lang.Object) })",
      "programCounter" : 81
    }, {
      "stringRepresentation" : "put com.google.common.collect.ForwardingNavigableMap$StandardDescendingMap$1.nextOrNull : java.util.Map$Entry",
      "programCounter" : 86
    }, {
      "stringRepresentation" : "ALOAD_2",
      "programCounter" : 89
    }, {
      "stringRepresentation" : "ATHROW",
      "programCounter" : 90
    } ]
  }, {
    "fullSignature" : "java.lang.Object standardRemove(java.lang.Object)",
    "numberOfTotalInstructions" : 26,
    "numberOfDeadInstructions" : 1,
    "enclosingTypeName" : "com.google.common.collect.ForwardingMap",
    "deadInstructions" : [ {
      "stringRepresentation" : "GOTO(-49)",
      "programCounter" : 59
    } ]
  }, {
    "fullSignature" : "com.google.common.collect.ImmutableMap copyOf(java.util.Map)",
    "numberOfTotalInstructions" : 28,
    "numberOfDeadInstructions" : 1,
    "enclosingTypeName" : "com.google.common.collect.ImmutableMap",
    "deadInstructions" : [ {
      "stringRepresentation" : "GOTO(20)",
      "programCounter" : 28
    } ]
  }, {
    "fullSignature" : "boolean remove(java.lang.Object)",
    "numberOfTotalInstructions" : 60,
    "numberOfDeadInstructions" : 1,
    "enclosingTypeName" : "com.google.common.collect.FilteredEntryMultimap$AsMap$1ValuesImpl",
    "deadInstructions" : [ {
      "stringRepresentation" : "GOTO(-124)",
      "programCounter" : 162
    } ]
  }, {
    "fullSignature" : "int standardCount(java.lang.Object)",
    "numberOfTotalInstructions" : 22,
    "numberOfDeadInstructions" : 1,
    "enclosingTypeName" : "com.google.common.collect.ForwardingMultiset",
    "deadInstructions" : [ {
      "stringRepresentation" : "GOTO(-39)",
      "programCounter" : 49
    } ]
  }, {
    "fullSignature" : "boolean remove(java.lang.Object)",
    "numberOfTotalInstructions" : 33,
    "numberOfDeadInstructions" : 1,
    "enclosingTypeName" : "com.google.common.collect.FilteredMultimapValues",
    "deadInstructions" : [ {
      "stringRepresentation" : "GOTO(-53)",
      "programCounter" : 83
    } ]
  }, {
    "fullSignature" : "com.google.common.base.Optional last()",
    "numberOfTotalInstructions" : 50,
    "numberOfDeadInstructions" : 1,
    "enclosingTypeName" : "com.google.common.collect.FluentIterable",
    "deadInstructions" : [ {
      "stringRepresentation" : "GOTO(-21)",
      "programCounter" : 111
    } ]
  }, {
    "fullSignature" : "java.util.Map$Entry computeNext()",
    "numberOfTotalInstructions" : 37,
    "numberOfDeadInstructions" : 1,
    "enclosingTypeName" : "com.google.common.collect.FilteredEntryMultimap$AsMap$1EntrySetImpl$1",
    "deadInstructions" : [ {
      "stringRepresentation" : "GOTO(-78)",
      "programCounter" : 78
    } ]
  }, {
    "fullSignature" : "com.google.common.collect.Multiset$Entry computeNext()",
    "numberOfTotalInstructions" : 26,
    "numberOfDeadInstructions" : 1,
    "enclosingTypeName" : "com.google.common.collect.ConcurrentHashMultiset$2",
    "deadInstructions" : [ {
      "stringRepresentation" : "GOTO(-61)",
      "programCounter" : 61
    } ]
  }, {
    "fullSignature" : "int add(java.lang.Object,int)",
    "numberOfTotalInstructions" : 90,
    "numberOfDeadInstructions" : 2,
    "enclosingTypeName" : "com.google.common.collect.ConcurrentHashMultiset",
    "deadInstructions" : [ {
      "stringRepresentation" : "GOTO(-33)",
      "programCounter" : 98
    }, {
      "stringRepresentation" : "GOTO(-165)",
      "programCounter" : 186
    } ]
  }, {
    "fullSignature" : "int remove(java.lang.Object,int)",
    "numberOfTotalInstructions" : 49,
    "numberOfDeadInstructions" : 1,
    "enclosingTypeName" : "com.google.common.collect.ConcurrentHashMultiset",
    "deadInstructions" : [ {
      "stringRepresentation" : "GOTO(-52)",
      "programCounter" : 86
    } ]
  }, {
    "fullSignature" : "boolean removeExactly(java.lang.Object,int)",
    "numberOfTotalInstructions" : 45,
    "numberOfDeadInstructions" : 1,
    "enclosingTypeName" : "com.google.common.collect.ConcurrentHashMultiset",
    "deadInstructions" : [ {
      "stringRepresentation" : "GOTO(-50)",
      "programCounter" : 80
    } ]
  }, {
    "fullSignature" : "int setCount(java.lang.Object,int)",
    "numberOfTotalInstructions" : 80,
    "numberOfDeadInstructions" : 2,
    "enclosingTypeName" : "com.google.common.collect.ConcurrentHashMultiset",
    "deadInstructions" : [ {
      "stringRepresentation" : "GOTO(-110)",
      "programCounter" : 122
    }, {
      "stringRepresentation" : "GOTO(-92)",
      "programCounter" : 154
    } ]
  }, {
    "fullSignature" : "java.util.List snapshot()",
    "numberOfTotalInstructions" : 32,
    "numberOfDeadInstructions" : 1,
    "enclosingTypeName" : "com.google.common.collect.ConcurrentHashMultiset",
    "deadInstructions" : [ {
      "stringRepresentation" : "GOTO(-55)",
      "programCounter" : 73
    } ]
  }, {
    "fullSignature" : "boolean containsAllImpl(java.util.Collection,java.util.Collection)",
    "numberOfTotalInstructions" : 18,
    "numberOfDeadInstructions" : 1,
    "enclosingTypeName" : "com.google.common.collect.Collections2",
    "deadInstructions" : [ {
      "stringRepresentation" : "GOTO(-28)",
      "programCounter" : 35
    } ]
  }, {
    "fullSignature" : "boolean tryAdvance(java.util.function.Consumer)",
    "numberOfTotalInstructions" : 37,
    "numberOfDeadInstructions" : 1,
    "enclosingTypeName" : "com.google.common.collect.CollectSpliterators$1Splitr",
    "deadInstructions" : [ {
      "stringRepresentation" : "GOTO(-68)",
      "programCounter" : 68
    } ]
  }, {
    "fullSignature" : "boolean containsValue(java.lang.Object)",
    "numberOfTotalInstructions" : 21,
    "numberOfDeadInstructions" : 1,
    "enclosingTypeName" : "com.google.common.collect.AbstractTable",
    "deadInstructions" : [ {
      "stringRepresentation" : "GOTO(-31)",
      "programCounter" : 46
    } ]
  }, {
    "fullSignature" : "boolean containsValue(java.lang.Object)",
    "numberOfTotalInstructions" : 21,
    "numberOfDeadInstructions" : 1,
    "enclosingTypeName" : "com.google.common.collect.AbstractMultimap",
    "deadInstructions" : [ {
      "stringRepresentation" : "GOTO(-31)",
      "programCounter" : 46
    } ]
  }, {
    "fullSignature" : "java.lang.String repeat(java.lang.String,int)",
    "numberOfTotalInstructions" : 89,
    "numberOfDeadInstructions" : 1,
    "enclosingTypeName" : "com.google.common.base.Strings",
    "deadInstructions" : [ {
      "stringRepresentation" : "ICONST_0",
      "programCounter" : 18
    } ]
  }, {
    "fullSignature" : "boolean isWellFormedSlowPath(byte[],int,int)",
    "numberOfTotalInstructions" : 112,
    "numberOfDeadInstructions" : 1,
    "enclosingTypeName" : "com.google.common.base.Utf8",
    "deadInstructions" : [ {
      "stringRepresentation" : "GOTO(-125)",
      "programCounter" : 127
    } ]
  }, {
    "fullSignature" : "boolean cleanUp(java.lang.ref.Reference)",
    "numberOfTotalInstructions" : 30,
    "numberOfDeadInstructions" : 1,
    "enclosingTypeName" : "com.google.common.base.internal.Finalizer",
    "deadInstructions" : [ {
      "stringRepresentation" : "GOTO(-25)",
      "programCounter" : 47
    } ]
  }, {
    "fullSignature" : "java.lang.Object computeNext()",
    "numberOfTotalInstructions" : 19,
    "numberOfDeadInstructions" : 1,
    "enclosingTypeName" : "com.google.common.base.Optional$1",
    "deadInstructions" : [ {
      "stringRepresentation" : "GOTO(-37)",
      "programCounter" : 37
    } ]
  }, {
    "fullSignature" : "java.lang.Appendable appendTo(java.lang.Appendable,java.util.Iterator)",
    "numberOfTotalInstructions" : 49,
    "numberOfDeadInstructions" : 1,
    "enclosingTypeName" : "com.google.common.base.Joiner$2",
    "deadInstructions" : [ {
      "stringRepresentation" : "GOTO(-38)",
      "programCounter" : 52
    } ]
  }, {
    "fullSignature" : "void evictEntries(com.google.common.cache.ReferenceEntry)",
    "numberOfTotalInstructions" : 48,
    "numberOfDeadInstructions" : 1,
    "enclosingTypeName" : "com.google.common.cache.LocalCache$Segment",
    "deadInstructions" : [ {
      "stringRepresentation" : "GOTO(-42)",
      "programCounter" : 102
    } ]
  }, {
    "fullSignature" : "java.lang.Object getAndRecordStats(java.lang.Object,int,com.google.common.cache.LocalCache$LoadingValueReference,com.google.common.util.concurrent.ListenableFuture)",
    "numberOfTotalInstructions" : 66,
    "numberOfDeadInstructions" : 11,
    "enclosingTypeName" : "com.google.common.cache.LocalCache$Segment",
    "deadInstructions" : [ {
      "stringRepresentation" : "ALOAD_0",
      "programCounter" : 81
    }, {
      "stringRepresentation" : "get com.google.common.cache.LocalCache$Segment.statsCounter : com.google.common.cache.AbstractCache$StatsCounter",
      "programCounter" : 82
    }, {
      "stringRepresentation" : "ALOAD_3",
      "programCounter" : 85
    }, {
      "stringRepresentation" : "INVOKEVIRTUAL(com.google.common.cache.LocalCache$LoadingValueReference{ long elapsedNanos() })",
      "programCounter" : 86
    }, {
      "stringRepresentation" : "INVOKEINTERFACE(com.google.common.cache.AbstractCache$StatsCounter{ void recordLoadException(long) })",
      "programCounter" : 89
    }, {
      "stringRepresentation" : "ALOAD_0",
      "programCounter" : 94
    }, {
      "stringRepresentation" : "ALOAD_1",
      "programCounter" : 95
    }, {
      "stringRepresentation" : "ILOAD_2",
      "programCounter" : 96
    }, {
      "stringRepresentation" : "ALOAD_3",
      "programCounter" : 97
    }, {
      "stringRepresentation" : "INVOKEVIRTUAL(com.google.common.cache.LocalCache$Segment{ boolean removeLoadingValue(java.lang.Object,int,com.google.common.cache.LocalCache$LoadingValueReference) })",
      "programCounter" : 98
    }, {
      "stringRepresentation" : "POP",
      "programCounter" : 101
    } ]
  }, {
    "fullSignature" : "com.google.common.cache.ReferenceEntry getNextEvictable()",
    "numberOfTotalInstructions" : 24,
    "numberOfDeadInstructions" : 1,
    "enclosingTypeName" : "com.google.common.cache.LocalCache$Segment",
    "deadInstructions" : [ {
      "stringRepresentation" : "GOTO(-37)",
      "programCounter" : 47
    } ]
  }, {
    "fullSignature" : "java.lang.Class loadFinalizer()",
    "numberOfTotalInstructions" : 9,
    "numberOfDeadInstructions" : 6,
    "enclosingTypeName" : "com.google.common.base.FinalizableReferenceQueue$DirectLoader",
    "deadInstructions" : [ {
      "stringRepresentation" : "ASTORE_1",
      "programCounter" : 6
    }, {
      "stringRepresentation" : "NEW java.lang.AssertionError",
      "programCounter" : 7
    }, {
      "stringRepresentation" : "DUP",
      "programCounter" : 10
    }, {
      "stringRepresentation" : "ALOAD_1",
      "programCounter" : 11
    }, {
      "stringRepresentation" : "INVOKESPECIAL(java.lang.AssertionError{ void <init>(java.lang.Object) })",
      "programCounter" : 12
    }, {
      "stringRepresentation" : "ATHROW",
      "programCounter" : 15
    } ]
  } ]
}