{
  "filesAnalyzed" : [ "benchmark/jars/guava-33.4.8-jre.jar" ],
  "domainUsed" : "org.opalj.ai.fpcf.domain.PrimitiveTACAIDomainWithSignatureRefinement",
  "timeFinished" : "2025-07-01T00:55:36.9225901",
  "totalRuntimeMs" : 619,
  "methodsFound" : [ {
    "fullSignature" : "boolean isHealthy()",
    "numberOfTotalInstructions" : 19,
    "numberOfDeadInstructions" : 1,
    "enclosingTypeName" : "com.google.common.util.concurrent.ServiceManager",
    "deadInstructions" : [ {
      "stringRepresentation" : "GOTO(-30)",
      "programCounter" : 38
    } ]
  }, {
    "fullSignature" : "void workOnQueue()",
    "numberOfTotalInstructions" : 109,
    "numberOfDeadInstructions" : 1,
    "enclosingTypeName" : "com.google.common.util.concurrent.SequentialExecutor$QueueWorker",
    "deadInstructions" : [ {
      "stringRepresentation" : "GOTO(-200)",
      "programCounter" : 204
    } ]
  }, {
    "fullSignature" : "void validateClass(java.lang.Class)",
    "numberOfTotalInstructions" : 33,
    "numberOfDeadInstructions" : 1,
    "enclosingTypeName" : "com.google.common.util.concurrent.FuturesGetChecked$GetCheckedTypeValidatorHolder$WeakSetValidator",
    "deadInstructions" : [ {
      "stringRepresentation" : "GOTO(-31)",
      "programCounter" : 40
    } ]
  }, {
    "fullSignature" : "java.lang.Exception newWithCause(java.lang.Class,java.lang.Throwable)",
    "numberOfTotalInstructions" : 47,
    "numberOfDeadInstructions" : 1,
    "enclosingTypeName" : "com.google.common.util.concurrent.FuturesGetChecked",
    "deadInstructions" : [ {
      "stringRepresentation" : "GOTO(-54)",
      "programCounter" : 72
    } ]
  }, {
    "fullSignature" : "void run()",
    "numberOfTotalInstructions" : 95,
    "numberOfDeadInstructions" : 7,
    "enclosingTypeName" : "com.google.common.util.concurrent.InterruptibleTask",
    "deadInstructions" : [ {
      "stringRepresentation" : "ALOAD_0",
      "programCounter" : 77
    }, {
      "stringRepresentation" : "ALOAD(4)",
      "programCounter" : 78
    }, {
      "stringRepresentation" : "INVOKEVIRTUAL(com.google.common.util.concurrent.InterruptibleTask{ void afterRanInterruptiblyFailure(java.lang.Throwable) })",
      "programCounter" : 80
    }, {
      "stringRepresentation" : "GOTO(106)",
      "programCounter" : 83
    }, {
      "stringRepresentation" : "ALOAD_0",
      "programCounter" : 180
    }, {
      "stringRepresentation" : "ALOAD(4)",
      "programCounter" : 181
    }, {
      "stringRepresentation" : "INVOKEVIRTUAL(com.google.common.util.concurrent.InterruptibleTask{ void afterRanInterruptiblyFailure(java.lang.Throwable) })",
      "programCounter" : 183
    } ]
  }, {
    "fullSignature" : "void run()",
    "numberOfTotalInstructions" : 100,
    "numberOfDeadInstructions" : 1,
    "enclosingTypeName" : "com.google.common.util.concurrent.ListenerCallQueue$PerListenerQueue",
    "deadInstructions" : [ {
      "stringRepresentation" : "GOTO(36)",
      "programCounter" : 156
    } ]
  }, {
    "fullSignature" : "com.google.common.util.concurrent.CycleDetectingLockFactory$ExampleStackTrace findPathTo(com.google.common.util.concurrent.CycleDetectingLockFactory$LockGraphNode,java.util.Set)",
    "numberOfTotalInstructions" : 60,
    "numberOfDeadInstructions" : 1,
    "enclosingTypeName" : "com.google.common.util.concurrent.CycleDetectingLockFactory$LockGraphNode",
    "deadInstructions" : [ {
      "stringRepresentation" : "GOTO(-86)",
      "programCounter" : 134
    } ]
  }, {
    "fullSignature" : "double getAndUpdate(int,java.util.function.DoubleUnaryOperator)",
    "numberOfTotalInstructions" : 25,
    "numberOfDeadInstructions" : 1,
    "enclosingTypeName" : "com.google.common.util.concurrent.AtomicDoubleArray",
    "deadInstructions" : [ {
      "stringRepresentation" : "GOTO(-49)",
      "programCounter" : 49
    } ]
  }, {
    "fullSignature" : "double updateAndGet(int,java.util.function.DoubleUnaryOperator)",
    "numberOfTotalInstructions" : 25,
    "numberOfDeadInstructions" : 1,
    "enclosingTypeName" : "com.google.common.util.concurrent.AtomicDoubleArray",
    "deadInstructions" : [ {
      "stringRepresentation" : "GOTO(-49)",
      "programCounter" : 49
    } ]
  }, {
    "fullSignature" : "double getAndUpdate(java.util.function.DoubleUnaryOperator)",
    "numberOfTotalInstructions" : 22,
    "numberOfDeadInstructions" : 1,
    "enclosingTypeName" : "com.google.common.util.concurrent.AtomicDouble",
    "deadInstructions" : [ {
      "stringRepresentation" : "GOTO(-44)",
      "programCounter" : 44
    } ]
  }, {
    "fullSignature" : "double updateAndGet(java.util.function.DoubleUnaryOperator)",
    "numberOfTotalInstructions" : 22,
    "numberOfDeadInstructions" : 1,
    "enclosingTypeName" : "com.google.common.util.concurrent.AtomicDouble",
    "deadInstructions" : [ {
      "stringRepresentation" : "GOTO(-44)",
      "programCounter" : 44
    } ]
  }, {
    "fullSignature" : "void awaitRunning(long,java.util.concurrent.TimeUnit)",
    "numberOfTotalInstructions" : 37,
    "numberOfDeadInstructions" : 1,
    "enclosingTypeName" : "com.google.common.util.concurrent.AbstractService",
    "deadInstructions" : [ {
      "stringRepresentation" : "GOTO(35)",
      "programCounter" : 45
    } ]
  }, {
    "fullSignature" : "void awaitTerminated(long,java.util.concurrent.TimeUnit)",
    "numberOfTotalInstructions" : 40,
    "numberOfDeadInstructions" : 1,
    "enclosingTypeName" : "com.google.common.util.concurrent.AbstractService",
    "deadInstructions" : [ {
      "stringRepresentation" : "GOTO(42)",
      "programCounter" : 45
    } ]
  }, {
    "fullSignature" : "com.google.common.util.concurrent.Service startAsync()",
    "numberOfTotalInstructions" : 59,
    "numberOfDeadInstructions" : 1,
    "enclosingTypeName" : "com.google.common.util.concurrent.AbstractService",
    "deadInstructions" : [ {
      "stringRepresentation" : "GOTO(35)",
      "programCounter" : 88
    } ]
  }, {
    "fullSignature" : "void init()",
    "numberOfTotalInstructions" : 88,
    "numberOfDeadInstructions" : 1,
    "enclosingTypeName" : "com.google.common.util.concurrent.AggregateFuture",
    "deadInstructions" : [ {
      "stringRepresentation" : "GOTO(89)",
      "programCounter" : 105
    } ]
  }, {
    "fullSignature" : "java.lang.annotation.Annotation getAnnotation(java.lang.Class)",
    "numberOfTotalInstructions" : 26,
    "numberOfDeadInstructions" : 1,
    "enclosingTypeName" : "com.google.common.reflect.Parameter",
    "deadInstructions" : [ {
      "stringRepresentation" : "GOTO(-36)",
      "programCounter" : 49
    } ]
  }, {
    "fullSignature" : "boolean isOwnedBySubtypeOf(java.lang.reflect.Type)",
    "numberOfTotalInstructions" : 26,
    "numberOfDeadInstructions" : 1,
    "enclosingTypeName" : "com.google.common.reflect.TypeToken",
    "deadInstructions" : [ {
      "stringRepresentation" : "GOTO(-44)",
      "programCounter" : 52
    } ]
  }, {
    "fullSignature" : "boolean someRawTypeIsSubclassOf(java.lang.Class)",
    "numberOfTotalInstructions" : 20,
    "numberOfDeadInstructions" : 1,
    "enclosingTypeName" : "com.google.common.reflect.TypeToken",
    "deadInstructions" : [ {
      "stringRepresentation" : "GOTO(-29)",
      "programCounter" : 37
    } ]
  }, {
    "fullSignature" : "boolean equals(java.lang.Object)",
    "numberOfTotalInstructions" : 59,
    "numberOfDeadInstructions" : 1,
    "enclosingTypeName" : "com.google.common.primitives.ImmutableLongArray$AsList",
    "deadInstructions" : [ {
      "stringRepresentation" : "GOTO(-53)",
      "programCounter" : 122
    } ]
  }, {
    "fullSignature" : "boolean equals(java.lang.Object)",
    "numberOfTotalInstructions" : 59,
    "numberOfDeadInstructions" : 1,
    "enclosingTypeName" : "com.google.common.primitives.ImmutableDoubleArray$AsList",
    "deadInstructions" : [ {
      "stringRepresentation" : "GOTO(-55)",
      "programCounter" : 124
    } ]
  }, {
    "fullSignature" : "void scan(java.io.File,java.util.Set,com.google.common.collect.ImmutableSet$Builder)",
    "numberOfTotalInstructions" : 35,
    "numberOfDeadInstructions" : 1,
    "enclosingTypeName" : "com.google.common.reflect.ClassPath$LocationInfo",
    "deadInstructions" : [ {
      "stringRepresentation" : "GOTO(41)",
      "programCounter" : 8
    } ]
  }, {
    "fullSignature" : "boolean equals(java.lang.Object)",
    "numberOfTotalInstructions" : 58,
    "numberOfDeadInstructions" : 1,
    "enclosingTypeName" : "com.google.common.primitives.ImmutableIntArray$AsList",
    "deadInstructions" : [ {
      "stringRepresentation" : "GOTO(-52)",
      "programCounter" : 121
    } ]
  }, {
    "fullSignature" : "byte[] textToNumericFormatV6(java.lang.String)",
    "numberOfTotalInstructions" : 167,
    "numberOfDeadInstructions" : 2,
    "enclosingTypeName" : "com.google.common.net.InetAddresses",
    "deadInstructions" : [ {
      "stringRepresentation" : "GOTO(17)",
      "programCounter" : 272
    }, {
      "stringRepresentation" : "GOTO(7)",
      "programCounter" : 298
    } ]
  }, {
    "fullSignature" : "com.google.common.io.TempFileCreator pickSecureCreator()",
    "numberOfTotalInstructions" : 59,
    "numberOfDeadInstructions" : 1,
    "enclosingTypeName" : "com.google.common.io.TempFileCreator",
    "deadInstructions" : [ {
      "stringRepresentation" : "GOTO(33)",
      "programCounter" : 72
    } ]
  }, {
    "fullSignature" : "int chooseNextSelection(int[],int,int,int,int)",
    "numberOfTotalInstructions" : 61,
    "numberOfDeadInstructions" : 1,
    "enclosingTypeName" : "com.google.common.math.Quantiles",
    "deadInstructions" : [ {
      "stringRepresentation" : "GOTO(-53)",
      "programCounter" : 74
    } ]
  }, {
    "fullSignature" : "boolean isEmpty()",
    "numberOfTotalInstructions" : 19,
    "numberOfDeadInstructions" : 1,
    "enclosingTypeName" : "com.google.common.io.CharSource$ConcatenatedCharSource",
    "deadInstructions" : [ {
      "stringRepresentation" : "GOTO(-28)",
      "programCounter" : 38
    } ]
  }, {
    "fullSignature" : "void reset()",
    "numberOfTotalInstructions" : 89,
    "numberOfDeadInstructions" : 1,
    "enclosingTypeName" : "com.google.common.io.FileBackedOutputStream",
    "deadInstructions" : [ {
      "stringRepresentation" : "GOTO(94)",
      "programCounter" : 92
    } ]
  }, {
    "fullSignature" : "void forEachLine(java.util.function.Consumer)",
    "numberOfTotalInstructions" : 29,
    "numberOfDeadInstructions" : 1,
    "enclosingTypeName" : "com.google.common.io.CharSource",
    "deadInstructions" : [ {
      "stringRepresentation" : "GOTO(9)",
      "programCounter" : 49
    } ]
  }, {
    "fullSignature" : "boolean isEmpty()",
    "numberOfTotalInstructions" : 19,
    "numberOfDeadInstructions" : 1,
    "enclosingTypeName" : "com.google.common.io.ByteSource$ConcatenatedByteSource",
    "deadInstructions" : [ {
      "stringRepresentation" : "GOTO(-28)",
      "programCounter" : 38
    } ]
  }, {
    "fullSignature" : "long size()",
    "numberOfTotalInstructions" : 27,
    "numberOfDeadInstructions" : 1,
    "enclosingTypeName" : "com.google.common.io.ByteSource$ConcatenatedByteSource",
    "deadInstructions" : [ {
      "stringRepresentation" : "GOTO(-38)",
      "programCounter" : 50
    } ]
  }, {
    "fullSignature" : "com.google.common.base.Optional sizeIfKnown()",
    "numberOfTotalInstructions" : 47,
    "numberOfDeadInstructions" : 1,
    "enclosingTypeName" : "com.google.common.io.ByteSource$ConcatenatedByteSource",
    "deadInstructions" : [ {
      "stringRepresentation" : "GOTO(-69)",
      "programCounter" : 95
    } ]
  }, {
    "fullSignature" : "boolean contentsEqual(java.io.InputStream,java.io.InputStream)",
    "numberOfTotalInstructions" : 32,
    "numberOfDeadInstructions" : 1,
    "enclosingTypeName" : "com.google.common.io.ByteStreams",
    "deadInstructions" : [ {
      "stringRepresentation" : "GOTO(-51)",
      "programCounter" : 59
    } ]
  }, {
    "fullSignature" : "int read()",
    "numberOfTotalInstructions" : 151,
    "numberOfDeadInstructions" : 1,
    "enclosingTypeName" : "com.google.common.io.BaseEncoding$StandardBaseEncoding$2",
    "deadInstructions" : [ {
      "stringRepresentation" : "GOTO(-316)",
      "programCounter" : 316
    } ]
  }, {
    "fullSignature" : "com.google.common.hash.LittleEndianByteArray$LittleEndianBytes makeGetter()",
    "numberOfTotalInstructions" : 30,
    "numberOfDeadInstructions" : 1,
    "enclosingTypeName" : "com.google.common.hash.LittleEndianByteArray",
    "deadInstructions" : [ {
      "stringRepresentation" : "GOTO(4)",
      "programCounter" : 59
    } ]
  }, {
    "fullSignature" : "com.google.common.hash.HashCode combineOrdered(java.lang.Iterable)",
    "numberOfTotalInstructions" : 65,
    "numberOfDeadInstructions" : 1,
    "enclosingTypeName" : "com.google.common.hash.Hashing",
    "deadInstructions" : [ {
      "stringRepresentation" : "GOTO(-82)",
      "programCounter" : 128
    } ]
  }, {
    "fullSignature" : "com.google.common.hash.HashCode combineUnordered(java.lang.Iterable)",
    "numberOfTotalInstructions" : 60,
    "numberOfDeadInstructions" : 1,
    "enclosingTypeName" : "com.google.common.hash.Hashing",
    "deadInstructions" : [ {
      "stringRepresentation" : "GOTO(-75)",
      "programCounter" : 118
    } ]
  }, {
    "fullSignature" : "java.lang.Object visitNext(java.util.Deque)",
    "numberOfTotalInstructions" : 26,
    "numberOfDeadInstructions" : 1,
    "enclosingTypeName" : "com.google.common.graph.Traverser$Traversal$1",
    "deadInstructions" : [ {
      "stringRepresentation" : "GOTO(-36)",
      "programCounter" : 46
    } ]
  }, {
    "fullSignature" : "java.lang.Object computeNext()",
    "numberOfTotalInstructions" : 23,
    "numberOfDeadInstructions" : 1,
    "enclosingTypeName" : "com.google.common.graph.MultiEdgesConnecting$1",
    "deadInstructions" : [ {
      "stringRepresentation" : "GOTO(-51)",
      "programCounter" : 51
    } ]
  }, {
    "fullSignature" : "com.google.common.graph.EndpointPair computeNext()",
    "numberOfTotalInstructions" : 40,
    "numberOfDeadInstructions" : 1,
    "enclosingTypeName" : "com.google.common.graph.EndpointPairIterator$Undirected",
    "deadInstructions" : [ {
      "stringRepresentation" : "GOTO(-47)",
      "programCounter" : 55
    } ]
  }, {
    "fullSignature" : "com.google.common.graph.EndpointPair computeNext()",
    "numberOfTotalInstructions" : 29,
    "numberOfDeadInstructions" : 1,
    "enclosingTypeName" : "com.google.common.graph.DirectedGraphConnections$4",
    "deadInstructions" : [ {
      "stringRepresentation" : "GOTO(-54)",
      "programCounter" : 54
    } ]
  }, {
    "fullSignature" : "java.lang.Object computeNext()",
    "numberOfTotalInstructions" : 19,
    "numberOfDeadInstructions" : 1,
    "enclosingTypeName" : "com.google.common.graph.DirectedGraphConnections$3$2",
    "deadInstructions" : [ {
      "stringRepresentation" : "GOTO(-37)",
      "programCounter" : 37
    } ]
  }, {
    "fullSignature" : "java.lang.Object computeNext()",
    "numberOfTotalInstructions" : 20,
    "numberOfDeadInstructions" : 1,
    "enclosingTypeName" : "com.google.common.graph.DirectedGraphConnections$3$1",
    "deadInstructions" : [ {
      "stringRepresentation" : "GOTO(-44)",
      "programCounter" : 44
    } ]
  }, {
    "fullSignature" : "boolean hasCycle(com.google.common.graph.Graph)",
    "numberOfTotalInstructions" : 43,
    "numberOfDeadInstructions" : 1,
    "enclosingTypeName" : "com.google.common.graph.Graphs",
    "deadInstructions" : [ {
      "stringRepresentation" : "GOTO(-29)",
      "programCounter" : 100
    } ]
  }, {
    "fullSignature" : "com.google.common.graph.MutableGraph inducedSubgraph(com.google.common.graph.Graph,java.lang.Iterable)",
    "numberOfTotalInstructions" : 64,
    "numberOfDeadInstructions" : 1,
    "enclosingTypeName" : "com.google.common.graph.Graphs",
    "deadInstructions" : [ {
      "stringRepresentation" : "GOTO(-81)",
      "programCounter" : 166
    } ]
  }, {
    "fullSignature" : "com.google.common.graph.MutableValueGraph inducedSubgraph(com.google.common.graph.ValueGraph,java.lang.Iterable)",
    "numberOfTotalInstructions" : 70,
    "numberOfDeadInstructions" : 1,
    "enclosingTypeName" : "com.google.common.graph.Graphs",
    "deadInstructions" : [ {
      "stringRepresentation" : "GOTO(-95)",
      "programCounter" : 180
    } ]
  }, {
    "fullSignature" : "com.google.common.graph.MutableNetwork inducedSubgraph(com.google.common.graph.Network,java.lang.Iterable)",
    "numberOfTotalInstructions" : 71,
    "numberOfDeadInstructions" : 1,
    "enclosingTypeName" : "com.google.common.graph.Graphs",
    "deadInstructions" : [ {
      "stringRepresentation" : "GOTO(-98)",
      "programCounter" : 183
    } ]
  }, {
    "fullSignature" : "com.google.common.graph.ImmutableGraph transitiveClosure(com.google.common.graph.Graph)",
    "numberOfTotalInstructions" : 98,
    "numberOfDeadInstructions" : 4,
    "enclosingTypeName" : "com.google.common.graph.Graphs",
    "deadInstructions" : [ {
      "stringRepresentation" : "GOTO(-56)",
      "programCounter" : 89
    }, {
      "stringRepresentation" : "GOTO(153)",
      "programCounter" : 92
    }, {
      "stringRepresentation" : "GOTO(-67)",
      "programCounter" : 239
    }, {
      "stringRepresentation" : "GOTO(-127)",
      "programCounter" : 242
    } ]
  }, {
    "fullSignature" : "java.lang.Object computeNext()",
    "numberOfTotalInstructions" : 20,
    "numberOfDeadInstructions" : 1,
    "enclosingTypeName" : "com.google.common.graph.DirectedGraphConnections$2$1",
    "deadInstructions" : [ {
      "stringRepresentation" : "GOTO(-44)",
      "programCounter" : 44
    } ]
  }, {
    "fullSignature" : "java.lang.Object computeNext()",
    "numberOfTotalInstructions" : 24,
    "numberOfDeadInstructions" : 1,
    "enclosingTypeName" : "com.google.common.graph.DirectedGraphConnections$1$1",
    "deadInstructions" : [ {
      "stringRepresentation" : "GOTO(-48)",
      "programCounter" : 48
    } ]
  }, {
    "fullSignature" : "com.google.common.collect.ImmutableList getAnnotatedMethodsNotCached(java.lang.Class)",
    "numberOfTotalInstructions" : 95,
    "numberOfDeadInstructions" : 1,
    "enclosingTypeName" : "com.google.common.eventbus.SubscriberRegistry",
    "deadInstructions" : [ {
      "stringRepresentation" : "GOTO(-175)",
      "programCounter" : 197
    } ]
  }, {
    "fullSignature" : "void unregister(java.lang.Object)",
    "numberOfTotalInstructions" : 52,
    "numberOfDeadInstructions" : 1,
    "enclosingTypeName" : "com.google.common.eventbus.SubscriberRegistry",
    "deadInstructions" : [ {
      "stringRepresentation" : "GOTO(-107)",
      "programCounter" : 130
    } ]
  }, {
    "fullSignature" : "java.lang.Object computeNext()",
    "numberOfTotalInstructions" : 19,
    "numberOfDeadInstructions" : 1,
    "enclosingTypeName" : "com.google.common.graph.DirectedGraphConnections$2$2",
    "deadInstructions" : [ {
      "stringRepresentation" : "GOTO(-37)",
      "programCounter" : 37
    } ]
  }, {
    "fullSignature" : "java.util.Map$Entry computeNext()",
    "numberOfTotalInstructions" : 47,
    "numberOfDeadInstructions" : 1,
    "enclosingTypeName" : "com.google.common.collect.TreeRangeMap$SubRangeMap$SubRangeMapAsMap$3",
    "deadInstructions" : [ {
      "stringRepresentation" : "GOTO(-104)",
      "programCounter" : 104
    } ]
  }, {
    "fullSignature" : "java.lang.Object get(java.lang.Object)",
    "numberOfTotalInstructions" : 78,
    "numberOfDeadInstructions" : 1,
    "enclosingTypeName" : "com.google.common.collect.TreeRangeMap$SubRangeMap$SubRangeMapAsMap",
    "deadInstructions" : [ {
      "stringRepresentation" : "GOTO(6)",
      "programCounter" : 167
    } ]
  }, {
    "fullSignature" : "java.lang.Object computeNext()",
    "numberOfTotalInstructions" : 35,
    "numberOfDeadInstructions" : 1,
    "enclosingTypeName" : "com.google.common.collect.TreeTraverser$PostOrderIterator",
    "deadInstructions" : [ {
      "stringRepresentation" : "GOTO(-71)",
      "programCounter" : 71
    } ]
  }, {
    "fullSignature" : "java.lang.Object computeNext()",
    "numberOfTotalInstructions" : 37,
    "numberOfDeadInstructions" : 1,
    "enclosingTypeName" : "com.google.common.collect.TreeBasedTable$1",
    "deadInstructions" : [ {
      "stringRepresentation" : "GOTO(-66)",
      "programCounter" : 66
    } ]
  }, {
    "fullSignature" : "com.google.common.collect.Range get(java.lang.Object)",
    "numberOfTotalInstructions" : 37,
    "numberOfDeadInstructions" : 1,
    "enclosingTypeName" : "com.google.common.collect.TreeRangeSet$RangesByUpperBound",
    "deadInstructions" : [ {
      "stringRepresentation" : "GOTO(6)",
      "programCounter" : 69
    } ]
  }, {
    "fullSignature" : "void trim()",
    "numberOfTotalInstructions" : 116,
    "numberOfDeadInstructions" : 1,
    "enclosingTypeName" : "com.google.common.collect.TopKSelector",
    "deadInstructions" : [ {
      "stringRepresentation" : "GOTO(-94)",
      "programCounter" : 123
    } ]
  }, {
    "fullSignature" : "com.google.common.collect.Range get(java.lang.Object)",
    "numberOfTotalInstructions" : 72,
    "numberOfDeadInstructions" : 1,
    "enclosingTypeName" : "com.google.common.collect.TreeRangeSet$SubRangeSetRangesByLowerBound",
    "deadInstructions" : [ {
      "stringRepresentation" : "GOTO(36)",
      "programCounter" : 114
    } ]
  }, {
    "fullSignature" : "com.google.common.collect.Range get(java.lang.Object)",
    "numberOfTotalInstructions" : 30,
    "numberOfDeadInstructions" : 1,
    "enclosingTypeName" : "com.google.common.collect.TreeRangeSet$ComplementRangesByLowerBound",
    "deadInstructions" : [ {
      "stringRepresentation" : "GOTO(6)",
      "programCounter" : 54
    } ]
  }, {
    "fullSignature" : "java.util.Map$Entry computeNext()",
    "numberOfTotalInstructions" : 64,
    "numberOfDeadInstructions" : 1,
    "enclosingTypeName" : "com.google.common.collect.TreeRangeSet$ComplementRangesByLowerBound$2",
    "deadInstructions" : [ {
      "stringRepresentation" : "GOTO(48)",
      "programCounter" : 92
    } ]
  }, {
    "fullSignature" : "java.lang.Object computeNext()",
    "numberOfTotalInstructions" : 43,
    "numberOfDeadInstructions" : 1,
    "enclosingTypeName" : "com.google.common.collect.StandardTable$ColumnKeyIterator",
    "deadInstructions" : [ {
      "stringRepresentation" : "GOTO(-72)",
      "programCounter" : 72
    } ]
  }, {
    "fullSignature" : "java.util.Map$Entry computeNext()",
    "numberOfTotalInstructions" : 28,
    "numberOfDeadInstructions" : 1,
    "enclosingTypeName" : "com.google.common.collect.StandardTable$Column$EntrySetIterator",
    "deadInstructions" : [ {
      "stringRepresentation" : "GOTO(-59)",
      "programCounter" : 59
    } ]
  }, {
    "fullSignature" : "java.util.Optional findLast(java.util.stream.Stream)",
    "numberOfTotalInstructions" : 101,
    "numberOfDeadInstructions" : 1,
    "enclosingTypeName" : "com.google.common.collect.Streams",
    "deadInstructions" : [ {
      "stringRepresentation" : "GOTO(-45)",
      "programCounter" : 118
    } ]
  }, {
    "fullSignature" : "boolean remove(java.lang.Object)",
    "numberOfTotalInstructions" : 30,
    "numberOfDeadInstructions" : 1,
    "enclosingTypeName" : "com.google.common.collect.StandardTable$ColumnMap$ColumnMapValues",
    "deadInstructions" : [ {
      "stringRepresentation" : "GOTO(-56)",
      "programCounter" : 69
    } ]
  }, {
    "fullSignature" : "java.lang.Object computeNext()",
    "numberOfTotalInstructions" : 35,
    "numberOfDeadInstructions" : 2,
    "enclosingTypeName" : "com.google.common.collect.Sets$4$1",
    "deadInstructions" : [ {
      "stringRepresentation" : "GOTO(-37)",
      "programCounter" : 37
    }, {
      "stringRepresentation" : "GOTO(-37)",
      "programCounter" : 77
    } ]
  }, {
    "fullSignature" : "int binarySearch(java.util.List,java.lang.Object,java.util.Comparator,com.google.common.collect.SortedLists$KeyPresentBehavior,com.google.common.collect.SortedLists$KeyAbsentBehavior)",
    "numberOfTotalInstructions" : 78,
    "numberOfDeadInstructions" : 1,
    "enclosingTypeName" : "com.google.common.collect.SortedLists",
    "deadInstructions" : [ {
      "stringRepresentation" : "GOTO(-88)",
      "programCounter" : 138
    } ]
  }, {
    "fullSignature" : "java.lang.Object computeNext()",
    "numberOfTotalInstructions" : 27,
    "numberOfDeadInstructions" : 1,
    "enclosingTypeName" : "com.google.common.collect.Sets$1$1",
    "deadInstructions" : [ {
      "stringRepresentation" : "GOTO(-37)",
      "programCounter" : 59
    } ]
  }, {
    "fullSignature" : "java.lang.Object computeNext()",
    "numberOfTotalInstructions" : 19,
    "numberOfDeadInstructions" : 1,
    "enclosingTypeName" : "com.google.common.collect.Sets$2$1",
    "deadInstructions" : [ {
      "stringRepresentation" : "GOTO(-37)",
      "programCounter" : 37
    } ]
  }, {
    "fullSignature" : "boolean containsColumn(java.lang.Object)",
    "numberOfTotalInstructions" : 25,
    "numberOfDeadInstructions" : 1,
    "enclosingTypeName" : "com.google.common.collect.StandardTable",
    "deadInstructions" : [ {
      "stringRepresentation" : "GOTO(-29)",
      "programCounter" : 50
    } ]
  }, {
    "fullSignature" : "void writeMultimap(com.google.common.collect.Multimap,java.io.ObjectOutputStream)",
    "numberOfTotalInstructions" : 44,
    "numberOfDeadInstructions" : 1,
    "enclosingTypeName" : "com.google.common.collect.Serialization",
    "deadInstructions" : [ {
      "stringRepresentation" : "GOTO(-91)",
      "programCounter" : 123
    } ]
  }, {
    "fullSignature" : "java.lang.Object computeNext()",
    "numberOfTotalInstructions" : 19,
    "numberOfDeadInstructions" : 1,
    "enclosingTypeName" : "com.google.common.collect.Sets$3$1",
    "deadInstructions" : [ {
      "stringRepresentation" : "GOTO(-37)",
      "programCounter" : 37
    } ]
  }, {
    "fullSignature" : "boolean enclosesAll(java.lang.Iterable)",
    "numberOfTotalInstructions" : 19,
    "numberOfDeadInstructions" : 1,
    "enclosingTypeName" : "com.google.common.collect.RangeSet",
    "deadInstructions" : [ {
      "stringRepresentation" : "GOTO(-31)",
      "programCounter" : 38
    } ]
  }, {
    "fullSignature" : "boolean containsAll(java.util.Collection)",
    "numberOfTotalInstructions" : 72,
    "numberOfDeadInstructions" : 1,
    "enclosingTypeName" : "com.google.common.collect.RegularImmutableSortedSet",
    "deadInstructions" : [ {
      "stringRepresentation" : "GOTO(-71)",
      "programCounter" : 154
    } ]
  }, {
    "fullSignature" : "boolean equals(java.lang.Object)",
    "numberOfTotalInstructions" : 67,
    "numberOfDeadInstructions" : 1,
    "enclosingTypeName" : "com.google.common.collect.RegularImmutableSortedSet",
    "deadInstructions" : [ {
      "stringRepresentation" : "GOTO(-45)",
      "programCounter" : 114
    } ]
  }, {
    "fullSignature" : "java.lang.Object computeNext()",
    "numberOfTotalInstructions" : 25,
    "numberOfDeadInstructions" : 1,
    "enclosingTypeName" : "com.google.common.collect.Multisets$4$1",
    "deadInstructions" : [ {
      "stringRepresentation" : "GOTO(-53)",
      "programCounter" : 53
    } ]
  }, {
    "fullSignature" : "com.google.common.collect.Multiset$Entry computeNext()",
    "numberOfTotalInstructions" : 51,
    "numberOfDeadInstructions" : 1,
    "enclosingTypeName" : "com.google.common.collect.Multisets$1$1",
    "deadInstructions" : [ {
      "stringRepresentation" : "GOTO(-56)",
      "programCounter" : 114
    } ]
  }, {
    "fullSignature" : "boolean containsAll(java.lang.Iterable)",
    "numberOfTotalInstructions" : 55,
    "numberOfDeadInstructions" : 1,
    "enclosingTypeName" : "com.google.common.collect.Range",
    "deadInstructions" : [ {
      "stringRepresentation" : "GOTO(-29)",
      "programCounter" : 116
    } ]
  }, {
    "fullSignature" : "com.google.common.collect.Multiset$Entry computeNext()",
    "numberOfTotalInstructions" : 31,
    "numberOfDeadInstructions" : 1,
    "enclosingTypeName" : "com.google.common.collect.Multisets$4$2",
    "deadInstructions" : [ {
      "stringRepresentation" : "GOTO(-60)",
      "programCounter" : 60
    } ]
  }, {
    "fullSignature" : "com.google.common.collect.Multiset$Entry computeNext()",
    "numberOfTotalInstructions" : 51,
    "numberOfDeadInstructions" : 1,
    "enclosingTypeName" : "com.google.common.collect.Multisets$3$1",
    "deadInstructions" : [ {
      "stringRepresentation" : "GOTO(-56)",
      "programCounter" : 112
    } ]
  }, {
    "fullSignature" : "com.google.common.collect.Multiset$Entry computeNext()",
    "numberOfTotalInstructions" : 31,
    "numberOfDeadInstructions" : 1,
    "enclosingTypeName" : "com.google.common.collect.Multisets$2$1",
    "deadInstructions" : [ {
      "stringRepresentation" : "GOTO(-62)",
      "programCounter" : 62
    } ]
  }, {
    "fullSignature" : "boolean remove(java.lang.Object)",
    "numberOfTotalInstructions" : 33,
    "numberOfDeadInstructions" : 1,
    "enclosingTypeName" : "com.google.common.collect.Maps$Values",
    "deadInstructions" : [ {
      "stringRepresentation" : "GOTO(-53)",
      "programCounter" : 75
    } ]
  }, {
    "fullSignature" : "boolean foundAndRemovedExactReference(java.lang.Iterable,java.lang.Object)",
    "numberOfTotalInstructions" : 19,
    "numberOfDeadInstructions" : 1,
    "enclosingTypeName" : "com.google.common.collect.MinMaxPriorityQueue$QueueIterator",
    "deadInstructions" : [ {
      "stringRepresentation" : "GOTO(-31)",
      "programCounter" : 38
    } ]
  }, {
    "fullSignature" : "boolean containsOccurrences(com.google.common.collect.Multiset,com.google.common.collect.Multiset)",
    "numberOfTotalInstructions" : 31,
    "numberOfDeadInstructions" : 1,
    "enclosingTypeName" : "com.google.common.collect.Multisets",
    "deadInstructions" : [ {
      "stringRepresentation" : "GOTO(-46)",
      "programCounter" : 68
    } ]
  }, {
    "fullSignature" : "boolean equalsImpl(com.google.common.collect.Multiset,java.lang.Object)",
    "numberOfTotalInstructions" : 50,
    "numberOfDeadInstructions" : 1,
    "enclosingTypeName" : "com.google.common.collect.Multisets",
    "deadInstructions" : [ {
      "stringRepresentation" : "GOTO(-45)",
      "programCounter" : 118
    } ]
  }, {
    "fullSignature" : "boolean remove(java.lang.Object)",
    "numberOfTotalInstructions" : 29,
    "numberOfDeadInstructions" : 1,
    "enclosingTypeName" : "com.google.common.collect.Maps$FilteredMapValues",
    "deadInstructions" : [ {
      "stringRepresentation" : "GOTO(-53)",
      "programCounter" : 68
    } ]
  }, {
    "fullSignature" : "java.lang.Object computeNext()",
    "numberOfTotalInstructions" : 19,
    "numberOfDeadInstructions" : 1,
    "enclosingTypeName" : "com.google.common.collect.Iterators$5",
    "deadInstructions" : [ {
      "stringRepresentation" : "GOTO(-37)",
      "programCounter" : 37
    } ]
  }, {
    "fullSignature" : "int indexOfRandomAccess(java.util.List,java.lang.Object)",
    "numberOfTotalInstructions" : 36,
    "numberOfDeadInstructions" : 1,
    "enclosingTypeName" : "com.google.common.collect.Lists",
    "deadInstructions" : [ {
      "stringRepresentation" : "GOTO(32)",
      "programCounter" : 36
    } ]
  }, {
    "fullSignature" : "int lastIndexOfRandomAccess(java.util.List,java.lang.Object)",
    "numberOfTotalInstructions" : 37,
    "numberOfDeadInstructions" : 1,
    "enclosingTypeName" : "com.google.common.collect.Lists",
    "deadInstructions" : [ {
      "stringRepresentation" : "GOTO(38)",
      "programCounter" : 35
    } ]
  }, {
    "fullSignature" : "int compare(java.lang.Iterable,java.lang.Iterable)",
    "numberOfTotalInstructions" : 34,
    "numberOfDeadInstructions" : 1,
    "enclosingTypeName" : "com.google.common.collect.LexicographicalOrdering",
    "deadInstructions" : [ {
      "stringRepresentation" : "GOTO(-53)",
      "programCounter" : 68
    } ]
  }, {
    "fullSignature" : "java.lang.Object intern(java.lang.Object)",
    "numberOfTotalInstructions" : 28,
    "numberOfDeadInstructions" : 1,
    "enclosingTypeName" : "com.google.common.collect.Interners$InternerImpl",
    "deadInstructions" : [ {
      "stringRepresentation" : "GOTO(-51)",
      "programCounter" : 51
    } ]
  }, {
    "fullSignature" : "java.lang.Object removeFirstMatching(java.lang.Iterable,com.google.common.base.Predicate)",
    "numberOfTotalInstructions" : 23,
    "numberOfDeadInstructions" : 1,
    "enclosingTypeName" : "com.google.common.collect.Iterables",
    "deadInstructions" : [ {
      "stringRepresentation" : "GOTO(-34)",
      "programCounter" : 46
    } ]
  }, {
    "fullSignature" : "com.google.common.collect.ImmutableSet copyOf(java.util.Collection)",
    "numberOfTotalInstructions" : 44,
    "numberOfDeadInstructions" : 1,
    "enclosingTypeName" : "com.google.common.collect.ImmutableSet",
    "deadInstructions" : [ {
      "stringRepresentation" : "GOTO(18)",
      "programCounter" : 28
    } ]
  }, {
    "fullSignature" : "boolean all(java.util.Iterator,com.google.common.base.Predicate)",
    "numberOfTotalInstructions" : 18,
    "numberOfDeadInstructions" : 1,
    "enclosingTypeName" : "com.google.common.collect.Iterators",
    "deadInstructions" : [ {
      "stringRepresentation" : "GOTO(-28)",
      "programCounter" : 33
    } ]
  }, {
    "fullSignature" : "boolean elementsEqual(java.util.Iterator,java.util.Iterator)",
    "numberOfTotalInstructions" : 28,
    "numberOfDeadInstructions" : 1,
    "enclosingTypeName" : "com.google.common.collect.Iterators",
    "deadInstructions" : [ {
      "stringRepresentation" : "GOTO(-44)",
      "programCounter" : 44
    } ]
  }, {
    "fullSignature" : "java.lang.Object find(java.util.Iterator,com.google.common.base.Predicate)",
    "numberOfTotalInstructions" : 23,
    "numberOfDeadInstructions" : 1,
    "enclosingTypeName" : "com.google.common.collect.Iterators",
    "deadInstructions" : [ {
      "stringRepresentation" : "GOTO(-28)",
      "programCounter" : 38
    } ]
  }, {
    "fullSignature" : "java.lang.Object find(java.util.Iterator,com.google.common.base.Predicate,java.lang.Object)",
    "numberOfTotalInstructions" : 21,
    "numberOfDeadInstructions" : 1,
    "enclosingTypeName" : "com.google.common.collect.Iterators",
    "deadInstructions" : [ {
      "stringRepresentation" : "GOTO(-28)",
      "programCounter" : 38
    } ]
  }, {
    "fullSignature" : "java.lang.Object getLast(java.util.Iterator)",
    "numberOfTotalInstructions" : 9,
    "numberOfDeadInstructions" : 1,
    "enclosingTypeName" : "com.google.common.collect.Iterators",
    "deadInstructions" : [ {
      "stringRepresentation" : "GOTO(-18)",
      "programCounter" : 18
    } ]
  }, {
    "fullSignature" : "com.google.common.base.Optional tryFind(java.util.Iterator,com.google.common.base.Predicate)",
    "numberOfTotalInstructions" : 22,
    "numberOfDeadInstructions" : 1,
    "enclosingTypeName" : "com.google.common.collect.Iterators",
    "deadInstructions" : [ {
      "stringRepresentation" : "GOTO(-31)",
      "programCounter" : 41
    } ]
  }, {
    "fullSignature" : "com.google.common.collect.ImmutableSortedMap fromEntries(java.util.Comparator,boolean,java.util.Map$Entry[],int)",
    "numberOfTotalInstructions" : 158,
    "numberOfDeadInstructions" : 1,
    "enclosingTypeName" : "com.google.common.collect.ImmutableSortedMap",
    "deadInstructions" : [ {
      "stringRepresentation" : "GOTO(174)",
      "programCounter" : 145
    } ]
  }, {
    "fullSignature" : "boolean standardRemove(java.lang.Object)",
    "numberOfTotalInstructions" : 29,
    "numberOfDeadInstructions" : 1,
    "enclosingTypeName" : "com.google.common.collect.ForwardingSortedSet",
    "deadInstructions" : [ {
      "stringRepresentation" : "GOTO(6)",
      "programCounter" : 53
    } ]
  }, {
    "fullSignature" : "com.google.common.collect.ImmutableMap copyOf(java.util.Map)",
    "numberOfTotalInstructions" : 28,
    "numberOfDeadInstructions" : 1,
    "enclosingTypeName" : "com.google.common.collect.ImmutableMap",
    "deadInstructions" : [ {
      "stringRepresentation" : "GOTO(20)",
      "programCounter" : 28
    } ]
  }, {
    "fullSignature" : "java.util.Map$Entry computeNext()",
    "numberOfTotalInstructions" : 37,
    "numberOfDeadInstructions" : 1,
    "enclosingTypeName" : "com.google.common.collect.FilteredEntryMultimap$AsMap$1EntrySetImpl$1",
    "deadInstructions" : [ {
      "stringRepresentation" : "GOTO(-78)",
      "programCounter" : 78
    } ]
  }, {
    "fullSignature" : "java.lang.Object standardRemove(java.lang.Object)",
    "numberOfTotalInstructions" : 26,
    "numberOfDeadInstructions" : 1,
    "enclosingTypeName" : "com.google.common.collect.ForwardingMap",
    "deadInstructions" : [ {
      "stringRepresentation" : "GOTO(-49)",
      "programCounter" : 59
    } ]
  }, {
    "fullSignature" : "int standardCount(java.lang.Object)",
    "numberOfTotalInstructions" : 22,
    "numberOfDeadInstructions" : 1,
    "enclosingTypeName" : "com.google.common.collect.ForwardingMultiset",
    "deadInstructions" : [ {
      "stringRepresentation" : "GOTO(-39)",
      "programCounter" : 49
    } ]
  }, {
    "fullSignature" : "boolean remove(java.lang.Object)",
    "numberOfTotalInstructions" : 33,
    "numberOfDeadInstructions" : 1,
    "enclosingTypeName" : "com.google.common.collect.FilteredMultimapValues",
    "deadInstructions" : [ {
      "stringRepresentation" : "GOTO(-53)",
      "programCounter" : 83
    } ]
  }, {
    "fullSignature" : "boolean remove(java.lang.Object)",
    "numberOfTotalInstructions" : 60,
    "numberOfDeadInstructions" : 1,
    "enclosingTypeName" : "com.google.common.collect.FilteredEntryMultimap$AsMap$1ValuesImpl",
    "deadInstructions" : [ {
      "stringRepresentation" : "GOTO(-124)",
      "programCounter" : 162
    } ]
  }, {
    "fullSignature" : "com.google.common.base.Optional last()",
    "numberOfTotalInstructions" : 50,
    "numberOfDeadInstructions" : 1,
    "enclosingTypeName" : "com.google.common.collect.FluentIterable",
    "deadInstructions" : [ {
      "stringRepresentation" : "GOTO(-21)",
      "programCounter" : 111
    } ]
  }, {
    "fullSignature" : "com.google.common.collect.Multiset$Entry computeNext()",
    "numberOfTotalInstructions" : 26,
    "numberOfDeadInstructions" : 1,
    "enclosingTypeName" : "com.google.common.collect.ConcurrentHashMultiset$2",
    "deadInstructions" : [ {
      "stringRepresentation" : "GOTO(-61)",
      "programCounter" : 61
    } ]
  }, {
    "fullSignature" : "boolean tryAdvance(java.util.function.Consumer)",
    "numberOfTotalInstructions" : 37,
    "numberOfDeadInstructions" : 1,
    "enclosingTypeName" : "com.google.common.collect.CollectSpliterators$1Splitr",
    "deadInstructions" : [ {
      "stringRepresentation" : "GOTO(-68)",
      "programCounter" : 68
    } ]
  }, {
    "fullSignature" : "int add(java.lang.Object,int)",
    "numberOfTotalInstructions" : 90,
    "numberOfDeadInstructions" : 2,
    "enclosingTypeName" : "com.google.common.collect.ConcurrentHashMultiset",
    "deadInstructions" : [ {
      "stringRepresentation" : "GOTO(-33)",
      "programCounter" : 98
    }, {
      "stringRepresentation" : "GOTO(-165)",
      "programCounter" : 186
    } ]
  }, {
    "fullSignature" : "int remove(java.lang.Object,int)",
    "numberOfTotalInstructions" : 49,
    "numberOfDeadInstructions" : 1,
    "enclosingTypeName" : "com.google.common.collect.ConcurrentHashMultiset",
    "deadInstructions" : [ {
      "stringRepresentation" : "GOTO(-52)",
      "programCounter" : 86
    } ]
  }, {
    "fullSignature" : "boolean removeExactly(java.lang.Object,int)",
    "numberOfTotalInstructions" : 45,
    "numberOfDeadInstructions" : 1,
    "enclosingTypeName" : "com.google.common.collect.ConcurrentHashMultiset",
    "deadInstructions" : [ {
      "stringRepresentation" : "GOTO(-50)",
      "programCounter" : 80
    } ]
  }, {
    "fullSignature" : "int setCount(java.lang.Object,int)",
    "numberOfTotalInstructions" : 80,
    "numberOfDeadInstructions" : 2,
    "enclosingTypeName" : "com.google.common.collect.ConcurrentHashMultiset",
    "deadInstructions" : [ {
      "stringRepresentation" : "GOTO(-110)",
      "programCounter" : 122
    }, {
      "stringRepresentation" : "GOTO(-92)",
      "programCounter" : 154
    } ]
  }, {
    "fullSignature" : "java.util.List snapshot()",
    "numberOfTotalInstructions" : 32,
    "numberOfDeadInstructions" : 1,
    "enclosingTypeName" : "com.google.common.collect.ConcurrentHashMultiset",
    "deadInstructions" : [ {
      "stringRepresentation" : "GOTO(-55)",
      "programCounter" : 73
    } ]
  }, {
    "fullSignature" : "boolean containsAllImpl(java.util.Collection,java.util.Collection)",
    "numberOfTotalInstructions" : 18,
    "numberOfDeadInstructions" : 1,
    "enclosingTypeName" : "com.google.common.collect.Collections2",
    "deadInstructions" : [ {
      "stringRepresentation" : "GOTO(-28)",
      "programCounter" : 35
    } ]
  }, {
    "fullSignature" : "boolean containsValue(java.lang.Object)",
    "numberOfTotalInstructions" : 21,
    "numberOfDeadInstructions" : 1,
    "enclosingTypeName" : "com.google.common.collect.AbstractTable",
    "deadInstructions" : [ {
      "stringRepresentation" : "GOTO(-31)",
      "programCounter" : 46
    } ]
  }, {
    "fullSignature" : "void <init>(com.google.common.collect.ImmutableList)",
    "numberOfTotalInstructions" : 50,
    "numberOfDeadInstructions" : 1,
    "enclosingTypeName" : "com.google.common.collect.CartesianList",
    "deadInstructions" : [ {
      "stringRepresentation" : "GOTO(14)",
      "programCounter" : 66
    } ]
  }, {
    "fullSignature" : "boolean containsValue(java.lang.Object)",
    "numberOfTotalInstructions" : 21,
    "numberOfDeadInstructions" : 1,
    "enclosingTypeName" : "com.google.common.collect.AbstractMultimap",
    "deadInstructions" : [ {
      "stringRepresentation" : "GOTO(-31)",
      "programCounter" : 46
    } ]
  }, {
    "fullSignature" : "void <init>(com.google.common.cache.CacheBuilder,com.google.common.cache.CacheLoader)",
    "numberOfTotalInstructions" : 231,
    "numberOfDeadInstructions" : 1,
    "enclosingTypeName" : "com.google.common.cache.LocalCache",
    "deadInstructions" : [ {
      "stringRepresentation" : "GOTO(50)",
      "programCounter" : 414
    } ]
  }, {
    "fullSignature" : "com.google.common.collect.ImmutableMap getAll(java.lang.Iterable)",
    "numberOfTotalInstructions" : 129,
    "numberOfDeadInstructions" : 1,
    "enclosingTypeName" : "com.google.common.cache.LocalCache",
    "deadInstructions" : [ {
      "stringRepresentation" : "GOTO(59)",
      "programCounter" : 213
    } ]
  }, {
    "fullSignature" : "boolean removeIf(java.util.function.BiPredicate)",
    "numberOfTotalInstructions" : 41,
    "numberOfDeadInstructions" : 2,
    "enclosingTypeName" : "com.google.common.cache.LocalCache",
    "deadInstructions" : [ {
      "stringRepresentation" : "GOTO(-45)",
      "programCounter" : 79
    }, {
      "stringRepresentation" : "GOTO(-65)",
      "programCounter" : 82
    } ]
  }, {
    "fullSignature" : "boolean isWellFormedSlowPath(byte[],int,int)",
    "numberOfTotalInstructions" : 112,
    "numberOfDeadInstructions" : 1,
    "enclosingTypeName" : "com.google.common.base.Utf8",
    "deadInstructions" : [ {
      "stringRepresentation" : "GOTO(-125)",
      "programCounter" : 127
    } ]
  }, {
    "fullSignature" : "boolean cleanUp(java.lang.ref.Reference)",
    "numberOfTotalInstructions" : 30,
    "numberOfDeadInstructions" : 1,
    "enclosingTypeName" : "com.google.common.base.internal.Finalizer",
    "deadInstructions" : [ {
      "stringRepresentation" : "GOTO(-25)",
      "programCounter" : 47
    } ]
  }, {
    "fullSignature" : "java.lang.Object computeNext()",
    "numberOfTotalInstructions" : 19,
    "numberOfDeadInstructions" : 1,
    "enclosingTypeName" : "com.google.common.base.Optional$1",
    "deadInstructions" : [ {
      "stringRepresentation" : "GOTO(-37)",
      "programCounter" : 37
    } ]
  }, {
    "fullSignature" : "java.lang.Appendable appendTo(java.lang.Appendable,java.util.Iterator)",
    "numberOfTotalInstructions" : 49,
    "numberOfDeadInstructions" : 1,
    "enclosingTypeName" : "com.google.common.base.Joiner$2",
    "deadInstructions" : [ {
      "stringRepresentation" : "GOTO(-38)",
      "programCounter" : 52
    } ]
  }, {
    "fullSignature" : "void evictEntries(com.google.common.cache.ReferenceEntry)",
    "numberOfTotalInstructions" : 48,
    "numberOfDeadInstructions" : 1,
    "enclosingTypeName" : "com.google.common.cache.LocalCache$Segment",
    "deadInstructions" : [ {
      "stringRepresentation" : "GOTO(-42)",
      "programCounter" : 102
    } ]
  }, {
    "fullSignature" : "com.google.common.cache.ReferenceEntry getNextEvictable()",
    "numberOfTotalInstructions" : 24,
    "numberOfDeadInstructions" : 1,
    "enclosingTypeName" : "com.google.common.cache.LocalCache$Segment",
    "deadInstructions" : [ {
      "stringRepresentation" : "GOTO(-37)",
      "programCounter" : 47
    } ]
  } ]
}