{
  "filesAnalyzed" : [ "benchmark/jars/okhttp-4.12.0.jar" ],
  "domainUsed" : "org.opalj.ai.domain.l1.DefaultReferenceValuesDomainWithCFGAndDefUse",
  "timeFinished" : "2025-07-01T09:59:25.0240871",
  "totalRuntimeMs" : 239,
  "methodsFound" : [ {
    "fullSignature" : "void setMaxRequests(int)",
    "numberOfTotalInstructions" : 49,
    "numberOfDeadInstructions" : 5,
    "enclosingTypeName" : "okhttp3.Dispatcher",
    "deadInstructions" : [ {
      "stringRepresentation" : "ASTORE_3",
      "programCounter" : 69
    }, {
      "stringRepresentation" : "ALOAD_2",
      "programCounter" : 70
    }, {
      "stringRepresentation" : "MONITOREXIT",
      "programCounter" : 71
    }, {
      "stringRepresentation" : "ALOAD_3",
      "programCounter" : 72
    }, {
      "stringRepresentation" : "ATHROW",
      "programCounter" : 73
    } ]
  }, {
    "fullSignature" : "void setMaxRequestsPerHost(int)",
    "numberOfTotalInstructions" : 49,
    "numberOfDeadInstructions" : 5,
    "enclosingTypeName" : "okhttp3.Dispatcher",
    "deadInstructions" : [ {
      "stringRepresentation" : "ASTORE_3",
      "programCounter" : 69
    }, {
      "stringRepresentation" : "ALOAD_2",
      "programCounter" : 70
    }, {
      "stringRepresentation" : "MONITOREXIT",
      "programCounter" : 71
    }, {
      "stringRepresentation" : "ALOAD_3",
      "programCounter" : 72
    }, {
      "stringRepresentation" : "ATHROW",
      "programCounter" : 73
    } ]
  }, {
    "fullSignature" : "void commit(long)",
    "numberOfTotalInstructions" : 58,
    "numberOfDeadInstructions" : 5,
    "enclosingTypeName" : "okhttp3.internal.cache2.Relay",
    "deadInstructions" : [ {
      "stringRepresentation" : "ASTORE(4)",
      "programCounter" : 75
    }, {
      "stringRepresentation" : "ALOAD_3",
      "programCounter" : 77
    }, {
      "stringRepresentation" : "MONITOREXIT",
      "programCounter" : 78
    }, {
      "stringRepresentation" : "ALOAD(4)",
      "programCounter" : 79
    }, {
      "stringRepresentation" : "ATHROW",
      "programCounter" : 81
    } ]
  }, {
    "fullSignature" : "okio.Source newSource()",
    "numberOfTotalInstructions" : 40,
    "numberOfDeadInstructions" : 5,
    "enclosingTypeName" : "okhttp3.internal.cache2.Relay",
    "deadInstructions" : [ {
      "stringRepresentation" : "ASTORE_2",
      "programCounter" : 41
    }, {
      "stringRepresentation" : "ALOAD_1",
      "programCounter" : 42
    }, {
      "stringRepresentation" : "MONITOREXIT",
      "programCounter" : 43
    }, {
      "stringRepresentation" : "ALOAD_2",
      "programCounter" : 44
    }, {
      "stringRepresentation" : "ATHROW",
      "programCounter" : 45
    } ]
  }, {
    "fullSignature" : "okhttp3.internal.concurrent.TaskQueue newQueue()",
    "numberOfTotalInstructions" : 40,
    "numberOfDeadInstructions" : 5,
    "enclosingTypeName" : "okhttp3.internal.concurrent.TaskRunner",
    "deadInstructions" : [ {
      "stringRepresentation" : "ASTORE_3",
      "programCounter" : 30
    }, {
      "stringRepresentation" : "ALOAD_2",
      "programCounter" : 31
    }, {
      "stringRepresentation" : "MONITOREXIT",
      "programCounter" : 32
    }, {
      "stringRepresentation" : "ALOAD_3",
      "programCounter" : 33
    }, {
      "stringRepresentation" : "ATHROW",
      "programCounter" : 34
    } ]
  }, {
    "fullSignature" : "boolean skipCommasAndWhitespace(okio.Buffer)",
    "numberOfTotalInstructions" : 39,
    "numberOfDeadInstructions" : 3,
    "enclosingTypeName" : "okhttp3.internal.http.HttpHeaders",
    "deadInstructions" : [ {
      "stringRepresentation" : "NOP",
      "programCounter" : 63
    }, {
      "stringRepresentation" : "NOP",
      "programCounter" : 64
    }, {
      "stringRepresentation" : "NOP",
      "programCounter" : 65
    } ]
  }, {
    "fullSignature" : "void close()",
    "numberOfTotalInstructions" : 170,
    "numberOfDeadInstructions" : 5,
    "enclosingTypeName" : "okhttp3.internal.http2.Http2Stream$FramingSink",
    "deadInstructions" : [ {
      "stringRepresentation" : "ASTORE(4)",
      "programCounter" : 304
    }, {
      "stringRepresentation" : "ALOAD_3",
      "programCounter" : 306
    }, {
      "stringRepresentation" : "MONITOREXIT",
      "programCounter" : 307
    }, {
      "stringRepresentation" : "ALOAD(4)",
      "programCounter" : 308
    }, {
      "stringRepresentation" : "ATHROW",
      "programCounter" : 310
    } ]
  }, {
    "fullSignature" : "void shutdown(okhttp3.internal.http2.ErrorCode)",
    "numberOfTotalInstructions" : 68,
    "numberOfDeadInstructions" : 5,
    "enclosingTypeName" : "okhttp3.internal.http2.Http2Connection",
    "deadInstructions" : [ {
      "stringRepresentation" : "ASTORE(6)",
      "programCounter" : 76
    }, {
      "stringRepresentation" : "ALOAD(5)",
      "programCounter" : 78
    }, {
      "stringRepresentation" : "MONITOREXIT",
      "programCounter" : 80
    }, {
      "stringRepresentation" : "ALOAD(6)",
      "programCounter" : 81
    }, {
      "stringRepresentation" : "ATHROW",
      "programCounter" : 83
    } ]
  }, {
    "fullSignature" : "void writePing()",
    "numberOfTotalInstructions" : 33,
    "numberOfDeadInstructions" : 5,
    "enclosingTypeName" : "okhttp3.internal.http2.Http2Connection",
    "deadInstructions" : [ {
      "stringRepresentation" : "ASTORE_2",
      "programCounter" : 30
    }, {
      "stringRepresentation" : "ALOAD_1",
      "programCounter" : 31
    }, {
      "stringRepresentation" : "MONITOREXIT",
      "programCounter" : 32
    }, {
      "stringRepresentation" : "ALOAD_2",
      "programCounter" : 33
    }, {
      "stringRepresentation" : "ATHROW",
      "programCounter" : 34
    } ]
  }, {
    "fullSignature" : "void writePingFrame$okhttp()",
    "numberOfTotalInstructions" : 96,
    "numberOfDeadInstructions" : 5,
    "enclosingTypeName" : "okhttp3.internal.ws.RealWebSocket",
    "deadInstructions" : [ {
      "stringRepresentation" : "ASTORE(4)",
      "programCounter" : 81
    }, {
      "stringRepresentation" : "ALOAD_3",
      "programCounter" : 83
    }, {
      "stringRepresentation" : "MONITOREXIT",
      "programCounter" : 84
    }, {
      "stringRepresentation" : "ALOAD(4)",
      "programCounter" : 85
    }, {
      "stringRepresentation" : "ATHROW",
      "programCounter" : 87
    } ]
  }, {
    "fullSignature" : "int slashCount(java.lang.String,int,int)",
    "numberOfTotalInstructions" : 24,
    "numberOfDeadInstructions" : 1,
    "enclosingTypeName" : "okhttp3.HttpUrl$Builder$Companion",
    "deadInstructions" : [ {
      "stringRepresentation" : "GOTO(9)",
      "programCounter" : 40
    } ]
  }, {
    "fullSignature" : "boolean isHealthy(boolean)",
    "numberOfTotalInstructions" : 101,
    "numberOfDeadInstructions" : 5,
    "enclosingTypeName" : "okhttp3.internal.connection.RealConnection",
    "deadInstructions" : [ {
      "stringRepresentation" : "ASTORE(11)",
      "programCounter" : 173
    }, {
      "stringRepresentation" : "ALOAD(10)",
      "programCounter" : 175
    }, {
      "stringRepresentation" : "MONITOREXIT",
      "programCounter" : 177
    }, {
      "stringRepresentation" : "ALOAD(11)",
      "programCounter" : 178
    }, {
      "stringRepresentation" : "ATHROW",
      "programCounter" : 180
    } ]
  }, {
    "fullSignature" : "java.io.IOException messageDone$okhttp(okhttp3.internal.connection.Exchange,boolean,boolean,java.io.IOException)",
    "numberOfTotalInstructions" : 95,
    "numberOfDeadInstructions" : 5,
    "enclosingTypeName" : "okhttp3.internal.connection.RealCall",
    "deadInstructions" : [ {
      "stringRepresentation" : "ASTORE(8)",
      "programCounter" : 138
    }, {
      "stringRepresentation" : "ALOAD(7)",
      "programCounter" : 140
    }, {
      "stringRepresentation" : "MONITOREXIT",
      "programCounter" : 142
    }, {
      "stringRepresentation" : "ALOAD(8)",
      "programCounter" : 143
    }, {
      "stringRepresentation" : "ATHROW",
      "programCounter" : 145
    } ]
  }, {
    "fullSignature" : "java.io.IOException noMoreExchanges$okhttp(java.io.IOException)",
    "numberOfTotalInstructions" : 44,
    "numberOfDeadInstructions" : 5,
    "enclosingTypeName" : "okhttp3.internal.connection.RealCall",
    "deadInstructions" : [ {
      "stringRepresentation" : "ASTORE(4)",
      "programCounter" : 53
    }, {
      "stringRepresentation" : "ALOAD_3",
      "programCounter" : 55
    }, {
      "stringRepresentation" : "MONITOREXIT",
      "programCounter" : 56
    }, {
      "stringRepresentation" : "ALOAD(4)",
      "programCounter" : 57
    }, {
      "stringRepresentation" : "ATHROW",
      "programCounter" : 59
    } ]
  } ]
}