{
  "filesAnalyzed" : [ "benchmark/jars/okhttp-4.12.0.jar" ],
  "domainUsed" : "org.opalj.ai.domain.l1.DefaultIntervalValuesDomain",
  "timeFinished" : "2025-07-01T09:59:27.6383008",
  "totalRuntimeMs" : 352,
  "methodsFound" : [ {
    "fullSignature" : "java.lang.Object logElapsed(okhttp3.internal.concurrent.Task,okhttp3.internal.concurrent.TaskQueue,kotlin.jvm.functions.Function0)",
    "numberOfTotalInstructions" : 110,
    "numberOfDeadInstructions" : 13,
    "enclosingTypeName" : "okhttp3.internal.concurrent.TaskLoggerKt",
    "deadInstructions" : [ {
      "stringRepresentation" : "ALOAD_0",
      "programCounter" : 179
    }, {
      "stringRepresentation" : "ALOAD_1",
      "programCounter" : 180
    }, {
      "stringRepresentation" : "NEW java.lang.StringBuilder",
      "programCounter" : 181
    }, {
      "stringRepresentation" : "DUP",
      "programCounter" : 184
    }, {
      "stringRepresentation" : "INVOKESPECIAL(java.lang.StringBuilder{ void <init>() })",
      "programCounter" : 185
    }, {
      "stringRepresentation" : "LoadString(\"finished run in \")",
      "programCounter" : 188
    }, {
      "stringRepresentation" : "INVOKEVIRTUAL(java.lang.StringBuilder{ java.lang.StringBuilder append(java.lang.String) })",
      "programCounter" : 190
    }, {
      "stringRepresentation" : "LLOAD(9)",
      "programCounter" : 193
    }, {
      "stringRepresentation" : "INVOKESTATIC(okhttp3.internal.concurrent.TaskLoggerKt{ java.lang.String formatDuration(long) })",
      "programCounter" : 195
    }, {
      "stringRepresentation" : "INVOKEVIRTUAL(java.lang.StringBuilder{ java.lang.StringBuilder append(java.lang.String) })",
      "programCounter" : 198
    }, {
      "stringRepresentation" : "INVOKEVIRTUAL(java.lang.StringBuilder{ java.lang.String toString() })",
      "programCounter" : 201
    }, {
      "stringRepresentation" : "INVOKESTATIC(okhttp3.internal.concurrent.TaskLoggerKt{ void access$log(okhttp3.internal.concurrent.Task,okhttp3.internal.concurrent.TaskQueue,java.lang.String) })",
      "programCounter" : 204
    }, {
      "stringRepresentation" : "GOTO(31)",
      "programCounter" : 207
    } ]
  }, {
    "fullSignature" : "void run()",
    "numberOfTotalInstructions" : 151,
    "numberOfDeadInstructions" : 13,
    "enclosingTypeName" : "okhttp3.internal.concurrent.TaskRunner$runnable$1",
    "deadInstructions" : [ {
      "stringRepresentation" : "ALOAD_1",
      "programCounter" : 251
    }, {
      "stringRepresentation" : "ALOAD_2",
      "programCounter" : 252
    }, {
      "stringRepresentation" : "NEW java.lang.StringBuilder",
      "programCounter" : 253
    }, {
      "stringRepresentation" : "DUP",
      "programCounter" : 256
    }, {
      "stringRepresentation" : "INVOKESPECIAL(java.lang.StringBuilder{ void <init>() })",
      "programCounter" : 257
    }, {
      "stringRepresentation" : "LoadString(\"finished run in \")",
      "programCounter" : 260
    }, {
      "stringRepresentation" : "INVOKEVIRTUAL(java.lang.StringBuilder{ java.lang.StringBuilder append(java.lang.String) })",
      "programCounter" : 262
    }, {
      "stringRepresentation" : "LLOAD(14)",
      "programCounter" : 265
    }, {
      "stringRepresentation" : "INVOKESTATIC(okhttp3.internal.concurrent.TaskLoggerKt{ java.lang.String formatDuration(long) })",
      "programCounter" : 267
    }, {
      "stringRepresentation" : "INVOKEVIRTUAL(java.lang.StringBuilder{ java.lang.StringBuilder append(java.lang.String) })",
      "programCounter" : 270
    }, {
      "stringRepresentation" : "INVOKEVIRTUAL(java.lang.StringBuilder{ java.lang.String toString() })",
      "programCounter" : 273
    }, {
      "stringRepresentation" : "INVOKESTATIC(okhttp3.internal.concurrent.TaskLoggerKt{ void access$log(okhttp3.internal.concurrent.Task,okhttp3.internal.concurrent.TaskQueue,java.lang.String) })",
      "programCounter" : 276
    }, {
      "stringRepresentation" : "GOTO(31)",
      "programCounter" : 279
    } ]
  } ]
}