{
  "filesAnalyzed" : [ "benchmark/jars/okhttp-4.12.0.jar" ],
  "domainUsed" : "org.opalj.ai.domain.l0.PrimitiveTACAIDomain",
  "timeFinished" : "2025-07-01T09:59:27.8199222",
  "totalRuntimeMs" : 161,
  "methodsFound" : [ {
    "fullSignature" : "boolean skipCommasAndWhitespace(okio.Buffer)",
    "numberOfTotalInstructions" : 39,
    "numberOfDeadInstructions" : 3,
    "enclosingTypeName" : "okhttp3.internal.http.HttpHeaders",
    "deadInstructions" : [ {
      "stringRepresentation" : "NOP",
      "programCounter" : 63
    }, {
      "stringRepresentation" : "NOP",
      "programCounter" : 64
    }, {
      "stringRepresentation" : "NOP",
      "programCounter" : 65
    } ]
  }, {
    "fullSignature" : "int slashCount(java.lang.String,int,int)",
    "numberOfTotalInstructions" : 24,
    "numberOfDeadInstructions" : 1,
    "enclosingTypeName" : "okhttp3.HttpUrl$Builder$Companion",
    "deadInstructions" : [ {
      "stringRepresentation" : "GOTO(9)",
      "programCounter" : 40
    } ]
  } ]
}