{
  "filesAnalyzed" : [ "benchmark/jars/okhttp-4.12.0.jar" ],
  "domainUsed" : "org.opalj.ai.domain.l1.DefaultDomainWithCFGAndDefUse",
  "timeFinished" : "2025-07-01T09:59:28.4903219",
  "totalRuntimeMs" : 444,
  "methodsFound" : [ {
    "fullSignature" : "java.lang.String parseDomain(java.lang.String)",
    "numberOfTotalInstructions" : 32,
    "numberOfDeadInstructions" : 10,
    "enclosingTypeName" : "okhttp3.Cookie$Companion",
    "deadInstructions" : [ {
      "stringRepresentation" : "INVOKESTATIC(kotlin.text.StringsKt{ java.lang.String removePrefix(java.lang.String,java.lang.CharSequence) })",
      "programCounter" : 44
    }, {
      "stringRepresentation" : "INVOKESTATIC(okhttp3.internal.HostnamesKt{ java.lang.String toCanonicalHost(java.lang.String) })",
      "programCounter" : 47
    }, {
      "stringRepresentation" : "DUP",
      "programCounter" : 50
    }, {
      "stringRepresentation" : "IFNONNULL(12)",
      "programCounter" : 51
    }, {
      "stringRepresentation" : "POP",
      "programCounter" : 54
    }, {
      "stringRepresentation" : "NEW java.lang.IllegalArgumentException",
      "programCounter" : 55
    }, {
      "stringRepresentation" : "DUP",
      "programCounter" : 58
    }, {
      "stringRepresentation" : "INVOKESPECIAL(java.lang.IllegalArgumentException{ void <init>() })",
      "programCounter" : 59
    }, {
      "stringRepresentation" : "ATHROW",
      "programCounter" : 62
    }, {
      "stringRepresentation" : "ARETURN",
      "programCounter" : 63
    } ]
  }, {
    "fullSignature" : "void setMaxRequests(int)",
    "numberOfTotalInstructions" : 49,
    "numberOfDeadInstructions" : 5,
    "enclosingTypeName" : "okhttp3.Dispatcher",
    "deadInstructions" : [ {
      "stringRepresentation" : "ASTORE_3",
      "programCounter" : 69
    }, {
      "stringRepresentation" : "ALOAD_2",
      "programCounter" : 70
    }, {
      "stringRepresentation" : "MONITOREXIT",
      "programCounter" : 71
    }, {
      "stringRepresentation" : "ALOAD_3",
      "programCounter" : 72
    }, {
      "stringRepresentation" : "ATHROW",
      "programCounter" : 73
    } ]
  }, {
    "fullSignature" : "void setMaxRequestsPerHost(int)",
    "numberOfTotalInstructions" : 49,
    "numberOfDeadInstructions" : 5,
    "enclosingTypeName" : "okhttp3.Dispatcher",
    "deadInstructions" : [ {
      "stringRepresentation" : "ASTORE_3",
      "programCounter" : 69
    }, {
      "stringRepresentation" : "ALOAD_2",
      "programCounter" : 70
    }, {
      "stringRepresentation" : "MONITOREXIT",
      "programCounter" : 71
    }, {
      "stringRepresentation" : "ALOAD_3",
      "programCounter" : 72
    }, {
      "stringRepresentation" : "ATHROW",
      "programCounter" : 73
    } ]
  }, {
    "fullSignature" : "void commit(long)",
    "numberOfTotalInstructions" : 58,
    "numberOfDeadInstructions" : 5,
    "enclosingTypeName" : "okhttp3.internal.cache2.Relay",
    "deadInstructions" : [ {
      "stringRepresentation" : "ASTORE(4)",
      "programCounter" : 75
    }, {
      "stringRepresentation" : "ALOAD_3",
      "programCounter" : 77
    }, {
      "stringRepresentation" : "MONITOREXIT",
      "programCounter" : 78
    }, {
      "stringRepresentation" : "ALOAD(4)",
      "programCounter" : 79
    }, {
      "stringRepresentation" : "ATHROW",
      "programCounter" : 81
    } ]
  }, {
    "fullSignature" : "okio.Source newSource()",
    "numberOfTotalInstructions" : 40,
    "numberOfDeadInstructions" : 5,
    "enclosingTypeName" : "okhttp3.internal.cache2.Relay",
    "deadInstructions" : [ {
      "stringRepresentation" : "ASTORE_2",
      "programCounter" : 41
    }, {
      "stringRepresentation" : "ALOAD_1",
      "programCounter" : 42
    }, {
      "stringRepresentation" : "MONITOREXIT",
      "programCounter" : 43
    }, {
      "stringRepresentation" : "ALOAD_2",
      "programCounter" : 44
    }, {
      "stringRepresentation" : "ATHROW",
      "programCounter" : 45
    } ]
  }, {
    "fullSignature" : "okhttp3.internal.concurrent.TaskQueue newQueue()",
    "numberOfTotalInstructions" : 40,
    "numberOfDeadInstructions" : 5,
    "enclosingTypeName" : "okhttp3.internal.concurrent.TaskRunner",
    "deadInstructions" : [ {
      "stringRepresentation" : "ASTORE_3",
      "programCounter" : 30
    }, {
      "stringRepresentation" : "ALOAD_2",
      "programCounter" : 31
    }, {
      "stringRepresentation" : "MONITOREXIT",
      "programCounter" : 32
    }, {
      "stringRepresentation" : "ALOAD_3",
      "programCounter" : 33
    }, {
      "stringRepresentation" : "ATHROW",
      "programCounter" : 34
    } ]
  }, {
    "fullSignature" : "void close()",
    "numberOfTotalInstructions" : 170,
    "numberOfDeadInstructions" : 5,
    "enclosingTypeName" : "okhttp3.internal.http2.Http2Stream$FramingSink",
    "deadInstructions" : [ {
      "stringRepresentation" : "ASTORE(4)",
      "programCounter" : 304
    }, {
      "stringRepresentation" : "ALOAD_3",
      "programCounter" : 306
    }, {
      "stringRepresentation" : "MONITOREXIT",
      "programCounter" : 307
    }, {
      "stringRepresentation" : "ALOAD(4)",
      "programCounter" : 308
    }, {
      "stringRepresentation" : "ATHROW",
      "programCounter" : 310
    } ]
  }, {
    "fullSignature" : "java.lang.Object logElapsed(okhttp3.internal.concurrent.Task,okhttp3.internal.concurrent.TaskQueue,kotlin.jvm.functions.Function0)",
    "numberOfTotalInstructions" : 110,
    "numberOfDeadInstructions" : 13,
    "enclosingTypeName" : "okhttp3.internal.concurrent.TaskLoggerKt",
    "deadInstructions" : [ {
      "stringRepresentation" : "ALOAD_0",
      "programCounter" : 179
    }, {
      "stringRepresentation" : "ALOAD_1",
      "programCounter" : 180
    }, {
      "stringRepresentation" : "NEW java.lang.StringBuilder",
      "programCounter" : 181
    }, {
      "stringRepresentation" : "DUP",
      "programCounter" : 184
    }, {
      "stringRepresentation" : "INVOKESPECIAL(java.lang.StringBuilder{ void <init>() })",
      "programCounter" : 185
    }, {
      "stringRepresentation" : "LoadString(\"finished run in \")",
      "programCounter" : 188
    }, {
      "stringRepresentation" : "INVOKEVIRTUAL(java.lang.StringBuilder{ java.lang.StringBuilder append(java.lang.String) })",
      "programCounter" : 190
    }, {
      "stringRepresentation" : "LLOAD(9)",
      "programCounter" : 193
    }, {
      "stringRepresentation" : "INVOKESTATIC(okhttp3.internal.concurrent.TaskLoggerKt{ java.lang.String formatDuration(long) })",
      "programCounter" : 195
    }, {
      "stringRepresentation" : "INVOKEVIRTUAL(java.lang.StringBuilder{ java.lang.StringBuilder append(java.lang.String) })",
      "programCounter" : 198
    }, {
      "stringRepresentation" : "INVOKEVIRTUAL(java.lang.StringBuilder{ java.lang.String toString() })",
      "programCounter" : 201
    }, {
      "stringRepresentation" : "INVOKESTATIC(okhttp3.internal.concurrent.TaskLoggerKt{ void access$log(okhttp3.internal.concurrent.Task,okhttp3.internal.concurrent.TaskQueue,java.lang.String) })",
      "programCounter" : 204
    }, {
      "stringRepresentation" : "GOTO(31)",
      "programCounter" : 207
    } ]
  }, {
    "fullSignature" : "void run()",
    "numberOfTotalInstructions" : 151,
    "numberOfDeadInstructions" : 13,
    "enclosingTypeName" : "okhttp3.internal.concurrent.TaskRunner$runnable$1",
    "deadInstructions" : [ {
      "stringRepresentation" : "ALOAD_1",
      "programCounter" : 251
    }, {
      "stringRepresentation" : "ALOAD_2",
      "programCounter" : 252
    }, {
      "stringRepresentation" : "NEW java.lang.StringBuilder",
      "programCounter" : 253
    }, {
      "stringRepresentation" : "DUP",
      "programCounter" : 256
    }, {
      "stringRepresentation" : "INVOKESPECIAL(java.lang.StringBuilder{ void <init>() })",
      "programCounter" : 257
    }, {
      "stringRepresentation" : "LoadString(\"finished run in \")",
      "programCounter" : 260
    }, {
      "stringRepresentation" : "INVOKEVIRTUAL(java.lang.StringBuilder{ java.lang.StringBuilder append(java.lang.String) })",
      "programCounter" : 262
    }, {
      "stringRepresentation" : "LLOAD(14)",
      "programCounter" : 265
    }, {
      "stringRepresentation" : "INVOKESTATIC(okhttp3.internal.concurrent.TaskLoggerKt{ java.lang.String formatDuration(long) })",
      "programCounter" : 267
    }, {
      "stringRepresentation" : "INVOKEVIRTUAL(java.lang.StringBuilder{ java.lang.StringBuilder append(java.lang.String) })",
      "programCounter" : 270
    }, {
      "stringRepresentation" : "INVOKEVIRTUAL(java.lang.StringBuilder{ java.lang.String toString() })",
      "programCounter" : 273
    }, {
      "stringRepresentation" : "INVOKESTATIC(okhttp3.internal.concurrent.TaskLoggerKt{ void access$log(okhttp3.internal.concurrent.Task,okhttp3.internal.concurrent.TaskQueue,java.lang.String) })",
      "programCounter" : 276
    }, {
      "stringRepresentation" : "GOTO(31)",
      "programCounter" : 279
    } ]
  }, {
    "fullSignature" : "void <clinit>()",
    "numberOfTotalInstructions" : 87,
    "numberOfDeadInstructions" : 6,
    "enclosingTypeName" : "okhttp3.internal.Util",
    "deadInstructions" : [ {
      "stringRepresentation" : "INVOKESTATIC(kotlin.text.StringsKt{ java.lang.String removePrefix(java.lang.String,java.lang.CharSequence) })",
      "programCounter" : 181
    }, {
      "stringRepresentation" : "LoadString_W(Client)",
      "programCounter" : 184
    }, {
      "stringRepresentation" : "CHECKCAST(java.lang.CharSequence)",
      "programCounter" : 187
    }, {
      "stringRepresentation" : "INVOKESTATIC(kotlin.text.StringsKt{ java.lang.String removeSuffix(java.lang.String,java.lang.CharSequence) })",
      "programCounter" : 190
    }, {
      "stringRepresentation" : "put static okhttp3.internal.Util.okHttpName : java.lang.String",
      "programCounter" : 193
    }, {
      "stringRepresentation" : "RETURN",
      "programCounter" : 196
    } ]
  }, {
    "fullSignature" : "java.lang.String toHostHeader(okhttp3.HttpUrl,boolean)",
    "numberOfTotalInstructions" : 51,
    "numberOfDeadInstructions" : 43,
    "enclosingTypeName" : "okhttp3.internal.Util",
    "deadInstructions" : [ {
      "stringRepresentation" : "ICONST_0",
      "programCounter" : 18
    }, {
      "stringRepresentation" : "ICONST_2",
      "programCounter" : 19
    }, {
      "stringRepresentation" : "ACONST_NULL",
      "programCounter" : 20
    }, {
      "stringRepresentation" : "INVOKESTATIC(kotlin.text.StringsKt{ boolean contains$default(java.lang.CharSequence,java.lang.CharSequence,boolean,int,java.lang.Object) })",
      "programCounter" : 21
    }, {
      "stringRepresentation" : "IFEQ(33)",
      "programCounter" : 24
    }, {
      "stringRepresentation" : "NEW java.lang.StringBuilder",
      "programCounter" : 27
    }, {
      "stringRepresentation" : "DUP",
      "programCounter" : 30
    }, {
      "stringRepresentation" : "INVOKESPECIAL(java.lang.StringBuilder{ void <init>() })",
      "programCounter" : 31
    }, {
      "stringRepresentation" : "BIPUSH(91)",
      "programCounter" : 34
    }, {
      "stringRepresentation" : "INVOKEVIRTUAL(java.lang.StringBuilder{ java.lang.StringBuilder append(char) })",
      "programCounter" : 36
    }, {
      "stringRepresentation" : "ALOAD_0",
      "programCounter" : 39
    }, {
      "stringRepresentation" : "INVOKEVIRTUAL(okhttp3.HttpUrl{ java.lang.String host() })",
      "programCounter" : 40
    }, {
      "stringRepresentation" : "INVOKEVIRTUAL(java.lang.StringBuilder{ java.lang.StringBuilder append(java.lang.String) })",
      "programCounter" : 43
    }, {
      "stringRepresentation" : "BIPUSH(93)",
      "programCounter" : 46
    }, {
      "stringRepresentation" : "INVOKEVIRTUAL(java.lang.StringBuilder{ java.lang.StringBuilder append(char) })",
      "programCounter" : 48
    }, {
      "stringRepresentation" : "INVOKEVIRTUAL(java.lang.StringBuilder{ java.lang.String toString() })",
      "programCounter" : 51
    }, {
      "stringRepresentation" : "GOTO(7)",
      "programCounter" : 54
    }, {
      "stringRepresentation" : "ALOAD_0",
      "programCounter" : 57
    }, {
      "stringRepresentation" : "INVOKEVIRTUAL(okhttp3.HttpUrl{ java.lang.String host() })",
      "programCounter" : 58
    }, {
      "stringRepresentation" : "ASTORE_2",
      "programCounter" : 61
    }, {
      "stringRepresentation" : "ILOAD_1",
      "programCounter" : 62
    }, {
      "stringRepresentation" : "IFNE(20)",
      "programCounter" : 63
    }, {
      "stringRepresentation" : "ALOAD_0",
      "programCounter" : 66
    }, {
      "stringRepresentation" : "INVOKEVIRTUAL(okhttp3.HttpUrl{ int port() })",
      "programCounter" : 67
    }, {
      "stringRepresentation" : "get static okhttp3.HttpUrl.Companion : okhttp3.HttpUrl$Companion",
      "programCounter" : 70
    }, {
      "stringRepresentation" : "ALOAD_0",
      "programCounter" : 73
    }, {
      "stringRepresentation" : "INVOKEVIRTUAL(okhttp3.HttpUrl{ java.lang.String scheme() })",
      "programCounter" : 74
    }, {
      "stringRepresentation" : "INVOKEVIRTUAL(okhttp3.HttpUrl$Companion{ int defaultPort(java.lang.String) })",
      "programCounter" : 77
    }, {
      "stringRepresentation" : "IF_ICMPEQ(32)",
      "programCounter" : 80
    }, {
      "stringRepresentation" : "NEW java.lang.StringBuilder",
      "programCounter" : 83
    }, {
      "stringRepresentation" : "DUP",
      "programCounter" : 86
    }, {
      "stringRepresentation" : "INVOKESPECIAL(java.lang.StringBuilder{ void <init>() })",
      "programCounter" : 87
    }, {
      "stringRepresentation" : "ALOAD_2",
      "programCounter" : 90
    }, {
      "stringRepresentation" : "INVOKEVIRTUAL(java.lang.StringBuilder{ java.lang.StringBuilder append(java.lang.String) })",
      "programCounter" : 91
    }, {
      "stringRepresentation" : "BIPUSH(58)",
      "programCounter" : 94
    }, {
      "stringRepresentation" : "INVOKEVIRTUAL(java.lang.StringBuilder{ java.lang.StringBuilder append(char) })",
      "programCounter" : 96
    }, {
      "stringRepresentation" : "ALOAD_0",
      "programCounter" : 99
    }, {
      "stringRepresentation" : "INVOKEVIRTUAL(okhttp3.HttpUrl{ int port() })",
      "programCounter" : 100
    }, {
      "stringRepresentation" : "INVOKEVIRTUAL(java.lang.StringBuilder{ java.lang.StringBuilder append(int) })",
      "programCounter" : 103
    }, {
      "stringRepresentation" : "INVOKEVIRTUAL(java.lang.StringBuilder{ java.lang.String toString() })",
      "programCounter" : 106
    }, {
      "stringRepresentation" : "GOTO(4)",
      "programCounter" : 109
    }, {
      "stringRepresentation" : "ALOAD_2",
      "programCounter" : 112
    }, {
      "stringRepresentation" : "ARETURN",
      "programCounter" : 113
    } ]
  }, {
    "fullSignature" : "void shutdown(okhttp3.internal.http2.ErrorCode)",
    "numberOfTotalInstructions" : 68,
    "numberOfDeadInstructions" : 5,
    "enclosingTypeName" : "okhttp3.internal.http2.Http2Connection",
    "deadInstructions" : [ {
      "stringRepresentation" : "ASTORE(6)",
      "programCounter" : 76
    }, {
      "stringRepresentation" : "ALOAD(5)",
      "programCounter" : 78
    }, {
      "stringRepresentation" : "MONITOREXIT",
      "programCounter" : 80
    }, {
      "stringRepresentation" : "ALOAD(6)",
      "programCounter" : 81
    }, {
      "stringRepresentation" : "ATHROW",
      "programCounter" : 83
    } ]
  }, {
    "fullSignature" : "void writePing()",
    "numberOfTotalInstructions" : 33,
    "numberOfDeadInstructions" : 5,
    "enclosingTypeName" : "okhttp3.internal.http2.Http2Connection",
    "deadInstructions" : [ {
      "stringRepresentation" : "ASTORE_2",
      "programCounter" : 30
    }, {
      "stringRepresentation" : "ALOAD_1",
      "programCounter" : 31
    }, {
      "stringRepresentation" : "MONITOREXIT",
      "programCounter" : 32
    }, {
      "stringRepresentation" : "ALOAD_2",
      "programCounter" : 33
    }, {
      "stringRepresentation" : "ATHROW",
      "programCounter" : 34
    } ]
  }, {
    "fullSignature" : "boolean containsInvalidHostnameAsciiCodes(java.lang.String)",
    "numberOfTotalInstructions" : 38,
    "numberOfDeadInstructions" : 12,
    "enclosingTypeName" : "okhttp3.internal.HostnamesKt",
    "deadInstructions" : [ {
      "stringRepresentation" : "ILOAD_3",
      "programCounter" : 43
    }, {
      "stringRepresentation" : "ICONST_0",
      "programCounter" : 44
    }, {
      "stringRepresentation" : "ICONST_0",
      "programCounter" : 45
    }, {
      "stringRepresentation" : "BIPUSH(6)",
      "programCounter" : 46
    }, {
      "stringRepresentation" : "ACONST_NULL",
      "programCounter" : 48
    }, {
      "stringRepresentation" : "INVOKESTATIC(kotlin.text.StringsKt{ int indexOf$default(java.lang.CharSequence,char,int,boolean,int,java.lang.Object) })",
      "programCounter" : 49
    }, {
      "stringRepresentation" : "ICONST_M1",
      "programCounter" : 52
    }, {
      "stringRepresentation" : "IF_ICMPEQ(5)",
      "programCounter" : 53
    }, {
      "stringRepresentation" : "ICONST_1",
      "programCounter" : 56
    }, {
      "stringRepresentation" : "IRETURN",
      "programCounter" : 57
    }, {
      "stringRepresentation" : "IINC(lvIndex=1, 1)",
      "programCounter" : 58
    }, {
      "stringRepresentation" : "GOTO(-54)",
      "programCounter" : 61
    } ]
  }, {
    "fullSignature" : "java.lang.String toCanonicalHost(java.lang.String)",
    "numberOfTotalInstructions" : 119,
    "numberOfDeadInstructions" : 110,
    "enclosingTypeName" : "okhttp3.internal.HostnamesKt",
    "deadInstructions" : [ {
      "stringRepresentation" : "ICONST_0",
      "programCounter" : 17
    }, {
      "stringRepresentation" : "ICONST_2",
      "programCounter" : 18
    }, {
      "stringRepresentation" : "ACONST_NULL",
      "programCounter" : 19
    }, {
      "stringRepresentation" : "INVOKESTATIC(kotlin.text.StringsKt{ boolean contains$default(java.lang.CharSequence,java.lang.CharSequence,boolean,int,java.lang.Object) })",
      "programCounter" : 20
    }, {
      "stringRepresentation" : "IFEQ(124)",
      "programCounter" : 23
    }, {
      "stringRepresentation" : "ALOAD_1",
      "programCounter" : 26
    }, {
      "stringRepresentation" : "LoadString(\"[\")",
      "programCounter" : 27
    }, {
      "stringRepresentation" : "ICONST_0",
      "programCounter" : 29
    }, {
      "stringRepresentation" : "ICONST_2",
      "programCounter" : 30
    }, {
      "stringRepresentation" : "ACONST_NULL",
      "programCounter" : 31
    }, {
      "stringRepresentation" : "INVOKESTATIC(kotlin.text.StringsKt{ boolean startsWith$default(java.lang.String,java.lang.String,boolean,int,java.lang.Object) })",
      "programCounter" : 32
    }, {
      "stringRepresentation" : "IFEQ(29)",
      "programCounter" : 35
    }, {
      "stringRepresentation" : "ALOAD_1",
      "programCounter" : 38
    }, {
      "stringRepresentation" : "LoadString(\"]\")",
      "programCounter" : 39
    }, {
      "stringRepresentation" : "ICONST_0",
      "programCounter" : 41
    }, {
      "stringRepresentation" : "ICONST_2",
      "programCounter" : 42
    }, {
      "stringRepresentation" : "ACONST_NULL",
      "programCounter" : 43
    }, {
      "stringRepresentation" : "INVOKESTATIC(kotlin.text.StringsKt{ boolean endsWith$default(java.lang.String,java.lang.String,boolean,int,java.lang.Object) })",
      "programCounter" : 44
    }, {
      "stringRepresentation" : "IFEQ(17)",
      "programCounter" : 47
    }, {
      "stringRepresentation" : "ALOAD_1",
      "programCounter" : 50
    }, {
      "stringRepresentation" : "ICONST_1",
      "programCounter" : 51
    }, {
      "stringRepresentation" : "ALOAD_1",
      "programCounter" : 52
    }, {
      "stringRepresentation" : "INVOKEVIRTUAL(java.lang.String{ int length() })",
      "programCounter" : 53
    }, {
      "stringRepresentation" : "ICONST_1",
      "programCounter" : 56
    }, {
      "stringRepresentation" : "ISUB",
      "programCounter" : 57
    }, {
      "stringRepresentation" : "INVOKESTATIC(okhttp3.internal.HostnamesKt{ java.net.InetAddress decodeIpv6(java.lang.String,int,int) })",
      "programCounter" : 58
    }, {
      "stringRepresentation" : "GOTO(12)",
      "programCounter" : 61
    }, {
      "stringRepresentation" : "ALOAD_1",
      "programCounter" : 64
    }, {
      "stringRepresentation" : "ICONST_0",
      "programCounter" : 65
    }, {
      "stringRepresentation" : "ALOAD_1",
      "programCounter" : 66
    }, {
      "stringRepresentation" : "INVOKEVIRTUAL(java.lang.String{ int length() })",
      "programCounter" : 67
    }, {
      "stringRepresentation" : "INVOKESTATIC(okhttp3.internal.HostnamesKt{ java.net.InetAddress decodeIpv6(java.lang.String,int,int) })",
      "programCounter" : 70
    }, {
      "stringRepresentation" : "DUP",
      "programCounter" : 73
    }, {
      "stringRepresentation" : "IFNONNULL(6)",
      "programCounter" : 74
    }, {
      "stringRepresentation" : "POP",
      "programCounter" : 77
    }, {
      "stringRepresentation" : "ACONST_NULL",
      "programCounter" : 78
    }, {
      "stringRepresentation" : "ARETURN",
      "programCounter" : 79
    }, {
      "stringRepresentation" : "ASTORE_2",
      "programCounter" : 80
    }, {
      "stringRepresentation" : "ALOAD_2",
      "programCounter" : 81
    }, {
      "stringRepresentation" : "INVOKEVIRTUAL(java.net.InetAddress{ byte[] getAddress() })",
      "programCounter" : 82
    }, {
      "stringRepresentation" : "ASTORE_3",
      "programCounter" : 85
    }, {
      "stringRepresentation" : "ALOAD_3",
      "programCounter" : 86
    }, {
      "stringRepresentation" : "ARRAYLENGTH",
      "programCounter" : 87
    }, {
      "stringRepresentation" : "BIPUSH(16)",
      "programCounter" : 88
    }, {
      "stringRepresentation" : "IF_ICMPNE(14)",
      "programCounter" : 90
    }, {
      "stringRepresentation" : "ALOAD_3",
      "programCounter" : 93
    }, {
      "stringRepresentation" : "LoadString(\"address\")",
      "programCounter" : 94
    }, {
      "stringRepresentation" : "INVOKESTATIC(kotlin.jvm.internal.Intrinsics{ void checkNotNullExpressionValue(java.lang.Object,java.lang.String) })",
      "programCounter" : 96
    }, {
      "stringRepresentation" : "ALOAD_3",
      "programCounter" : 99
    }, {
      "stringRepresentation" : "INVOKESTATIC(okhttp3.internal.HostnamesKt{ java.lang.String inet6AddressToAscii(byte[]) })",
      "programCounter" : 100
    }, {
      "stringRepresentation" : "ARETURN",
      "programCounter" : 103
    }, {
      "stringRepresentation" : "ALOAD_3",
      "programCounter" : 104
    }, {
      "stringRepresentation" : "ARRAYLENGTH",
      "programCounter" : 105
    }, {
      "stringRepresentation" : "ICONST_4",
      "programCounter" : 106
    }, {
      "stringRepresentation" : "IF_ICMPNE(8)",
      "programCounter" : 107
    }, {
      "stringRepresentation" : "ALOAD_2",
      "programCounter" : 110
    }, {
      "stringRepresentation" : "INVOKEVIRTUAL(java.net.InetAddress{ java.lang.String getHostAddress() })",
      "programCounter" : 111
    }, {
      "stringRepresentation" : "ARETURN",
      "programCounter" : 114
    }, {
      "stringRepresentation" : "NEW java.lang.AssertionError",
      "programCounter" : 115
    }, {
      "stringRepresentation" : "DUP",
      "programCounter" : 118
    }, {
      "stringRepresentation" : "NEW java.lang.StringBuilder",
      "programCounter" : 119
    }, {
      "stringRepresentation" : "DUP",
      "programCounter" : 122
    }, {
      "stringRepresentation" : "INVOKESPECIAL(java.lang.StringBuilder{ void <init>() })",
      "programCounter" : 123
    }, {
      "stringRepresentation" : "LoadString(\"Invalid IPv6 address: '\")",
      "programCounter" : 126
    }, {
      "stringRepresentation" : "INVOKEVIRTUAL(java.lang.StringBuilder{ java.lang.StringBuilder append(java.lang.String) })",
      "programCounter" : 128
    }, {
      "stringRepresentation" : "ALOAD_1",
      "programCounter" : 131
    }, {
      "stringRepresentation" : "INVOKEVIRTUAL(java.lang.StringBuilder{ java.lang.StringBuilder append(java.lang.String) })",
      "programCounter" : 132
    }, {
      "stringRepresentation" : "BIPUSH(39)",
      "programCounter" : 135
    }, {
      "stringRepresentation" : "INVOKEVIRTUAL(java.lang.StringBuilder{ java.lang.StringBuilder append(char) })",
      "programCounter" : 137
    }, {
      "stringRepresentation" : "INVOKEVIRTUAL(java.lang.StringBuilder{ java.lang.String toString() })",
      "programCounter" : 140
    }, {
      "stringRepresentation" : "INVOKESPECIAL(java.lang.AssertionError{ void <init>(java.lang.Object) })",
      "programCounter" : 143
    }, {
      "stringRepresentation" : "ATHROW",
      "programCounter" : 146
    }, {
      "stringRepresentation" : "NOP",
      "programCounter" : 147
    }, {
      "stringRepresentation" : "ALOAD_1",
      "programCounter" : 148
    }, {
      "stringRepresentation" : "INVOKESTATIC(java.net.IDN{ java.lang.String toASCII(java.lang.String) })",
      "programCounter" : 149
    }, {
      "stringRepresentation" : "DUP",
      "programCounter" : 152
    }, {
      "stringRepresentation" : "LoadString(\"toASCII(host)\")",
      "programCounter" : 153
    }, {
      "stringRepresentation" : "INVOKESTATIC(kotlin.jvm.internal.Intrinsics{ void checkNotNullExpressionValue(java.lang.Object,java.lang.String) })",
      "programCounter" : 155
    }, {
      "stringRepresentation" : "ASTORE_3",
      "programCounter" : 158
    }, {
      "stringRepresentation" : "get static java.util.Locale.US : java.util.Locale",
      "programCounter" : 159
    }, {
      "stringRepresentation" : "DUP",
      "programCounter" : 162
    }, {
      "stringRepresentation" : "LoadString(\"US\")",
      "programCounter" : 163
    }, {
      "stringRepresentation" : "INVOKESTATIC(kotlin.jvm.internal.Intrinsics{ void checkNotNullExpressionValue(java.lang.Object,java.lang.String) })",
      "programCounter" : 165
    }, {
      "stringRepresentation" : "ALOAD_3",
      "programCounter" : 168
    }, {
      "stringRepresentation" : "SWAP",
      "programCounter" : 169
    }, {
      "stringRepresentation" : "INVOKEVIRTUAL(java.lang.String{ java.lang.String toLowerCase(java.util.Locale) })",
      "programCounter" : 170
    }, {
      "stringRepresentation" : "DUP",
      "programCounter" : 173
    }, {
      "stringRepresentation" : "LoadString(\"this as java.lang.String).toLowerCase(locale)\")",
      "programCounter" : 174
    }, {
      "stringRepresentation" : "INVOKESTATIC(kotlin.jvm.internal.Intrinsics{ void checkNotNullExpressionValue(java.lang.Object,java.lang.String) })",
      "programCounter" : 176
    }, {
      "stringRepresentation" : "ASTORE_2",
      "programCounter" : 179
    }, {
      "stringRepresentation" : "ALOAD_2",
      "programCounter" : 180
    }, {
      "stringRepresentation" : "CHECKCAST(java.lang.CharSequence)",
      "programCounter" : 181
    }, {
      "stringRepresentation" : "INVOKEINTERFACE(java.lang.CharSequence{ int length() })",
      "programCounter" : 184
    }, {
      "stringRepresentation" : "IFNE(7)",
      "programCounter" : 189
    }, {
      "stringRepresentation" : "ICONST_1",
      "programCounter" : 192
    }, {
      "stringRepresentation" : "GOTO(4)",
      "programCounter" : 193
    }, {
      "stringRepresentation" : "ICONST_0",
      "programCounter" : 196
    }, {
      "stringRepresentation" : "IFEQ(5)",
      "programCounter" : 197
    }, {
      "stringRepresentation" : "ACONST_NULL",
      "programCounter" : 200
    }, {
      "stringRepresentation" : "ARETURN",
      "programCounter" : 201
    }, {
      "stringRepresentation" : "ALOAD_2",
      "programCounter" : 202
    }, {
      "stringRepresentation" : "INVOKESTATIC(okhttp3.internal.HostnamesKt{ boolean containsInvalidHostnameAsciiCodes(java.lang.String) })",
      "programCounter" : 203
    }, {
      "stringRepresentation" : "IFEQ(7)",
      "programCounter" : 206
    }, {
      "stringRepresentation" : "ACONST_NULL",
      "programCounter" : 209
    }, {
      "stringRepresentation" : "GOTO(4)",
      "programCounter" : 210
    }, {
      "stringRepresentation" : "ALOAD_2",
      "programCounter" : 213
    }, {
      "stringRepresentation" : "ARETURN",
      "programCounter" : 214
    }, {
      "stringRepresentation" : "ASTORE_2",
      "programCounter" : 215
    }, {
      "stringRepresentation" : "ACONST_NULL",
      "programCounter" : 216
    }, {
      "stringRepresentation" : "ARETURN",
      "programCounter" : 217
    } ]
  }, {
    "fullSignature" : "void writePingFrame$okhttp()",
    "numberOfTotalInstructions" : 96,
    "numberOfDeadInstructions" : 5,
    "enclosingTypeName" : "okhttp3.internal.ws.RealWebSocket",
    "deadInstructions" : [ {
      "stringRepresentation" : "ASTORE(4)",
      "programCounter" : 81
    }, {
      "stringRepresentation" : "ALOAD_3",
      "programCounter" : 83
    }, {
      "stringRepresentation" : "MONITOREXIT",
      "programCounter" : 84
    }, {
      "stringRepresentation" : "ALOAD(4)",
      "programCounter" : 85
    }, {
      "stringRepresentation" : "ATHROW",
      "programCounter" : 87
    } ]
  }, {
    "fullSignature" : "java.lang.String getEffectiveTldPlusOne(java.lang.String)",
    "numberOfTotalInstructions" : 72,
    "numberOfDeadInstructions" : 9,
    "enclosingTypeName" : "okhttp3.internal.publicsuffix.PublicSuffixDatabase",
    "deadInstructions" : [ {
      "stringRepresentation" : "ACONST_NULL",
      "programCounter" : 144
    }, {
      "stringRepresentation" : "ACONST_NULL",
      "programCounter" : 145
    }, {
      "stringRepresentation" : "ICONST_0",
      "programCounter" : 146
    }, {
      "stringRepresentation" : "ACONST_NULL",
      "programCounter" : 147
    }, {
      "stringRepresentation" : "ACONST_NULL",
      "programCounter" : 148
    }, {
      "stringRepresentation" : "BIPUSH(62)",
      "programCounter" : 149
    }, {
      "stringRepresentation" : "ACONST_NULL",
      "programCounter" : 151
    }, {
      "stringRepresentation" : "INVOKESTATIC(kotlin.sequences.SequencesKt{ java.lang.String joinToString$default(kotlin.sequences.Sequence,java.lang.CharSequence,java.lang.CharSequence,java.lang.CharSequence,int,java.lang.CharSequence,kotlin.jvm.functions.Function1,int,java.lang.Object) })",
      "programCounter" : 152
    }, {
      "stringRepresentation" : "ARETURN",
      "programCounter" : 155
    } ]
  }, {
    "fullSignature" : "boolean verifyHostname(java.lang.String,java.lang.String)",
    "numberOfTotalInstructions" : 181,
    "numberOfDeadInstructions" : 81,
    "enclosingTypeName" : "okhttp3.internal.tls.OkHostnameVerifier",
    "deadInstructions" : [ {
      "stringRepresentation" : "ICONST_0",
      "programCounter" : 203
    }, {
      "stringRepresentation" : "ICONST_2",
      "programCounter" : 204
    }, {
      "stringRepresentation" : "ACONST_NULL",
      "programCounter" : 205
    }, {
      "stringRepresentation" : "INVOKESTATIC(kotlin.text.StringsKt{ boolean contains$default(java.lang.CharSequence,java.lang.CharSequence,boolean,int,java.lang.Object) })",
      "programCounter" : 206
    }, {
      "stringRepresentation" : "IFNE(10)",
      "programCounter" : 209
    }, {
      "stringRepresentation" : "ALOAD_3",
      "programCounter" : 212
    }, {
      "stringRepresentation" : "ALOAD(4)",
      "programCounter" : 213
    }, {
      "stringRepresentation" : "INVOKESTATIC(kotlin.jvm.internal.Intrinsics{ boolean areEqual(java.lang.Object,java.lang.Object) })",
      "programCounter" : 215
    }, {
      "stringRepresentation" : "IRETURN",
      "programCounter" : 218
    }, {
      "stringRepresentation" : "ALOAD(4)",
      "programCounter" : 219
    }, {
      "stringRepresentation" : "LoadString(\"*.\")",
      "programCounter" : 221
    }, {
      "stringRepresentation" : "ICONST_0",
      "programCounter" : 223
    }, {
      "stringRepresentation" : "ICONST_2",
      "programCounter" : 224
    }, {
      "stringRepresentation" : "ACONST_NULL",
      "programCounter" : 225
    }, {
      "stringRepresentation" : "INVOKESTATIC(kotlin.text.StringsKt{ boolean startsWith$default(java.lang.String,java.lang.String,boolean,int,java.lang.Object) })",
      "programCounter" : 226
    }, {
      "stringRepresentation" : "IFEQ(21)",
      "programCounter" : 229
    }, {
      "stringRepresentation" : "ALOAD(4)",
      "programCounter" : 232
    }, {
      "stringRepresentation" : "CHECKCAST(java.lang.CharSequence)",
      "programCounter" : 234
    }, {
      "stringRepresentation" : "BIPUSH(42)",
      "programCounter" : 237
    }, {
      "stringRepresentation" : "ICONST_1",
      "programCounter" : 239
    }, {
      "stringRepresentation" : "ICONST_0",
      "programCounter" : 240
    }, {
      "stringRepresentation" : "ICONST_4",
      "programCounter" : 241
    }, {
      "stringRepresentation" : "ACONST_NULL",
      "programCounter" : 242
    }, {
      "stringRepresentation" : "INVOKESTATIC(kotlin.text.StringsKt{ int indexOf$default(java.lang.CharSequence,char,int,boolean,int,java.lang.Object) })",
      "programCounter" : 243
    }, {
      "stringRepresentation" : "ICONST_M1",
      "programCounter" : 246
    }, {
      "stringRepresentation" : "IF_ICMPEQ(5)",
      "programCounter" : 247
    }, {
      "stringRepresentation" : "ICONST_0",
      "programCounter" : 250
    }, {
      "stringRepresentation" : "IRETURN",
      "programCounter" : 251
    }, {
      "stringRepresentation" : "ALOAD_3",
      "programCounter" : 252
    }, {
      "stringRepresentation" : "INVOKEVIRTUAL(java.lang.String{ int length() })",
      "programCounter" : 253
    }, {
      "stringRepresentation" : "ALOAD(4)",
      "programCounter" : 256
    }, {
      "stringRepresentation" : "INVOKEVIRTUAL(java.lang.String{ int length() })",
      "programCounter" : 258
    }, {
      "stringRepresentation" : "IF_ICMPGE(5)",
      "programCounter" : 261
    }, {
      "stringRepresentation" : "ICONST_0",
      "programCounter" : 264
    }, {
      "stringRepresentation" : "IRETURN",
      "programCounter" : 265
    }, {
      "stringRepresentation" : "LoadString(\"*.\")",
      "programCounter" : 266
    }, {
      "stringRepresentation" : "ALOAD(4)",
      "programCounter" : 268
    }, {
      "stringRepresentation" : "INVOKESTATIC(kotlin.jvm.internal.Intrinsics{ boolean areEqual(java.lang.Object,java.lang.Object) })",
      "programCounter" : 270
    }, {
      "stringRepresentation" : "IFEQ(5)",
      "programCounter" : 273
    }, {
      "stringRepresentation" : "ICONST_0",
      "programCounter" : 276
    }, {
      "stringRepresentation" : "IRETURN",
      "programCounter" : 277
    }, {
      "stringRepresentation" : "ALOAD(4)",
      "programCounter" : 278
    }, {
      "stringRepresentation" : "ICONST_1",
      "programCounter" : 280
    }, {
      "stringRepresentation" : "INVOKEVIRTUAL(java.lang.String{ java.lang.String substring(int) })",
      "programCounter" : 281
    }, {
      "stringRepresentation" : "DUP",
      "programCounter" : 284
    }, {
      "stringRepresentation" : "LoadString(\"this as java.lang.String).substring(startIndex)\")",
      "programCounter" : 285
    }, {
      "stringRepresentation" : "INVOKESTATIC(kotlin.jvm.internal.Intrinsics{ void checkNotNullExpressionValue(java.lang.Object,java.lang.String) })",
      "programCounter" : 287
    }, {
      "stringRepresentation" : "ASTORE(5)",
      "programCounter" : 290
    }, {
      "stringRepresentation" : "ALOAD_3",
      "programCounter" : 292
    }, {
      "stringRepresentation" : "ALOAD(5)",
      "programCounter" : 293
    }, {
      "stringRepresentation" : "ICONST_0",
      "programCounter" : 295
    }, {
      "stringRepresentation" : "ICONST_2",
      "programCounter" : 296
    }, {
      "stringRepresentation" : "ACONST_NULL",
      "programCounter" : 297
    }, {
      "stringRepresentation" : "INVOKESTATIC(kotlin.text.StringsKt{ boolean endsWith$default(java.lang.String,java.lang.String,boolean,int,java.lang.Object) })",
      "programCounter" : 298
    }, {
      "stringRepresentation" : "IFNE(5)",
      "programCounter" : 301
    }, {
      "stringRepresentation" : "ICONST_0",
      "programCounter" : 304
    }, {
      "stringRepresentation" : "IRETURN",
      "programCounter" : 305
    }, {
      "stringRepresentation" : "ALOAD_3",
      "programCounter" : 306
    }, {
      "stringRepresentation" : "INVOKEVIRTUAL(java.lang.String{ int length() })",
      "programCounter" : 307
    }, {
      "stringRepresentation" : "ALOAD(5)",
      "programCounter" : 310
    }, {
      "stringRepresentation" : "INVOKEVIRTUAL(java.lang.String{ int length() })",
      "programCounter" : 312
    }, {
      "stringRepresentation" : "ISUB",
      "programCounter" : 315
    }, {
      "stringRepresentation" : "ISTORE(6)",
      "programCounter" : 316
    }, {
      "stringRepresentation" : "ILOAD(6)",
      "programCounter" : 318
    }, {
      "stringRepresentation" : "IFLE(25)",
      "programCounter" : 320
    }, {
      "stringRepresentation" : "ALOAD_3",
      "programCounter" : 323
    }, {
      "stringRepresentation" : "CHECKCAST(java.lang.CharSequence)",
      "programCounter" : 324
    }, {
      "stringRepresentation" : "BIPUSH(46)",
      "programCounter" : 327
    }, {
      "stringRepresentation" : "ILOAD(6)",
      "programCounter" : 329
    }, {
      "stringRepresentation" : "ICONST_1",
      "programCounter" : 331
    }, {
      "stringRepresentation" : "ISUB",
      "programCounter" : 332
    }, {
      "stringRepresentation" : "ICONST_0",
      "programCounter" : 333
    }, {
      "stringRepresentation" : "ICONST_4",
      "programCounter" : 334
    }, {
      "stringRepresentation" : "ACONST_NULL",
      "programCounter" : 335
    }, {
      "stringRepresentation" : "INVOKESTATIC(kotlin.text.StringsKt{ int lastIndexOf$default(java.lang.CharSequence,char,int,boolean,int,java.lang.Object) })",
      "programCounter" : 336
    }, {
      "stringRepresentation" : "ICONST_M1",
      "programCounter" : 339
    }, {
      "stringRepresentation" : "IF_ICMPEQ(5)",
      "programCounter" : 340
    }, {
      "stringRepresentation" : "ICONST_0",
      "programCounter" : 343
    }, {
      "stringRepresentation" : "IRETURN",
      "programCounter" : 344
    }, {
      "stringRepresentation" : "ICONST_1",
      "programCounter" : 345
    }, {
      "stringRepresentation" : "IRETURN",
      "programCounter" : 346
    } ]
  }, {
    "fullSignature" : "boolean isHealthy(boolean)",
    "numberOfTotalInstructions" : 101,
    "numberOfDeadInstructions" : 5,
    "enclosingTypeName" : "okhttp3.internal.connection.RealConnection",
    "deadInstructions" : [ {
      "stringRepresentation" : "ASTORE(11)",
      "programCounter" : 173
    }, {
      "stringRepresentation" : "ALOAD(10)",
      "programCounter" : 175
    }, {
      "stringRepresentation" : "MONITOREXIT",
      "programCounter" : 177
    }, {
      "stringRepresentation" : "ALOAD(11)",
      "programCounter" : 178
    }, {
      "stringRepresentation" : "ATHROW",
      "programCounter" : 180
    } ]
  } ]
}