{
  "filesAnalyzed" : [ "benchmark/jars/core-3.5.3.jar" ],
  "domainUsed" : "org.opalj.ai.domain.l0.BaseDomain",
  "timeFinished" : "2025-07-01T10:16:03.026809",
  "totalRuntimeMs" : 165,
  "methodsFound" : [ {
    "fullSignature" : "java.util.List processStructuredAppend(java.util.List)",
    "numberOfTotalInstructions" : 131,
    "numberOfDeadInstructions" : 1,
    "enclosingTypeName" : "com.google.zxing.multi.qrcode.QRCodeMultiReader",
    "deadInstructions" : [ {
      "stringRepresentation" : "GOTO(-118)",
      "programCounter" : 258
    } ]
  }, {
    "fullSignature" : "void doDecodeMultiple(com.google.zxing.BinaryBitmap,java.util.Map,java.util.List,int,int,int)",
    "numberOfTotalInstructions" : 219,
    "numberOfDeadInstructions" : 1,
    "enclosingTypeName" : "com.google.zxing.multi.GenericMultipleBarcodeReader",
    "deadInstructions" : [ {
      "stringRepresentation" : "GOTO(-44)",
      "programCounter" : 81
    } ]
  }, {
    "fullSignature" : "com.google.zxing.common.BitMatrix sampleGrid(com.google.zxing.common.BitMatrix,int,int,com.google.zxing.common.PerspectiveTransform)",
    "numberOfTotalInstructions" : 92,
    "numberOfDeadInstructions" : 1,
    "enclosingTypeName" : "com.google.zxing.common.DefaultGridSampler",
    "deadInstructions" : [ {
      "stringRepresentation" : "GOTO(9)",
      "programCounter" : 151
    } ]
  }, {
    "fullSignature" : "com.google.zxing.qrcode.detector.AlignmentPattern handlePossibleCenter(int[],int,int)",
    "numberOfTotalInstructions" : 91,
    "numberOfDeadInstructions" : 1,
    "enclosingTypeName" : "com.google.zxing.qrcode.detector.AlignmentPatternFinder",
    "deadInstructions" : [ {
      "stringRepresentation" : "GOTO(-48)",
      "programCounter" : 121
    } ]
  }, {
    "fullSignature" : "com.google.zxing.qrcode.encoder.QRCode encode(java.lang.String,com.google.zxing.qrcode.decoder.ErrorCorrectionLevel,java.util.Map)",
    "numberOfTotalInstructions" : 271,
    "numberOfDeadInstructions" : 1,
    "enclosingTypeName" : "com.google.zxing.qrcode.encoder.Encoder",
    "deadInstructions" : [ {
      "stringRepresentation" : "GOTO(14)",
      "programCounter" : 362
    } ]
  }, {
    "fullSignature" : "com.google.zxing.common.BitArray getBlackRow(int,com.google.zxing.common.BitArray)",
    "numberOfTotalInstructions" : 125,
    "numberOfDeadInstructions" : 1,
    "enclosingTypeName" : "com.google.zxing.common.GlobalHistogramBinarizer",
    "deadInstructions" : [ {
      "stringRepresentation" : "GOTO(85)",
      "programCounter" : 147
    } ]
  }, {
    "fullSignature" : "int[] blackWhiteRange(int,int,int,int,boolean)",
    "numberOfTotalInstructions" : 138,
    "numberOfDeadInstructions" : 2,
    "enclosingTypeName" : "com.google.zxing.common.detector.MonochromeRectangleDetector",
    "deadInstructions" : [ {
      "stringRepresentation" : "GOTO(-119)",
      "programCounter" : 131
    }, {
      "stringRepresentation" : "GOTO(-122)",
      "programCounter" : 263
    } ]
  }, {
    "fullSignature" : "boolean containsBlackPoint(int,int,int,boolean)",
    "numberOfTotalInstructions" : 35,
    "numberOfDeadInstructions" : 1,
    "enclosingTypeName" : "com.google.zxing.common.detector.WhiteRectangleDetector",
    "deadInstructions" : [ {
      "stringRepresentation" : "GOTO(33)",
      "programCounter" : 35
    } ]
  }, {
    "fullSignature" : "com.google.zxing.common.reedsolomon.GenericGFPoly[] runEuclideanAlgorithm(com.google.zxing.common.reedsolomon.GenericGFPoly,com.google.zxing.common.reedsolomon.GenericGFPoly,int)",
    "numberOfTotalInstructions" : 163,
    "numberOfDeadInstructions" : 1,
    "enclosingTypeName" : "com.google.zxing.common.reedsolomon.ReedSolomonDecoder",
    "deadInstructions" : [ {
      "stringRepresentation" : "GOTO(-238)",
      "programCounter" : 281
    } ]
  }, {
    "fullSignature" : "boolean[] extractBits(com.google.zxing.common.BitMatrix)",
    "numberOfTotalInstructions" : 243,
    "numberOfDeadInstructions" : 1,
    "enclosingTypeName" : "com.google.zxing.aztec.decoder.Decoder",
    "deadInstructions" : [ {
      "stringRepresentation" : "GOTO(91)",
      "programCounter" : 76
    } ]
  }, {
    "fullSignature" : "void drawModeMessage(com.google.zxing.common.BitMatrix,boolean,int,com.google.zxing.common.BitArray)",
    "numberOfTotalInstructions" : 130,
    "numberOfDeadInstructions" : 1,
    "enclosingTypeName" : "com.google.zxing.aztec.encoder.Encoder",
    "deadInstructions" : [ {
      "stringRepresentation" : "GOTO(122)",
      "programCounter" : 119
    } ]
  }, {
    "fullSignature" : "void <init>(java.lang.String,java.nio.charset.Charset,int)",
    "numberOfTotalInstructions" : 194,
    "numberOfDeadInstructions" : 2,
    "enclosingTypeName" : "com.google.zxing.common.ECIEncoderSet",
    "deadInstructions" : [ {
      "stringRepresentation" : "GOTO(-52)",
      "programCounter" : 126
    }, {
      "stringRepresentation" : "GOTO(-52)",
      "programCounter" : 196
    } ]
  }, {
    "fullSignature" : "void <init>(java.lang.String,java.nio.charset.Charset,int)",
    "numberOfTotalInstructions" : 52,
    "numberOfDeadInstructions" : 1,
    "enclosingTypeName" : "com.google.zxing.common.MinimalECIInput",
    "deadInstructions" : [ {
      "stringRepresentation" : "GOTO(14)",
      "programCounter" : 88
    } ]
  }, {
    "fullSignature" : "com.google.zxing.client.result.GeoParsedResult parse(com.google.zxing.Result)",
    "numberOfTotalInstructions" : 76,
    "numberOfDeadInstructions" : 1,
    "enclosingTypeName" : "com.google.zxing.client.result.GeoResultParser",
    "deadInstructions" : [ {
      "stringRepresentation" : "GOTO(7)",
      "programCounter" : 122
    } ]
  }, {
    "fullSignature" : "void encode(com.google.zxing.datamatrix.encoder.EncoderContext)",
    "numberOfTotalInstructions" : 136,
    "numberOfDeadInstructions" : 1,
    "enclosingTypeName" : "com.google.zxing.datamatrix.encoder.Base256Encoder",
    "deadInstructions" : [ {
      "stringRepresentation" : "GOTO(-62)",
      "programCounter" : 76
    } ]
  }, {
    "fullSignature" : "void encode(com.google.zxing.datamatrix.encoder.EncoderContext)",
    "numberOfTotalInstructions" : 59,
    "numberOfDeadInstructions" : 1,
    "enclosingTypeName" : "com.google.zxing.datamatrix.encoder.EdifactEncoder",
    "deadInstructions" : [ {
      "stringRepresentation" : "GOTO(-88)",
      "programCounter" : 96
    } ]
  }, {
    "fullSignature" : "int getMinSymbolSize(int)",
    "numberOfTotalInstructions" : 78,
    "numberOfDeadInstructions" : 1,
    "enclosingTypeName" : "com.google.zxing.datamatrix.encoder.MinimalEncoder$Edge",
    "deadInstructions" : [ {
      "stringRepresentation" : "GOTO(40)",
      "programCounter" : 77
    } ]
  }, {
    "fullSignature" : "boolean[] encode(java.lang.String)",
    "numberOfTotalInstructions" : 129,
    "numberOfDeadInstructions" : 1,
    "enclosingTypeName" : "com.google.zxing.oned.EAN8Writer",
    "deadInstructions" : [ {
      "stringRepresentation" : "GOTO(42)",
      "programCounter" : 91
    } ]
  }, {
    "fullSignature" : "void encode(com.google.zxing.datamatrix.encoder.EncoderContext)",
    "numberOfTotalInstructions" : 53,
    "numberOfDeadInstructions" : 1,
    "enclosingTypeName" : "com.google.zxing.datamatrix.encoder.X12Encoder",
    "deadInstructions" : [ {
      "stringRepresentation" : "GOTO(-81)",
      "programCounter" : 89
    } ]
  }, {
    "fullSignature" : "void encode(com.google.zxing.datamatrix.encoder.EncoderContext)",
    "numberOfTotalInstructions" : 114,
    "numberOfDeadInstructions" : 1,
    "enclosingTypeName" : "com.google.zxing.datamatrix.encoder.C40Encoder",
    "deadInstructions" : [ {
      "stringRepresentation" : "GOTO(-195)",
      "programCounter" : 203
    } ]
  }, {
    "fullSignature" : "int lookAheadTest(java.lang.CharSequence,int,int)",
    "numberOfTotalInstructions" : 62,
    "numberOfDeadInstructions" : 1,
    "enclosingTypeName" : "com.google.zxing.datamatrix.encoder.HighLevelEncoder",
    "deadInstructions" : [ {
      "stringRepresentation" : "GOTO(59)",
      "programCounter" : 63
    } ]
  }, {
    "fullSignature" : "int lookAheadTestIntern(java.lang.CharSequence,int,int)",
    "numberOfTotalInstructions" : 522,
    "numberOfDeadInstructions" : 1,
    "enclosingTypeName" : "com.google.zxing.datamatrix.encoder.HighLevelEncoder",
    "deadInstructions" : [ {
      "stringRepresentation" : "GOTO(-704)",
      "programCounter" : 802
    } ]
  }, {
    "fullSignature" : "boolean[] encode(java.lang.String)",
    "numberOfTotalInstructions" : 134,
    "numberOfDeadInstructions" : 1,
    "enclosingTypeName" : "com.google.zxing.oned.UPCEWriter",
    "deadInstructions" : [ {
      "stringRepresentation" : "GOTO(42)",
      "programCounter" : 97
    } ]
  }, {
    "fullSignature" : "boolean[] produceResult(java.util.Collection,int)",
    "numberOfTotalInstructions" : 82,
    "numberOfDeadInstructions" : 1,
    "enclosingTypeName" : "com.google.zxing.oned.Code128Writer",
    "deadInstructions" : [ {
      "stringRepresentation" : "GOTO(-57)",
      "programCounter" : 110
    } ]
  }, {
    "fullSignature" : "int toPattern(int[])",
    "numberOfTotalInstructions" : 77,
    "numberOfDeadInstructions" : 1,
    "enclosingTypeName" : "com.google.zxing.oned.Code93Reader",
    "deadInstructions" : [ {
      "stringRepresentation" : "GOTO(8)",
      "programCounter" : 106
    } ]
  }, {
    "fullSignature" : "boolean isPartialRow(java.lang.Iterable,java.lang.Iterable)",
    "numberOfTotalInstructions" : 56,
    "numberOfDeadInstructions" : 3,
    "enclosingTypeName" : "com.google.zxing.oned.rss.expanded.RSSExpandedReader",
    "deadInstructions" : [ {
      "stringRepresentation" : "GOTO(-38)",
      "programCounter" : 111
    }, {
      "stringRepresentation" : "GOTO(-88)",
      "programCounter" : 125
    }, {
      "stringRepresentation" : "GOTO(-128)",
      "programCounter" : 135
    } ]
  }, {
    "fullSignature" : "void removePartialRows(java.util.Collection,java.util.Collection)",
    "numberOfTotalInstructions" : 43,
    "numberOfDeadInstructions" : 1,
    "enclosingTypeName" : "com.google.zxing.oned.rss.expanded.RSSExpandedReader",
    "deadInstructions" : [ {
      "stringRepresentation" : "GOTO(-39)",
      "programCounter" : 97
    } ]
  }, {
    "fullSignature" : "void decodeMiddle(com.google.zxing.common.BitArray,int,int,java.lang.StringBuilder)",
    "numberOfTotalInstructions" : 83,
    "numberOfDeadInstructions" : 1,
    "enclosingTypeName" : "com.google.zxing.oned.ITFReader",
    "deadInstructions" : [ {
      "stringRepresentation" : "GOTO(-128)",
      "programCounter" : 144
    } ]
  }, {
    "fullSignature" : "java.lang.String toString()",
    "numberOfTotalInstructions" : 145,
    "numberOfDeadInstructions" : 8,
    "enclosingTypeName" : "com.google.zxing.pdf417.decoder.DetectionResult",
    "deadInstructions" : [ {
      "stringRepresentation" : "ALOAD_2",
      "programCounter" : 207
    }, {
      "stringRepresentation" : "INVOKEVIRTUAL(java.util.Formatter{ void close() })",
      "programCounter" : 208
    }, {
      "stringRepresentation" : "GOTO(18)",
      "programCounter" : 211
    }, {
      "stringRepresentation" : "ASTORE(5)",
      "programCounter" : 214
    }, {
      "stringRepresentation" : "ALOAD_3",
      "programCounter" : 216
    }, {
      "stringRepresentation" : "ALOAD(5)",
      "programCounter" : 217
    }, {
      "stringRepresentation" : "INVOKEVIRTUAL(java.lang.Throwable{ void addSuppressed(java.lang.Throwable) })",
      "programCounter" : 219
    }, {
      "stringRepresentation" : "GOTO(7)",
      "programCounter" : 222
    } ]
  }, {
    "fullSignature" : "int byteCompaction(int,int[],int,com.google.zxing.common.ECIStringBuilder)",
    "numberOfTotalInstructions" : 144,
    "numberOfDeadInstructions" : 1,
    "enclosingTypeName" : "com.google.zxing.pdf417.decoder.DecodedBitStreamParser",
    "deadInstructions" : [ {
      "stringRepresentation" : "GOTO(-174)",
      "programCounter" : 177
    } ]
  }, {
    "fullSignature" : "java.lang.String toString(com.google.zxing.pdf417.decoder.BarcodeValue[][])",
    "numberOfTotalInstructions" : 122,
    "numberOfDeadInstructions" : 8,
    "enclosingTypeName" : "com.google.zxing.pdf417.decoder.PDF417ScanningDecoder",
    "deadInstructions" : [ {
      "stringRepresentation" : "ALOAD_1",
      "programCounter" : 154
    }, {
      "stringRepresentation" : "INVOKEVIRTUAL(java.util.Formatter{ void close() })",
      "programCounter" : 155
    }, {
      "stringRepresentation" : "GOTO(18)",
      "programCounter" : 158
    }, {
      "stringRepresentation" : "ASTORE(4)",
      "programCounter" : 161
    }, {
      "stringRepresentation" : "ALOAD_2",
      "programCounter" : 163
    }, {
      "stringRepresentation" : "ALOAD(4)",
      "programCounter" : 164
    }, {
      "stringRepresentation" : "INVOKEVIRTUAL(java.lang.Throwable{ void addSuppressed(java.lang.Throwable) })",
      "programCounter" : 166
    }, {
      "stringRepresentation" : "GOTO(7)",
      "programCounter" : 169
    } ]
  }, {
    "fullSignature" : "void addOrTally(java.util.Collection,com.google.zxing.oned.rss.Pair)",
    "numberOfTotalInstructions" : 33,
    "numberOfDeadInstructions" : 1,
    "enclosingTypeName" : "com.google.zxing.oned.rss.RSS14Reader",
    "deadInstructions" : [ {
      "stringRepresentation" : "GOTO(-42)",
      "programCounter" : 56
    } ]
  }, {
    "fullSignature" : "com.google.zxing.Result decodeRow(int,com.google.zxing.common.BitArray,java.util.Map)",
    "numberOfTotalInstructions" : 68,
    "numberOfDeadInstructions" : 2,
    "enclosingTypeName" : "com.google.zxing.oned.rss.RSS14Reader",
    "deadInstructions" : [ {
      "stringRepresentation" : "GOTO(-49)",
      "programCounter" : 148
    }, {
      "stringRepresentation" : "GOTO(-94)",
      "programCounter" : 151
    } ]
  }, {
    "fullSignature" : "com.google.zxing.ResultPoint[] findRowsWithPattern(com.google.zxing.common.BitMatrix,int,int,int,int,int,int[])",
    "numberOfTotalInstructions" : 186,
    "numberOfDeadInstructions" : 1,
    "enclosingTypeName" : "com.google.zxing.pdf417.detector.Detector",
    "deadInstructions" : [ {
      "stringRepresentation" : "GOTO(-39)",
      "programCounter" : 79
    } ]
  } ]
}