{
  "filesAnalyzed" : [ "benchmark/jars/core-3.5.3.jar" ],
  "domainUsed" : "org.opalj.ai.domain.l1.DefaultIntervalValuesDomain",
  "timeFinished" : "2025-07-01T10:15:55.5094028",
  "totalRuntimeMs" : 1079,
  "methodsFound" : [ {
    "fullSignature" : "com.google.zxing.common.DecoderResult decode(byte[],int)",
    "numberOfTotalInstructions" : 134,
    "numberOfDeadInstructions" : 25,
    "enclosingTypeName" : "com.google.zxing.maxicode.decoder.DecodedBitStreamParser",
    "deadInstructions" : [ {
      "stringRepresentation" : "ALOAD_0",
      "programCounter" : 49
    }, {
      "stringRepresentation" : "INVOKESTATIC(com.google.zxing.maxicode.decoder.DecodedBitStreamParser{ int getPostCode2(byte[]) })",
      "programCounter" : 50
    }, {
      "stringRepresentation" : "ISTORE(4)",
      "programCounter" : 53
    }, {
      "stringRepresentation" : "ALOAD_0",
      "programCounter" : 55
    }, {
      "stringRepresentation" : "INVOKESTATIC(com.google.zxing.maxicode.decoder.DecodedBitStreamParser{ int getPostCode2Length(byte[]) })",
      "programCounter" : 56
    }, {
      "stringRepresentation" : "ISTORE(5)",
      "programCounter" : 59
    }, {
      "stringRepresentation" : "ILOAD(5)",
      "programCounter" : 61
    }, {
      "stringRepresentation" : "BIPUSH(10)",
      "programCounter" : 63
    }, {
      "stringRepresentation" : "IF_ICMPLE(7)",
      "programCounter" : 65
    }, {
      "stringRepresentation" : "INVOKESTATIC(com.google.zxing.FormatException{ com.google.zxing.FormatException getFormatInstance() })",
      "programCounter" : 68
    }, {
      "stringRepresentation" : "ATHROW",
      "programCounter" : 71
    }, {
      "stringRepresentation" : "NEW java.text.DecimalFormat",
      "programCounter" : 72
    }, {
      "stringRepresentation" : "DUP",
      "programCounter" : 75
    }, {
      "stringRepresentation" : "LoadString(\"0000000000\")",
      "programCounter" : 76
    }, {
      "stringRepresentation" : "ICONST_0",
      "programCounter" : 78
    }, {
      "stringRepresentation" : "ILOAD(5)",
      "programCounter" : 79
    }, {
      "stringRepresentation" : "INVOKEVIRTUAL(java.lang.String{ java.lang.String substring(int,int) })",
      "programCounter" : 81
    }, {
      "stringRepresentation" : "INVOKESPECIAL(java.text.DecimalFormat{ void <init>(java.lang.String) })",
      "programCounter" : 84
    }, {
      "stringRepresentation" : "ASTORE(6)",
      "programCounter" : 87
    }, {
      "stringRepresentation" : "ALOAD(6)",
      "programCounter" : 89
    }, {
      "stringRepresentation" : "ILOAD(4)",
      "programCounter" : 91
    }, {
      "stringRepresentation" : "I2L",
      "programCounter" : 93
    }, {
      "stringRepresentation" : "INVOKEVIRTUAL(java.text.NumberFormat{ java.lang.String format(long) })",
      "programCounter" : 94
    }, {
      "stringRepresentation" : "ASTORE_3",
      "programCounter" : 97
    }, {
      "stringRepresentation" : "GOTO(8)",
      "programCounter" : 98
    } ]
  }, {
    "fullSignature" : "com.google.zxing.qrcode.detector.AlignmentPattern handlePossibleCenter(int[],int,int)",
    "numberOfTotalInstructions" : 91,
    "numberOfDeadInstructions" : 1,
    "enclosingTypeName" : "com.google.zxing.qrcode.detector.AlignmentPatternFinder",
    "deadInstructions" : [ {
      "stringRepresentation" : "GOTO(-48)",
      "programCounter" : 121
    } ]
  }, {
    "fullSignature" : "java.util.List processStructuredAppend(java.util.List)",
    "numberOfTotalInstructions" : 131,
    "numberOfDeadInstructions" : 1,
    "enclosingTypeName" : "com.google.zxing.multi.qrcode.QRCodeMultiReader",
    "deadInstructions" : [ {
      "stringRepresentation" : "GOTO(-118)",
      "programCounter" : 258
    } ]
  }, {
    "fullSignature" : "boolean containsBlackPoint(int,int,int,boolean)",
    "numberOfTotalInstructions" : 35,
    "numberOfDeadInstructions" : 1,
    "enclosingTypeName" : "com.google.zxing.common.detector.WhiteRectangleDetector",
    "deadInstructions" : [ {
      "stringRepresentation" : "GOTO(33)",
      "programCounter" : 35
    } ]
  }, {
    "fullSignature" : "com.google.zxing.client.result.GeoParsedResult parse(com.google.zxing.Result)",
    "numberOfTotalInstructions" : 76,
    "numberOfDeadInstructions" : 1,
    "enclosingTypeName" : "com.google.zxing.client.result.GeoResultParser",
    "deadInstructions" : [ {
      "stringRepresentation" : "GOTO(7)",
      "programCounter" : 122
    } ]
  }, {
    "fullSignature" : "com.google.zxing.common.reedsolomon.GenericGFPoly[] runEuclideanAlgorithm(com.google.zxing.common.reedsolomon.GenericGFPoly,com.google.zxing.common.reedsolomon.GenericGFPoly,int)",
    "numberOfTotalInstructions" : 163,
    "numberOfDeadInstructions" : 1,
    "enclosingTypeName" : "com.google.zxing.common.reedsolomon.ReedSolomonDecoder",
    "deadInstructions" : [ {
      "stringRepresentation" : "GOTO(-238)",
      "programCounter" : 281
    } ]
  }, {
    "fullSignature" : "int lookAheadTest(java.lang.CharSequence,int,int)",
    "numberOfTotalInstructions" : 62,
    "numberOfDeadInstructions" : 1,
    "enclosingTypeName" : "com.google.zxing.datamatrix.encoder.HighLevelEncoder",
    "deadInstructions" : [ {
      "stringRepresentation" : "GOTO(59)",
      "programCounter" : 63
    } ]
  }, {
    "fullSignature" : "void encode(com.google.zxing.datamatrix.encoder.EncoderContext)",
    "numberOfTotalInstructions" : 114,
    "numberOfDeadInstructions" : 1,
    "enclosingTypeName" : "com.google.zxing.datamatrix.encoder.C40Encoder",
    "deadInstructions" : [ {
      "stringRepresentation" : "GOTO(-195)",
      "programCounter" : 203
    } ]
  }, {
    "fullSignature" : "void encode(com.google.zxing.datamatrix.encoder.EncoderContext)",
    "numberOfTotalInstructions" : 53,
    "numberOfDeadInstructions" : 1,
    "enclosingTypeName" : "com.google.zxing.datamatrix.encoder.X12Encoder",
    "deadInstructions" : [ {
      "stringRepresentation" : "GOTO(-81)",
      "programCounter" : 89
    } ]
  }, {
    "fullSignature" : "void encode(com.google.zxing.datamatrix.encoder.EncoderContext)",
    "numberOfTotalInstructions" : 59,
    "numberOfDeadInstructions" : 1,
    "enclosingTypeName" : "com.google.zxing.datamatrix.encoder.EdifactEncoder",
    "deadInstructions" : [ {
      "stringRepresentation" : "GOTO(-88)",
      "programCounter" : 96
    } ]
  }, {
    "fullSignature" : "void addOrTally(java.util.Collection,com.google.zxing.oned.rss.Pair)",
    "numberOfTotalInstructions" : 33,
    "numberOfDeadInstructions" : 1,
    "enclosingTypeName" : "com.google.zxing.oned.rss.RSS14Reader",
    "deadInstructions" : [ {
      "stringRepresentation" : "GOTO(-42)",
      "programCounter" : 56
    } ]
  }, {
    "fullSignature" : "com.google.zxing.Result decodeRow(int,com.google.zxing.common.BitArray,java.util.Map)",
    "numberOfTotalInstructions" : 68,
    "numberOfDeadInstructions" : 2,
    "enclosingTypeName" : "com.google.zxing.oned.rss.RSS14Reader",
    "deadInstructions" : [ {
      "stringRepresentation" : "GOTO(-49)",
      "programCounter" : 148
    }, {
      "stringRepresentation" : "GOTO(-94)",
      "programCounter" : 151
    } ]
  }, {
    "fullSignature" : "void removePartialRows(java.util.Collection,java.util.Collection)",
    "numberOfTotalInstructions" : 43,
    "numberOfDeadInstructions" : 1,
    "enclosingTypeName" : "com.google.zxing.oned.rss.expanded.RSSExpandedReader",
    "deadInstructions" : [ {
      "stringRepresentation" : "GOTO(-39)",
      "programCounter" : 97
    } ]
  } ]
}