{
  "project" : [ "benchmark/jbang-0.0.1.1.jar" ],
  "analysis" : [ {
    "library" : "benchmark/lib/commons-compress-1.27.1.jar",
    "totalMethods" : 3602,
    "usedMethods" : 1625,
    "usageRatio" : 0.45113825652415324
  }, {
    "library" : "benchmark/lib/commons-text-1.11.0.jar",
    "totalMethods" : 1115,
    "usedMethods" : 364,
    "usageRatio" : 0.32645739910313903
  }, {
    "library" : "benchmark/lib/context-2.4.20.jar",
    "totalMethods" : 186,
    "usedMethods" : 51,
    "usageRatio" : 0.27419354838709675
  }, {
    "library" : "benchmark/lib/devkitman-0.1.2.jar",
    "totalMethods" : 431,
    "usedMethods" : 321,
    "usageRatio" : 0.7447795823665894
  }, {
    "library" : "benchmark/lib/gson-2.12.1.jar",
    "totalMethods" : 855,
    "usedMethods" : 629,
    "usageRatio" : 0.735672514619883
  }, {
    "library" : "benchmark/lib/jandex-2.2.3.Final.jar",
    "totalMethods" : 556,
    "usedMethods" : 328,
    "usageRatio" : 0.5899280575539568
  }, {
    "library" : "benchmark/lib/java-properties-0.0.7.jar",
    "totalMethods" : 228,
    "usedMethods" : 143,
    "usageRatio" : 0.6271929824561403
  }, {
    "library" : "benchmark/lib/jcl-over-slf4j-1.7.36.jar",
    "totalMethods" : 123,
    "usedMethods" : 0,
    "usageRatio" : 0
  }, {
    "library" : "benchmark/lib/jsoup-1.17.1.jar",
    "totalMethods" : 1270,
    "usedMethods" : 598,
    "usageRatio" : 0.47086614173228347
  }, {
    "library" : "benchmark/lib/os-maven-plugin-1.7.1.jar",
    "totalMethods" : 21,
    "usedMethods" : 8,
    "usageRatio" : 0.38095238095238093
  }, {
    "library" : "benchmark/lib/picocli-4.7.5.jar",
    "totalMethods" : 1491,
    "usedMethods" : 805,
    "usageRatio" : 0.539906103286385
  }, {
    "library" : "benchmark/lib/plexus-java-1.2.0.jar",
    "totalMethods" : 128,
    "usedMethods" : 72,
    "usageRatio" : 0.5625
  }, {
    "library" : "benchmark/lib/qute-core-1.12.2.Final.jar",
    "totalMethods" : 838,
    "usedMethods" : 562,
    "usageRatio" : 0.6706443914081146
  }, {
    "library" : "benchmark/lib/slf4j-nop-1.7.30.jar",
    "totalMethods" : 9,
    "usedMethods" : 0,
    "usageRatio" : 0
  } ],
  "callGraphAlgorithm" : "CHA",
  "callGraphTimeSeconds" : 4.834,
  "analysisTimeSeconds" : 0.061,
  "programTimeSeconds" : 6.84
}