{
  "filesAnalyzed" : [ "benchmark/jars/slf4j-api-2.0.9.jar" ],
  "domainUsed" : "org.opalj.ai.domain.l2.DefaultPerformInvocationsDomainWithCFGAndDefUse",
  "timeFinished" : "2025-07-01T10:12:31.5798178",
  "totalRuntimeMs" : 47,
  "methodsFound" : [ {
    "fullSignature" : "boolean contains(java.lang.String)",
    "numberOfTotalInstructions" : 37,
    "numberOfDeadInstructions" : 1,
    "enclosingTypeName" : "org.slf4j.helpers.BasicMarker",
    "deadInstructions" : [ {
      "stringRepresentation" : "GOTO(-31)",
      "programCounter" : 75
    } ]
  }, {
    "fullSignature" : "boolean contains(org.slf4j.Marker)",
    "numberOfTotalInstructions" : 36,
    "numberOfDeadInstructions" : 1,
    "enclosingTypeName" : "org.slf4j.helpers.BasicMarker",
    "deadInstructions" : [ {
      "stringRepresentation" : "GOTO(-31)",
      "programCounter" : 72
    } ]
  } ]
}