{
  "filesAnalyzed" : [ "benchmark/jars/junit-jupiter-api-5.13.2.jar" ],
  "domainUsed" : "org.opalj.ai.domain.l1.DefaultReferenceValuesDomain",
  "timeFinished" : "2025-07-01T09:35:29.0966428",
  "totalRuntimeMs" : 22,
  "methodsFound" : [ {
    "fullSignature" : "void assertLinesMatchWithFastForward()",
    "numberOfTotalInstructions" : 202,
    "numberOfDeadInstructions" : 1,
    "enclosingTypeName" : "org.junit.jupiter.api.AssertLinesMatch$LinesMatcher",
    "deadInstructions" : [ {
      "stringRepresentation" : "GOTO(-236)",
      "programCounter" : 260
    } ]
  } ]
}