{
  "filesAnalyzed" : [ "benchmark/jars/commons-lang3-3.17.0.jar" ],
  "domainUsed" : "org.opalj.ai.fpcf.domain.L1DefaultDomainWithCFGAndDefUseAndSignatureRefinement",
  "timeFinished" : "2025-07-01T00:47:11.6136561",
  "totalRuntimeMs" : 797,
  "methodsFound" : [ {
    "fullSignature" : "java.util.Iterator iterator(java.util.Calendar,int)",
    "numberOfTotalInstructions" : 129,
    "numberOfDeadInstructions" : 16,
    "enclosingTypeName" : "org.apache.commons.lang3.time.DateUtils",
    "deadInstructions" : [ {
      "stringRepresentation" : "GOTO(87)",
      "programCounter" : 136
    }, {
      "stringRepresentation" : "ICONST_2",
      "programCounter" : 139
    }, {
      "stringRepresentation" : "ISTORE(4)",
      "programCounter" : 140
    }, {
      "stringRepresentation" : "ICONST_1",
      "programCounter" : 142
    }, {
      "stringRepresentation" : "ISTORE(5)",
      "programCounter" : 143
    }, {
      "stringRepresentation" : "GOTO(78)",
      "programCounter" : 145
    }, {
      "stringRepresentation" : "ALOAD_0",
      "programCounter" : 148
    }, {
      "stringRepresentation" : "BIPUSH(7)",
      "programCounter" : 149
    }, {
      "stringRepresentation" : "INVOKEVIRTUAL(java.util.Calendar{ int get(int) })",
      "programCounter" : 151
    }, {
      "stringRepresentation" : "ISTORE(4)",
      "programCounter" : 154
    }, {
      "stringRepresentation" : "ILOAD(4)",
      "programCounter" : 156
    }, {
      "stringRepresentation" : "ICONST_1",
      "programCounter" : 158
    }, {
      "stringRepresentation" : "ISUB",
      "programCounter" : 159
    }, {
      "stringRepresentation" : "ISTORE(5)",
      "programCounter" : 160
    }, {
      "stringRepresentation" : "GOTO(61)",
      "programCounter" : 162
    }, {
      "stringRepresentation" : "GOTO(35)",
      "programCounter" : 188
    } ]
  }, {
    "fullSignature" : "boolean parse(java.lang.String,java.text.ParsePosition,java.util.Calendar)",
    "numberOfTotalInstructions" : 29,
    "numberOfDeadInstructions" : 1,
    "enclosingTypeName" : "org.apache.commons.lang3.time.FastDateParser",
    "deadInstructions" : [ {
      "stringRepresentation" : "GOTO(-50)",
      "programCounter" : 61
    } ]
  }, {
    "fullSignature" : "java.lang.Object compute(java.lang.Object)",
    "numberOfTotalInstructions" : 35,
    "numberOfDeadInstructions" : 1,
    "enclosingTypeName" : "org.apache.commons.lang3.concurrent.Memoizer",
    "deadInstructions" : [ {
      "stringRepresentation" : "GOTO(-70)",
      "programCounter" : 70
    } ]
  }, {
    "fullSignature" : "int readFrom(java.lang.Readable)",
    "numberOfTotalInstructions" : 119,
    "numberOfDeadInstructions" : 1,
    "enclosingTypeName" : "org.apache.commons.lang3.text.StrBuilder",
    "deadInstructions" : [ {
      "stringRepresentation" : "GOTO(127)",
      "programCounter" : 82
    } ]
  }, {
    "fullSignature" : "boolean isAssignable(java.lang.reflect.Type,java.lang.reflect.ParameterizedType,java.util.Map)",
    "numberOfTotalInstructions" : 89,
    "numberOfDeadInstructions" : 1,
    "enclosingTypeName" : "org.apache.commons.lang3.reflect.TypeUtils",
    "deadInstructions" : [ {
      "stringRepresentation" : "GOTO(-97)",
      "programCounter" : 182
    } ]
  }, {
    "fullSignature" : "java.util.Locale parseLocale(java.lang.String)",
    "numberOfTotalInstructions" : 99,
    "numberOfDeadInstructions" : 1,
    "enclosingTypeName" : "org.apache.commons.lang3.LocaleUtils",
    "deadInstructions" : [ {
      "stringRepresentation" : "GOTO(73)",
      "programCounter" : 98
    } ]
  }, {
    "fullSignature" : "java.lang.Object clone(java.lang.Object)",
    "numberOfTotalInstructions" : 68,
    "numberOfDeadInstructions" : 1,
    "enclosingTypeName" : "org.apache.commons.lang3.ObjectUtils",
    "deadInstructions" : [ {
      "stringRepresentation" : "GOTO(68)",
      "programCounter" : 67
    } ]
  }, {
    "fullSignature" : "org.apache.commons.lang3.JavaVersion get(java.lang.String)",
    "numberOfTotalInstructions" : 266,
    "numberOfDeadInstructions" : 1,
    "enclosingTypeName" : "org.apache.commons.lang3.JavaVersion",
    "deadInstructions" : [ {
      "stringRepresentation" : "GOTO(14)",
      "programCounter" : 815
    } ]
  }, {
    "fullSignature" : "java.lang.reflect.Method getMatchingMethod(java.lang.Class,java.lang.String,java.lang.Class[])",
    "numberOfTotalInstructions" : 162,
    "numberOfDeadInstructions" : 1,
    "enclosingTypeName" : "org.apache.commons.lang3.reflect.MethodUtils",
    "deadInstructions" : [ {
      "stringRepresentation" : "GOTO(-37)",
      "programCounter" : 149
    } ]
  }, {
    "fullSignature" : "java.lang.reflect.Method getPublicMethod(java.lang.Class,java.lang.String,java.lang.Class[])",
    "numberOfTotalInstructions" : 71,
    "numberOfDeadInstructions" : 1,
    "enclosingTypeName" : "org.apache.commons.lang3.ClassUtils",
    "deadInstructions" : [ {
      "stringRepresentation" : "GOTO(-67)",
      "programCounter" : 120
    } ]
  }, {
    "fullSignature" : "int indexOf(java.lang.Object[],java.lang.Object,int)",
    "numberOfTotalInstructions" : 42,
    "numberOfDeadInstructions" : 1,
    "enclosingTypeName" : "org.apache.commons.lang3.ArrayUtils",
    "deadInstructions" : [ {
      "stringRepresentation" : "GOTO(29)",
      "programCounter" : 37
    } ]
  }, {
    "fullSignature" : "int lastIndexOf(java.lang.Object[],java.lang.Object,int)",
    "numberOfTotalInstructions" : 52,
    "numberOfDeadInstructions" : 1,
    "enclosingTypeName" : "org.apache.commons.lang3.ArrayUtils",
    "deadInstructions" : [ {
      "stringRepresentation" : "GOTO(41)",
      "programCounter" : 45
    } ]
  } ]
}