{
  "filesAnalyzed" : [ "benchmark/jars/commons-lang3-3.17.0.jar" ],
  "domainUsed" : "org.opalj.ai.domain.l1.DefaultReferenceValuesDomain",
  "timeFinished" : "2025-07-01T00:47:23.4756358",
  "totalRuntimeMs" : 128,
  "methodsFound" : [ {
    "fullSignature" : "java.lang.Appendable applyRules(java.util.Calendar,java.lang.Appendable)",
    "numberOfTotalInstructions" : 28,
    "numberOfDeadInstructions" : 1,
    "enclosingTypeName" : "org.apache.commons.lang3.time.FastDatePrinter",
    "deadInstructions" : [ {
      "stringRepresentation" : "GOTO(9)",
      "programCounter" : 40
    } ]
  }, {
    "fullSignature" : "java.util.Date parseDateWithLeniency(java.lang.String,java.util.Locale,java.lang.String[],boolean)",
    "numberOfTotalInstructions" : 82,
    "numberOfDeadInstructions" : 1,
    "enclosingTypeName" : "org.apache.commons.lang3.time.DateUtils",
    "deadInstructions" : [ {
      "stringRepresentation" : "GOTO(5)",
      "programCounter" : 126
    } ]
  }, {
    "fullSignature" : "boolean parse(java.lang.String,java.text.ParsePosition,java.util.Calendar)",
    "numberOfTotalInstructions" : 29,
    "numberOfDeadInstructions" : 1,
    "enclosingTypeName" : "org.apache.commons.lang3.time.FastDateParser",
    "deadInstructions" : [ {
      "stringRepresentation" : "GOTO(-50)",
      "programCounter" : 61
    } ]
  }, {
    "fullSignature" : "void translate(java.lang.CharSequence,java.io.Writer)",
    "numberOfTotalInstructions" : 65,
    "numberOfDeadInstructions" : 1,
    "enclosingTypeName" : "org.apache.commons.lang3.text.translate.CharSequenceTranslator",
    "deadInstructions" : [ {
      "stringRepresentation" : "GOTO(-108)",
      "programCounter" : 130
    } ]
  }, {
    "fullSignature" : "int readFrom(java.lang.Readable)",
    "numberOfTotalInstructions" : 119,
    "numberOfDeadInstructions" : 1,
    "enclosingTypeName" : "org.apache.commons.lang3.text.StrBuilder",
    "deadInstructions" : [ {
      "stringRepresentation" : "GOTO(127)",
      "programCounter" : 82
    } ]
  }, {
    "fullSignature" : "java.lang.Number createNumber(java.lang.String)",
    "numberOfTotalInstructions" : 455,
    "numberOfDeadInstructions" : 3,
    "enclosingTypeName" : "org.apache.commons.lang3.math.NumberUtils",
    "deadInstructions" : [ {
      "stringRepresentation" : "GOTO(5)",
      "programCounter" : 703
    }, {
      "stringRepresentation" : "GOTO(5)",
      "programCounter" : 745
    }, {
      "stringRepresentation" : "GOTO(5)",
      "programCounter" : 959
    } ]
  }, {
    "fullSignature" : "java.lang.reflect.Method getMatchingMethod(java.lang.Class,java.lang.String,java.lang.Class[])",
    "numberOfTotalInstructions" : 162,
    "numberOfDeadInstructions" : 1,
    "enclosingTypeName" : "org.apache.commons.lang3.reflect.MethodUtils",
    "deadInstructions" : [ {
      "stringRepresentation" : "GOTO(-37)",
      "programCounter" : 149
    } ]
  }, {
    "fullSignature" : "boolean isAssignable(java.lang.reflect.Type,java.lang.reflect.ParameterizedType,java.util.Map)",
    "numberOfTotalInstructions" : 89,
    "numberOfDeadInstructions" : 1,
    "enclosingTypeName" : "org.apache.commons.lang3.reflect.TypeUtils",
    "deadInstructions" : [ {
      "stringRepresentation" : "GOTO(-97)",
      "programCounter" : 182
    } ]
  }, {
    "fullSignature" : "boolean typesSatisfyVariables(java.util.Map)",
    "numberOfTotalInstructions" : 52,
    "numberOfDeadInstructions" : 1,
    "enclosingTypeName" : "org.apache.commons.lang3.reflect.TypeUtils",
    "deadInstructions" : [ {
      "stringRepresentation" : "GOTO(-91)",
      "programCounter" : 111
    } ]
  }, {
    "fullSignature" : "java.lang.Object compute(java.lang.Object)",
    "numberOfTotalInstructions" : 35,
    "numberOfDeadInstructions" : 1,
    "enclosingTypeName" : "org.apache.commons.lang3.concurrent.Memoizer",
    "deadInstructions" : [ {
      "stringRepresentation" : "GOTO(-70)",
      "programCounter" : 70
    } ]
  }, {
    "fullSignature" : "int indexOf(java.lang.Throwable,java.lang.Class,int,boolean)",
    "numberOfTotalInstructions" : 58,
    "numberOfDeadInstructions" : 1,
    "enclosingTypeName" : "org.apache.commons.lang3.exception.ExceptionUtils",
    "deadInstructions" : [ {
      "stringRepresentation" : "GOTO(38)",
      "programCounter" : 70
    } ]
  }, {
    "fullSignature" : "java.lang.Throwable throwableOf(java.lang.Throwable,java.lang.Class,int,boolean)",
    "numberOfTotalInstructions" : 68,
    "numberOfDeadInstructions" : 1,
    "enclosingTypeName" : "org.apache.commons.lang3.exception.ExceptionUtils",
    "deadInstructions" : [ {
      "stringRepresentation" : "GOTO(48)",
      "programCounter" : 80
    } ]
  }, {
    "fullSignature" : "boolean regionMatches(java.lang.CharSequence,boolean,int,java.lang.CharSequence,int,int)",
    "numberOfTotalInstructions" : 90,
    "numberOfDeadInstructions" : 1,
    "enclosingTypeName" : "org.apache.commons.lang3.CharSequenceUtils",
    "deadInstructions" : [ {
      "stringRepresentation" : "GOTO(-86)",
      "programCounter" : 182
    } ]
  }, {
    "fullSignature" : "org.apache.commons.lang3.JavaVersion get(java.lang.String)",
    "numberOfTotalInstructions" : 266,
    "numberOfDeadInstructions" : 1,
    "enclosingTypeName" : "org.apache.commons.lang3.JavaVersion",
    "deadInstructions" : [ {
      "stringRepresentation" : "GOTO(14)",
      "programCounter" : 815
    } ]
  }, {
    "fullSignature" : "java.util.Locale parseLocale(java.lang.String)",
    "numberOfTotalInstructions" : 99,
    "numberOfDeadInstructions" : 1,
    "enclosingTypeName" : "org.apache.commons.lang3.LocaleUtils",
    "deadInstructions" : [ {
      "stringRepresentation" : "GOTO(73)",
      "programCounter" : 98
    } ]
  }, {
    "fullSignature" : "java.lang.Object clone(java.lang.Object)",
    "numberOfTotalInstructions" : 68,
    "numberOfDeadInstructions" : 1,
    "enclosingTypeName" : "org.apache.commons.lang3.ObjectUtils",
    "deadInstructions" : [ {
      "stringRepresentation" : "GOTO(68)",
      "programCounter" : 67
    } ]
  }, {
    "fullSignature" : "int indexOfAnyBut(java.lang.CharSequence,java.lang.CharSequence)",
    "numberOfTotalInstructions" : 61,
    "numberOfDeadInstructions" : 1,
    "enclosingTypeName" : "org.apache.commons.lang3.StringUtils",
    "deadInstructions" : [ {
      "stringRepresentation" : "GOTO(10)",
      "programCounter" : 99
    } ]
  }, {
    "fullSignature" : "java.lang.String replaceEach(java.lang.String,java.lang.String[],java.lang.String[],boolean,int)",
    "numberOfTotalInstructions" : 297,
    "numberOfDeadInstructions" : 1,
    "enclosingTypeName" : "org.apache.commons.lang3.StringUtils",
    "deadInstructions" : [ {
      "stringRepresentation" : "GOTO(-155)",
      "programCounter" : 517
    } ]
  }, {
    "fullSignature" : "java.lang.String[] splitWorker(java.lang.String,java.lang.String,int,boolean)",
    "numberOfTotalInstructions" : 178,
    "numberOfDeadInstructions" : 1,
    "enclosingTypeName" : "org.apache.commons.lang3.StringUtils",
    "deadInstructions" : [ {
      "stringRepresentation" : "GOTO(92)",
      "programCounter" : 239
    } ]
  }, {
    "fullSignature" : "java.lang.reflect.Method getPublicMethod(java.lang.Class,java.lang.String,java.lang.Class[])",
    "numberOfTotalInstructions" : 71,
    "numberOfDeadInstructions" : 1,
    "enclosingTypeName" : "org.apache.commons.lang3.ClassUtils",
    "deadInstructions" : [ {
      "stringRepresentation" : "GOTO(-67)",
      "programCounter" : 120
    } ]
  }, {
    "fullSignature" : "int indexOf(java.lang.Object[],java.lang.Object,int)",
    "numberOfTotalInstructions" : 42,
    "numberOfDeadInstructions" : 1,
    "enclosingTypeName" : "org.apache.commons.lang3.ArrayUtils",
    "deadInstructions" : [ {
      "stringRepresentation" : "GOTO(29)",
      "programCounter" : 37
    } ]
  }, {
    "fullSignature" : "int lastIndexOf(java.lang.Object[],java.lang.Object,int)",
    "numberOfTotalInstructions" : 52,
    "numberOfDeadInstructions" : 1,
    "enclosingTypeName" : "org.apache.commons.lang3.ArrayUtils",
    "deadInstructions" : [ {
      "stringRepresentation" : "GOTO(41)",
      "programCounter" : 45
    } ]
  }, {
    "fullSignature" : "void shift(short[],int,int,int)",
    "numberOfTotalInstructions" : 92,
    "numberOfDeadInstructions" : 1,
    "enclosingTypeName" : "org.apache.commons.lang3.ArrayUtils",
    "deadInstructions" : [ {
      "stringRepresentation" : "GOTO(-87)",
      "programCounter" : 142
    } ]
  }, {
    "fullSignature" : "void shift(float[],int,int,int)",
    "numberOfTotalInstructions" : 92,
    "numberOfDeadInstructions" : 1,
    "enclosingTypeName" : "org.apache.commons.lang3.ArrayUtils",
    "deadInstructions" : [ {
      "stringRepresentation" : "GOTO(-87)",
      "programCounter" : 142
    } ]
  }, {
    "fullSignature" : "void shift(double[],int,int,int)",
    "numberOfTotalInstructions" : 92,
    "numberOfDeadInstructions" : 1,
    "enclosingTypeName" : "org.apache.commons.lang3.ArrayUtils",
    "deadInstructions" : [ {
      "stringRepresentation" : "GOTO(-87)",
      "programCounter" : 142
    } ]
  }, {
    "fullSignature" : "void shift(long[],int,int,int)",
    "numberOfTotalInstructions" : 92,
    "numberOfDeadInstructions" : 1,
    "enclosingTypeName" : "org.apache.commons.lang3.ArrayUtils",
    "deadInstructions" : [ {
      "stringRepresentation" : "GOTO(-87)",
      "programCounter" : 142
    } ]
  }, {
    "fullSignature" : "void shift(boolean[],int,int,int)",
    "numberOfTotalInstructions" : 92,
    "numberOfDeadInstructions" : 1,
    "enclosingTypeName" : "org.apache.commons.lang3.ArrayUtils",
    "deadInstructions" : [ {
      "stringRepresentation" : "GOTO(-87)",
      "programCounter" : 142
    } ]
  }, {
    "fullSignature" : "void shift(byte[],int,int,int)",
    "numberOfTotalInstructions" : 92,
    "numberOfDeadInstructions" : 1,
    "enclosingTypeName" : "org.apache.commons.lang3.ArrayUtils",
    "deadInstructions" : [ {
      "stringRepresentation" : "GOTO(-87)",
      "programCounter" : 142
    } ]
  }, {
    "fullSignature" : "void shift(char[],int,int,int)",
    "numberOfTotalInstructions" : 92,
    "numberOfDeadInstructions" : 1,
    "enclosingTypeName" : "org.apache.commons.lang3.ArrayUtils",
    "deadInstructions" : [ {
      "stringRepresentation" : "GOTO(-87)",
      "programCounter" : 142
    } ]
  }, {
    "fullSignature" : "void shift(int[],int,int,int)",
    "numberOfTotalInstructions" : 92,
    "numberOfDeadInstructions" : 1,
    "enclosingTypeName" : "org.apache.commons.lang3.ArrayUtils",
    "deadInstructions" : [ {
      "stringRepresentation" : "GOTO(-87)",
      "programCounter" : 142
    } ]
  }, {
    "fullSignature" : "void shift(java.lang.Object[],int,int,int)",
    "numberOfTotalInstructions" : 92,
    "numberOfDeadInstructions" : 1,
    "enclosingTypeName" : "org.apache.commons.lang3.ArrayUtils",
    "deadInstructions" : [ {
      "stringRepresentation" : "GOTO(-87)",
      "programCounter" : 142
    } ]
  } ]
}