{
  "filesAnalyzed" : [ "benchmark/jars/commons-lang3-3.17.0.jar" ],
  "domainUsed" : "org.opalj.ai.domain.l2.DefaultDomain",
  "timeFinished" : "2025-07-01T00:47:19.1262891",
  "totalRuntimeMs" : 7150,
  "methodsFound" : [ {
    "fullSignature" : "java.util.Iterator iterator(java.util.Calendar,int)",
    "numberOfTotalInstructions" : 129,
    "numberOfDeadInstructions" : 16,
    "enclosingTypeName" : "org.apache.commons.lang3.time.DateUtils",
    "deadInstructions" : [ {
      "stringRepresentation" : "GOTO(87)",
      "programCounter" : 136
    }, {
      "stringRepresentation" : "ICONST_2",
      "programCounter" : 139
    }, {
      "stringRepresentation" : "ISTORE(4)",
      "programCounter" : 140
    }, {
      "stringRepresentation" : "ICONST_1",
      "programCounter" : 142
    }, {
      "stringRepresentation" : "ISTORE(5)",
      "programCounter" : 143
    }, {
      "stringRepresentation" : "GOTO(78)",
      "programCounter" : 145
    }, {
      "stringRepresentation" : "ALOAD_0",
      "programCounter" : 148
    }, {
      "stringRepresentation" : "BIPUSH(7)",
      "programCounter" : 149
    }, {
      "stringRepresentation" : "INVOKEVIRTUAL(java.util.Calendar{ int get(int) })",
      "programCounter" : 151
    }, {
      "stringRepresentation" : "ISTORE(4)",
      "programCounter" : 154
    }, {
      "stringRepresentation" : "ILOAD(4)",
      "programCounter" : 156
    }, {
      "stringRepresentation" : "ICONST_1",
      "programCounter" : 158
    }, {
      "stringRepresentation" : "ISUB",
      "programCounter" : 159
    }, {
      "stringRepresentation" : "ISTORE(5)",
      "programCounter" : 160
    }, {
      "stringRepresentation" : "GOTO(61)",
      "programCounter" : 162
    }, {
      "stringRepresentation" : "GOTO(35)",
      "programCounter" : 188
    } ]
  }, {
    "fullSignature" : "boolean parse(java.lang.String,java.text.ParsePosition,java.util.Calendar)",
    "numberOfTotalInstructions" : 29,
    "numberOfDeadInstructions" : 1,
    "enclosingTypeName" : "org.apache.commons.lang3.time.FastDateParser",
    "deadInstructions" : [ {
      "stringRepresentation" : "GOTO(-50)",
      "programCounter" : 61
    } ]
  }, {
    "fullSignature" : "int readFrom(java.lang.Readable)",
    "numberOfTotalInstructions" : 119,
    "numberOfDeadInstructions" : 1,
    "enclosingTypeName" : "org.apache.commons.lang3.text.StrBuilder",
    "deadInstructions" : [ {
      "stringRepresentation" : "GOTO(127)",
      "programCounter" : 82
    } ]
  }, {
    "fullSignature" : "java.lang.reflect.Method getMatchingMethod(java.lang.Class,java.lang.String,java.lang.Class[])",
    "numberOfTotalInstructions" : 162,
    "numberOfDeadInstructions" : 1,
    "enclosingTypeName" : "org.apache.commons.lang3.reflect.MethodUtils",
    "deadInstructions" : [ {
      "stringRepresentation" : "GOTO(-37)",
      "programCounter" : 149
    } ]
  }, {
    "fullSignature" : "boolean isAssignable(java.lang.reflect.Type,java.lang.reflect.ParameterizedType,java.util.Map)",
    "numberOfTotalInstructions" : 89,
    "numberOfDeadInstructions" : 1,
    "enclosingTypeName" : "org.apache.commons.lang3.reflect.TypeUtils",
    "deadInstructions" : [ {
      "stringRepresentation" : "GOTO(-97)",
      "programCounter" : 182
    } ]
  }, {
    "fullSignature" : "java.lang.RuntimeException asRuntimeException(java.lang.Throwable)",
    "numberOfTotalInstructions" : 4,
    "numberOfDeadInstructions" : 2,
    "enclosingTypeName" : "org.apache.commons.lang3.exception.ExceptionUtils",
    "deadInstructions" : [ {
      "stringRepresentation" : "CHECKCAST(java.lang.RuntimeException)",
      "programCounter" : 4
    }, {
      "stringRepresentation" : "ARETURN",
      "programCounter" : 7
    } ]
  }, {
    "fullSignature" : "java.lang.Object rethrow(java.lang.Throwable)",
    "numberOfTotalInstructions" : 3,
    "numberOfDeadInstructions" : 1,
    "enclosingTypeName" : "org.apache.commons.lang3.exception.ExceptionUtils",
    "deadInstructions" : [ {
      "stringRepresentation" : "ARETURN",
      "programCounter" : 4
    } ]
  }, {
    "fullSignature" : "java.lang.Throwable throwUnchecked(java.lang.Throwable)",
    "numberOfTotalInstructions" : 8,
    "numberOfDeadInstructions" : 1,
    "enclosingTypeName" : "org.apache.commons.lang3.exception.ExceptionUtils",
    "deadInstructions" : [ {
      "stringRepresentation" : "ATHROW",
      "programCounter" : 11
    } ]
  }, {
    "fullSignature" : "java.lang.Object compute(java.lang.Object)",
    "numberOfTotalInstructions" : 35,
    "numberOfDeadInstructions" : 2,
    "enclosingTypeName" : "org.apache.commons.lang3.concurrent.Memoizer",
    "deadInstructions" : [ {
      "stringRepresentation" : "ATHROW",
      "programCounter" : 69
    }, {
      "stringRepresentation" : "GOTO(-70)",
      "programCounter" : 70
    } ]
  }, {
    "fullSignature" : "void accept(java.lang.Throwable)",
    "numberOfTotalInstructions" : 4,
    "numberOfDeadInstructions" : 2,
    "enclosingTypeName" : "org.apache.commons.lang3.event.EventListenerSupport$ProxyInvocationHandler$<init>(Lorg$apache$commons$lang3$event$EventListenerSupport:)V:2$Lambda",
    "deadInstructions" : [ {
      "stringRepresentation" : "POP",
      "programCounter" : 4
    }, {
      "stringRepresentation" : "RETURN",
      "programCounter" : 5
    } ]
  }, {
    "fullSignature" : "void lockAcceptUnlock(java.util.function.Supplier,org.apache.commons.lang3.function.FailableConsumer)",
    "numberOfTotalInstructions" : 28,
    "numberOfDeadInstructions" : 1,
    "enclosingTypeName" : "org.apache.commons.lang3.concurrent.locks.LockingVisitors$LockVisitor",
    "deadInstructions" : [ {
      "stringRepresentation" : "ATHROW",
      "programCounter" : 52
    } ]
  }, {
    "fullSignature" : "java.lang.Object lockApplyUnlock(java.util.function.Supplier,org.apache.commons.lang3.function.FailableFunction)",
    "numberOfTotalInstructions" : 27,
    "numberOfDeadInstructions" : 1,
    "enclosingTypeName" : "org.apache.commons.lang3.concurrent.locks.LockingVisitors$LockVisitor",
    "deadInstructions" : [ {
      "stringRepresentation" : "ATHROW",
      "programCounter" : 50
    } ]
  }, {
    "fullSignature" : "void accept(java.lang.Throwable)",
    "numberOfTotalInstructions" : 4,
    "numberOfDeadInstructions" : 2,
    "enclosingTypeName" : "org.apache.commons.lang3.function.Failable$tryWithResources(Lorg$apache$commons$lang3$function$FailableRunnable:Lorg$apache$commons$lang3$function$FailableConsumer:]Lorg$apache$commons$lang3$function$FailableRunnable:)V:4$Lambda",
    "deadInstructions" : [ {
      "stringRepresentation" : "POP",
      "programCounter" : 4
    }, {
      "stringRepresentation" : "RETURN",
      "programCounter" : 5
    } ]
  }, {
    "fullSignature" : "java.lang.Object get(org.apache.commons.lang3.function.FailableSupplier)",
    "numberOfTotalInstructions" : 7,
    "numberOfDeadInstructions" : 1,
    "enclosingTypeName" : "org.apache.commons.lang3.function.Failable",
    "deadInstructions" : [ {
      "stringRepresentation" : "ATHROW",
      "programCounter" : 12
    } ]
  }, {
    "fullSignature" : "boolean getAsBoolean(org.apache.commons.lang3.function.FailableBooleanSupplier)",
    "numberOfTotalInstructions" : 7,
    "numberOfDeadInstructions" : 1,
    "enclosingTypeName" : "org.apache.commons.lang3.function.Failable",
    "deadInstructions" : [ {
      "stringRepresentation" : "ATHROW",
      "programCounter" : 12
    } ]
  }, {
    "fullSignature" : "double getAsDouble(org.apache.commons.lang3.function.FailableDoubleSupplier)",
    "numberOfTotalInstructions" : 7,
    "numberOfDeadInstructions" : 1,
    "enclosingTypeName" : "org.apache.commons.lang3.function.Failable",
    "deadInstructions" : [ {
      "stringRepresentation" : "ATHROW",
      "programCounter" : 12
    } ]
  }, {
    "fullSignature" : "int getAsInt(org.apache.commons.lang3.function.FailableIntSupplier)",
    "numberOfTotalInstructions" : 7,
    "numberOfDeadInstructions" : 1,
    "enclosingTypeName" : "org.apache.commons.lang3.function.Failable",
    "deadInstructions" : [ {
      "stringRepresentation" : "ATHROW",
      "programCounter" : 12
    } ]
  }, {
    "fullSignature" : "long getAsLong(org.apache.commons.lang3.function.FailableLongSupplier)",
    "numberOfTotalInstructions" : 7,
    "numberOfDeadInstructions" : 1,
    "enclosingTypeName" : "org.apache.commons.lang3.function.Failable",
    "deadInstructions" : [ {
      "stringRepresentation" : "ATHROW",
      "programCounter" : 12
    } ]
  }, {
    "fullSignature" : "short getAsShort(org.apache.commons.lang3.function.FailableShortSupplier)",
    "numberOfTotalInstructions" : 7,
    "numberOfDeadInstructions" : 1,
    "enclosingTypeName" : "org.apache.commons.lang3.function.Failable",
    "deadInstructions" : [ {
      "stringRepresentation" : "ATHROW",
      "programCounter" : 12
    } ]
  }, {
    "fullSignature" : "void run(org.apache.commons.lang3.function.FailableRunnable)",
    "numberOfTotalInstructions" : 8,
    "numberOfDeadInstructions" : 1,
    "enclosingTypeName" : "org.apache.commons.lang3.function.Failable",
    "deadInstructions" : [ {
      "stringRepresentation" : "ATHROW",
      "programCounter" : 14
    } ]
  }, {
    "fullSignature" : "java.lang.Object clone(java.lang.Object)",
    "numberOfTotalInstructions" : 68,
    "numberOfDeadInstructions" : 1,
    "enclosingTypeName" : "org.apache.commons.lang3.ObjectUtils",
    "deadInstructions" : [ {
      "stringRepresentation" : "GOTO(68)",
      "programCounter" : 67
    } ]
  }, {
    "fullSignature" : "java.lang.Object get(org.apache.commons.lang3.Functions$FailableSupplier)",
    "numberOfTotalInstructions" : 7,
    "numberOfDeadInstructions" : 1,
    "enclosingTypeName" : "org.apache.commons.lang3.Functions",
    "deadInstructions" : [ {
      "stringRepresentation" : "ATHROW",
      "programCounter" : 12
    } ]
  }, {
    "fullSignature" : "boolean getAsBoolean(org.apache.commons.lang3.function.FailableBooleanSupplier)",
    "numberOfTotalInstructions" : 7,
    "numberOfDeadInstructions" : 1,
    "enclosingTypeName" : "org.apache.commons.lang3.Functions",
    "deadInstructions" : [ {
      "stringRepresentation" : "ATHROW",
      "programCounter" : 12
    } ]
  }, {
    "fullSignature" : "void run(org.apache.commons.lang3.Functions$FailableRunnable)",
    "numberOfTotalInstructions" : 8,
    "numberOfDeadInstructions" : 1,
    "enclosingTypeName" : "org.apache.commons.lang3.Functions",
    "deadInstructions" : [ {
      "stringRepresentation" : "ATHROW",
      "programCounter" : 14
    } ]
  }, {
    "fullSignature" : "org.apache.commons.lang3.JavaVersion get(java.lang.String)",
    "numberOfTotalInstructions" : 266,
    "numberOfDeadInstructions" : 1,
    "enclosingTypeName" : "org.apache.commons.lang3.JavaVersion",
    "deadInstructions" : [ {
      "stringRepresentation" : "GOTO(14)",
      "programCounter" : 815
    } ]
  }, {
    "fullSignature" : "java.util.Locale parseLocale(java.lang.String)",
    "numberOfTotalInstructions" : 99,
    "numberOfDeadInstructions" : 1,
    "enclosingTypeName" : "org.apache.commons.lang3.LocaleUtils",
    "deadInstructions" : [ {
      "stringRepresentation" : "GOTO(73)",
      "programCounter" : 98
    } ]
  }, {
    "fullSignature" : "java.lang.reflect.Method getPublicMethod(java.lang.Class,java.lang.String,java.lang.Class[])",
    "numberOfTotalInstructions" : 71,
    "numberOfDeadInstructions" : 1,
    "enclosingTypeName" : "org.apache.commons.lang3.ClassUtils",
    "deadInstructions" : [ {
      "stringRepresentation" : "GOTO(-67)",
      "programCounter" : 120
    } ]
  }, {
    "fullSignature" : "int indexOf(java.lang.Object[],java.lang.Object,int)",
    "numberOfTotalInstructions" : 42,
    "numberOfDeadInstructions" : 1,
    "enclosingTypeName" : "org.apache.commons.lang3.ArrayUtils",
    "deadInstructions" : [ {
      "stringRepresentation" : "GOTO(29)",
      "programCounter" : 37
    } ]
  }, {
    "fullSignature" : "int lastIndexOf(java.lang.Object[],java.lang.Object,int)",
    "numberOfTotalInstructions" : 52,
    "numberOfDeadInstructions" : 1,
    "enclosingTypeName" : "org.apache.commons.lang3.ArrayUtils",
    "deadInstructions" : [ {
      "stringRepresentation" : "GOTO(41)",
      "programCounter" : 45
    } ]
  } ]
}