{
  "project" : [ "benchmark/joda-time-2.14.0.jar" ],
  "analysis" : [ {
    "library" : "benchmark/lib/joda-convert-1.9.2.jar",
    "totalMethods" : 229,
    "usedMethods" : 0,
    "usageRatio" : 0
  }, {
    "library" : "benchmark/lib/junit-3.8.2.jar",
    "totalMethods" : 372,
    "usedMethods" : 220,
    "usageRatio" : 0.5913978494623656
  }, {
    "library" : "benchmark/lib/rt.jar",
    "totalMethods" : 213558,
    "usedMethods" : 11046,
    "usageRatio" : 0.05172365352737898
  } ],
  "callGraphAlgorithm" : "1-1-CFA",
  "callGraphTimeSeconds" : 37.526,
  "analysisTimeSeconds" : 0.404,
  "programTimeSeconds" : 45.838
}