{
  "project" : [ "benchmark/commons-io-2.19.0.jar" ],
  "analysis" : [ {
    "library" : "benchmark/lib/apiguardian-api-1.1.2.jar",
    "totalMethods" : 5,
    "usedMethods" : 2,
    "usageRatio" : 0.4
  }, {
    "library" : "benchmark/lib/byte-buddy-1.17.5.jar",
    "totalMethods" : 14978,
    "usedMethods" : 13391,
    "usageRatio" : 0.8940445987448258
  }, {
    "library" : "benchmark/lib/byte-buddy-agent-1.17.5.jar",
    "totalMethods" : 223,
    "usedMethods" : 159,
    "usageRatio" : 0.7130044843049327
  }, {
    "library" : "benchmark/lib/checker-qual-3.33.0.jar",
    "totalMethods" : 193,
    "usedMethods" : 28,
    "usageRatio" : 0.14507772020725387
  }, {
    "library" : "benchmark/lib/commons-codec-1.18.0.jar",
    "totalMethods" : 812,
    "usedMethods" : 795,
    "usageRatio" : 0.979064039408867
  }, {
    "library" : "benchmark/lib/commons-lang3-3.17.0.jar",
    "totalMethods" : 4925,
    "usedMethods" : 4766,
    "usageRatio" : 0.9677157360406091
  }, {
    "library" : "benchmark/lib/commons-math3-3.6.1.jar",
    "totalMethods" : 7830,
    "usedMethods" : 7068,
    "usageRatio" : 0.9026819923371647
  }, {
    "library" : "benchmark/lib/error_prone_annotations-2.18.0.jar",
    "totalMethods" : 22,
    "usedMethods" : 2,
    "usageRatio" : 0.09090909090909091
  }, {
    "library" : "benchmark/lib/failureaccess-1.0.1.jar",
    "totalMethods" : 1,
    "usedMethods" : 1,
    "usageRatio" : 1
  }, {
    "library" : "benchmark/lib/guava-32.1.1-jre.jar",
    "totalMethods" : 11031,
    "usedMethods" : 9448,
    "usageRatio" : 0.8564953313389538
  }, {
    "library" : "benchmark/lib/j2objc-annotations-2.8.jar",
    "totalMethods" : 8,
    "usedMethods" : 4,
    "usageRatio" : 0.5
  }, {
    "library" : "benchmark/lib/jimfs-1.3.0.jar",
    "totalMethods" : 653,
    "usedMethods" : 431,
    "usageRatio" : 0.6600306278713629
  }, {
    "library" : "benchmark/lib/jmh-core-1.37.jar",
    "totalMethods" : 1463,
    "usedMethods" : 1224,
    "usageRatio" : 0.836637047163363
  }, {
    "library" : "benchmark/lib/jopt-simple-5.0.4.jar",
    "totalMethods" : 202,
    "usedMethods" : 153,
    "usageRatio" : 0.7574257425742574
  }, {
    "library" : "benchmark/lib/jsr305-3.0.2.jar",
    "totalMethods" : 28,
    "usedMethods" : 14,
    "usageRatio" : 0.5
  }, {
    "library" : "benchmark/lib/junit-jupiter-5.11.4.jar",
    "totalMethods" : 0,
    "usedMethods" : 0,
    "usageRatio" : 1
  }, {
    "library" : "benchmark/lib/junit-jupiter-api-5.11.4.jar",
    "totalMethods" : 1088,
    "usedMethods" : 908,
    "usageRatio" : 0.8345588235294118
  }, {
    "library" : "benchmark/lib/junit-jupiter-engine-5.11.4.jar",
    "totalMethods" : 1823,
    "usedMethods" : 1753,
    "usageRatio" : 0.9616017553483269
  }, {
    "library" : "benchmark/lib/junit-jupiter-params-5.11.4.jar",
    "totalMethods" : 2819,
    "usedMethods" : 2279,
    "usageRatio" : 0.8084427101809152
  }, {
    "library" : "benchmark/lib/junit-pioneer-1.9.1.jar",
    "totalMethods" : 1035,
    "usedMethods" : 885,
    "usageRatio" : 0.855072463768116
  }, {
    "library" : "benchmark/lib/junit-platform-commons-1.11.4.jar",
    "totalMethods" : 1129,
    "usedMethods" : 1087,
    "usageRatio" : 0.9627989371124889
  }, {
    "library" : "benchmark/lib/junit-platform-engine-1.11.4.jar",
    "totalMethods" : 1418,
    "usedMethods" : 1310,
    "usageRatio" : 0.923836389280677
  }, {
    "library" : "benchmark/lib/junit-platform-launcher-1.11.4.jar",
    "totalMethods" : 1305,
    "usedMethods" : 1205,
    "usageRatio" : 0.9233716475095786
  }, {
    "library" : "benchmark/lib/listenablefuture-9999.0-empty-to-avoid-conflict-with-guava.jar",
    "totalMethods" : 0,
    "usedMethods" : 0,
    "usageRatio" : 1
  }, {
    "library" : "benchmark/lib/mockito-core-4.11.0.jar",
    "totalMethods" : 2315,
    "usedMethods" : 1905,
    "usageRatio" : 0.8228941684665226
  }, {
    "library" : "benchmark/lib/mockito-inline-4.11.0.jar",
    "totalMethods" : 0,
    "usedMethods" : 0,
    "usageRatio" : 1
  }, {
    "library" : "benchmark/lib/objenesis-3.3.jar",
    "totalMethods" : 89,
    "usedMethods" : 83,
    "usageRatio" : 0.9325842696629213
  }, {
    "library" : "benchmark/lib/opentest4j-1.3.0.jar",
    "totalMethods" : 39,
    "usedMethods" : 39,
    "usageRatio" : 1
  } ],
  "callGraphAlgorithm" : "CHA",
  "callGraphTimeSeconds" : 225.411,
  "analysisTimeSeconds" : 0.322,
  "programTimeSeconds" : 230.357
}