{
  "filesAnalyzed" : [ "benchmark/jars/log4j-core-2.25.0.jar" ],
  "domainUsed" : "org.opalj.ai.fpcf.domain.PrimitiveTACAIDomainWithSignatureRefinement",
  "timeFinished" : "2025-07-01T09:56:09.1080285",
  "totalRuntimeMs" : 419,
  "methodsFound" : [ {
    "fullSignature" : "org.apache.logging.log4j.core.util.internal.HttpInputStreamUtil$Result getInputStream(org.apache.logging.log4j.core.util.internal.LastModifiedSource,org.apache.logging.log4j.core.util.AuthorizationProvider)",
    "numberOfTotalInstructions" : 298,
    "numberOfDeadInstructions" : 1,
    "enclosingTypeName" : "org.apache.logging.log4j.core.util.internal.HttpInputStreamUtil",
    "deadInstructions" : [ {
      "stringRepresentation" : "GOTO(45)",
      "programCounter" : 412
    } ]
  }, {
    "fullSignature" : "java.lang.Appendable applyRules(java.util.Calendar,java.lang.Appendable)",
    "numberOfTotalInstructions" : 27,
    "numberOfDeadInstructions" : 1,
    "enclosingTypeName" : "org.apache.logging.log4j.core.util.datetime.FastDatePrinter",
    "deadInstructions" : [ {
      "stringRepresentation" : "GOTO(8)",
      "programCounter" : 40
    } ]
  }, {
    "fullSignature" : "boolean isAssignable(java.lang.reflect.Type,java.lang.reflect.Type)",
    "numberOfTotalInstructions" : 137,
    "numberOfDeadInstructions" : 2,
    "enclosingTypeName" : "org.apache.logging.log4j.core.util.TypeUtil",
    "deadInstructions" : [ {
      "stringRepresentation" : "GOTO(21)",
      "programCounter" : 174
    }, {
      "stringRepresentation" : "GOTO(24)",
      "programCounter" : 240
    } ]
  }, {
    "fullSignature" : "boolean isWildcardAssignable(java.lang.reflect.WildcardType,java.lang.reflect.Type)",
    "numberOfTotalInstructions" : 185,
    "numberOfDeadInstructions" : 1,
    "enclosingTypeName" : "org.apache.logging.log4j.core.util.TypeUtil",
    "deadInstructions" : [ {
      "stringRepresentation" : "GOTO(87)",
      "programCounter" : 275
    } ]
  }, {
    "fullSignature" : "boolean shutdown(java.util.concurrent.ExecutorService,long,java.util.concurrent.TimeUnit,java.lang.String)",
    "numberOfTotalInstructions" : 79,
    "numberOfDeadInstructions" : 1,
    "enclosingTypeName" : "org.apache.logging.log4j.core.util.ExecutorServices",
    "deadInstructions" : [ {
      "stringRepresentation" : "GOTO(27)",
      "programCounter" : 123
    } ]
  }, {
    "fullSignature" : "java.io.File fileFromUri(java.net.URI)",
    "numberOfTotalInstructions" : 66,
    "numberOfDeadInstructions" : 1,
    "enclosingTypeName" : "org.apache.logging.log4j.core.util.FileUtils",
    "deadInstructions" : [ {
      "stringRepresentation" : "GOTO(65)",
      "programCounter" : 68
    } ]
  }, {
    "fullSignature" : "void mkdir(java.io.File,boolean)",
    "numberOfTotalInstructions" : 61,
    "numberOfDeadInstructions" : 1,
    "enclosingTypeName" : "org.apache.logging.log4j.core.util.FileUtils",
    "deadInstructions" : [ {
      "stringRepresentation" : "GOTO(34)",
      "programCounter" : 101
    } ]
  }, {
    "fullSignature" : "java.lang.String getHostname(java.util.function.Function)",
    "numberOfTotalInstructions" : 53,
    "numberOfDeadInstructions" : 3,
    "enclosingTypeName" : "org.apache.logging.log4j.core.util.NetUtils",
    "deadInstructions" : [ {
      "stringRepresentation" : "GOTO(-51)",
      "programCounter" : 105
    }, {
      "stringRepresentation" : "GOTO(-79)",
      "programCounter" : 108
    }, {
      "stringRepresentation" : "GOTO(4)",
      "programCounter" : 111
    } ]
  }, {
    "fullSignature" : "java.net.URL getResource(java.lang.String,java.lang.ClassLoader)",
    "numberOfTotalInstructions" : 63,
    "numberOfDeadInstructions" : 1,
    "enclosingTypeName" : "org.apache.logging.log4j.core.util.Loader",
    "deadInstructions" : [ {
      "stringRepresentation" : "GOTO(15)",
      "programCounter" : 94
    } ]
  }, {
    "fullSignature" : "java.io.InputStream getResourceAsStream(java.lang.String,java.lang.ClassLoader)",
    "numberOfTotalInstructions" : 63,
    "numberOfDeadInstructions" : 1,
    "enclosingTypeName" : "org.apache.logging.log4j.core.util.Loader",
    "deadInstructions" : [ {
      "stringRepresentation" : "GOTO(15)",
      "programCounter" : 94
    } ]
  }, {
    "fullSignature" : "void buildExpression(java.lang.String)",
    "numberOfTotalInstructions" : 246,
    "numberOfDeadInstructions" : 1,
    "enclosingTypeName" : "org.apache.logging.log4j.core.util.CronExpression",
    "deadInstructions" : [ {
      "stringRepresentation" : "GOTO(43)",
      "programCounter" : 468
    } ]
  }, {
    "fullSignature" : "int checkNext(int,java.lang.String,int,int)",
    "numberOfTotalInstructions" : 374,
    "numberOfDeadInstructions" : 1,
    "enclosingTypeName" : "org.apache.logging.log4j.core.util.CronExpression",
    "deadInstructions" : [ {
      "stringRepresentation" : "GOTO(18)",
      "programCounter" : 358
    } ]
  }, {
    "fullSignature" : "java.util.Date getTimeAfter(java.util.Date)",
    "numberOfTotalInstructions" : 1051,
    "numberOfDeadInstructions" : 3,
    "enclosingTypeName" : "org.apache.logging.log4j.core.util.CronExpression",
    "deadInstructions" : [ {
      "stringRepresentation" : "GOTO(458)",
      "programCounter" : 1425
    }, {
      "stringRepresentation" : "GOTO(225)",
      "programCounter" : 1658
    }, {
      "stringRepresentation" : "GOTO(13)",
      "programCounter" : 1870
    } ]
  }, {
    "fullSignature" : "int storeExpressionVals(int,java.lang.String,int)",
    "numberOfTotalInstructions" : 655,
    "numberOfDeadInstructions" : 2,
    "enclosingTypeName" : "org.apache.logging.log4j.core.util.CronExpression",
    "deadInstructions" : [ {
      "stringRepresentation" : "GOTO(68)",
      "programCounter" : 451
    }, {
      "stringRepresentation" : "GOTO(34)",
      "programCounter" : 1394
    } ]
  }, {
    "fullSignature" : "org.apache.logging.log4j.core.tools.picocli.CommandLine$Help$Ansi$StyledSection findSectionContaining(int)",
    "numberOfTotalInstructions" : 27,
    "numberOfDeadInstructions" : 1,
    "enclosingTypeName" : "org.apache.logging.log4j.core.tools.picocli.CommandLine$Help$Ansi$Text",
    "deadInstructions" : [ {
      "stringRepresentation" : "GOTO(-42)",
      "programCounter" : 52
    } ]
  }, {
    "fullSignature" : "java.sql.Time convert(java.lang.String)",
    "numberOfTotalInstructions" : 73,
    "numberOfDeadInstructions" : 1,
    "enclosingTypeName" : "org.apache.logging.log4j.core.tools.picocli.CommandLine$BuiltIn$ISO8601TimeConverter",
    "deadInstructions" : [ {
      "stringRepresentation" : "GOTO(4)",
      "programCounter" : 123
    } ]
  }, {
    "fullSignature" : "boolean printHelpIfRequested(java.util.List,java.io.PrintStream,org.apache.logging.log4j.core.tools.picocli.CommandLine$Help$Ansi)",
    "numberOfTotalInstructions" : 31,
    "numberOfDeadInstructions" : 1,
    "enclosingTypeName" : "org.apache.logging.log4j.core.tools.picocli.CommandLine",
    "deadInstructions" : [ {
      "stringRepresentation" : "GOTO(-54)",
      "programCounter" : 61
    } ]
  }, {
    "fullSignature" : "boolean resemblesOption(java.lang.String)",
    "numberOfTotalInstructions" : 88,
    "numberOfDeadInstructions" : 1,
    "enclosingTypeName" : "org.apache.logging.log4j.core.tools.picocli.CommandLine$Interpreter",
    "deadInstructions" : [ {
      "stringRepresentation" : "GOTO(-67)",
      "programCounter" : 84
    } ]
  }, {
    "fullSignature" : "void <init>(org.apache.logging.log4j.core.config.Configuration,org.apache.logging.log4j.core.util.WatchManager,java.lang.String)",
    "numberOfTotalInstructions" : 199,
    "numberOfDeadInstructions" : 1,
    "enclosingTypeName" : "org.apache.logging.log4j.core.script.ScriptManager",
    "deadInstructions" : [ {
      "stringRepresentation" : "GOTO(-102)",
      "programCounter" : 509
    } ]
  }, {
    "fullSignature" : "java.lang.String getContextName()",
    "numberOfTotalInstructions" : 35,
    "numberOfDeadInstructions" : 1,
    "enclosingTypeName" : "org.apache.logging.log4j.core.selector.JndiContextSelector",
    "deadInstructions" : [ {
      "stringRepresentation" : "GOTO(15)",
      "programCounter" : 47
    } ]
  }, {
    "fullSignature" : "java.lang.Class loadClass(java.lang.ClassLoader,java.lang.String)",
    "numberOfTotalInstructions" : 29,
    "numberOfDeadInstructions" : 1,
    "enclosingTypeName" : "org.apache.logging.log4j.core.pattern.ThrowableExtendedStackTraceRenderer$ExtendedContext",
    "deadInstructions" : [ {
      "stringRepresentation" : "GOTO(5)",
      "programCounter" : 41
    } ]
  }, {
    "fullSignature" : "org.apache.logging.log4j.core.script.ScriptFile createScript(java.lang.String,java.lang.String,java.lang.String,java.lang.Boolean,java.nio.charset.Charset)",
    "numberOfTotalInstructions" : 124,
    "numberOfDeadInstructions" : 1,
    "enclosingTypeName" : "org.apache.logging.log4j.core.script.ScriptFile",
    "deadInstructions" : [ {
      "stringRepresentation" : "GOTO(29)",
      "programCounter" : 181
    } ]
  }, {
    "fullSignature" : "boolean isStackTraceElementIgnored(java.lang.StackTraceElement)",
    "numberOfTotalInstructions" : 26,
    "numberOfDeadInstructions" : 1,
    "enclosingTypeName" : "org.apache.logging.log4j.core.pattern.ThrowableStackTraceRenderer",
    "deadInstructions" : [ {
      "stringRepresentation" : "GOTO(-31)",
      "programCounter" : 53
    } ]
  }, {
    "fullSignature" : "void <init>(org.apache.logging.log4j.core.config.Configuration,java.lang.String,java.lang.Class,java.lang.Class)",
    "numberOfTotalInstructions" : 109,
    "numberOfDeadInstructions" : 1,
    "enclosingTypeName" : "org.apache.logging.log4j.core.pattern.PatternParser",
    "deadInstructions" : [ {
      "stringRepresentation" : "GOTO(-151)",
      "programCounter" : 219
    } ]
  }, {
    "fullSignature" : "boolean handlesThrowable()",
    "numberOfTotalInstructions" : 19,
    "numberOfDeadInstructions" : 1,
    "enclosingTypeName" : "org.apache.logging.log4j.core.pattern.StyleConverter",
    "deadInstructions" : [ {
      "stringRepresentation" : "GOTO(-28)",
      "programCounter" : 38
    } ]
  }, {
    "fullSignature" : "void format(int,java.lang.StringBuilder)",
    "numberOfTotalInstructions" : 98,
    "numberOfDeadInstructions" : 1,
    "enclosingTypeName" : "org.apache.logging.log4j.core.pattern.FormattingInfo",
    "deadInstructions" : [ {
      "stringRepresentation" : "GOTO(67)",
      "programCounter" : 118
    } ]
  }, {
    "fullSignature" : "void parseSubstitution(org.apache.logging.log4j.core.LogEvent,java.lang.StringBuilder)",
    "numberOfTotalInstructions" : 29,
    "numberOfDeadInstructions" : 1,
    "enclosingTypeName" : "org.apache.logging.log4j.core.pattern.EqualsBaseReplacementConverter",
    "deadInstructions" : [ {
      "stringRepresentation" : "GOTO(12)",
      "programCounter" : 50
    } ]
  }, {
    "fullSignature" : "boolean handlesThrowable()",
    "numberOfTotalInstructions" : 19,
    "numberOfDeadInstructions" : 1,
    "enclosingTypeName" : "org.apache.logging.log4j.core.pattern.HighlightConverter",
    "deadInstructions" : [ {
      "stringRepresentation" : "GOTO(-28)",
      "programCounter" : 38
    } ]
  }, {
    "fullSignature" : "java.lang.String getLocation(java.lang.Class)",
    "numberOfTotalInstructions" : 46,
    "numberOfDeadInstructions" : 1,
    "enclosingTypeName" : "org.apache.logging.log4j.core.pattern.ClassResourceInfo",
    "deadInstructions" : [ {
      "stringRepresentation" : "GOTO(4)",
      "programCounter" : 78
    } ]
  }, {
    "fullSignature" : "java.util.Locale readLocale(java.lang.String[])",
    "numberOfTotalInstructions" : 23,
    "numberOfDeadInstructions" : 1,
    "enclosingTypeName" : "org.apache.logging.log4j.core.pattern.DatePatternConverter",
    "deadInstructions" : [ {
      "stringRepresentation" : "GOTO(11)",
      "programCounter" : 23
    } ]
  }, {
    "fullSignature" : "java.util.TimeZone readTimeZone(java.lang.String[])",
    "numberOfTotalInstructions" : 23,
    "numberOfDeadInstructions" : 1,
    "enclosingTypeName" : "org.apache.logging.log4j.core.pattern.DatePatternConverter",
    "deadInstructions" : [ {
      "stringRepresentation" : "GOTO(11)",
      "programCounter" : 23
    } ]
  }, {
    "fullSignature" : "void loadContextProviders(org.osgi.framework.BundleContext)",
    "numberOfTotalInstructions" : 32,
    "numberOfDeadInstructions" : 1,
    "enclosingTypeName" : "org.apache.logging.log4j.core.osgi.Activator",
    "deadInstructions" : [ {
      "stringRepresentation" : "GOTO(15)",
      "programCounter" : 62
    } ]
  }, {
    "fullSignature" : "void run()",
    "numberOfTotalInstructions" : 60,
    "numberOfDeadInstructions" : 1,
    "enclosingTypeName" : "org.apache.logging.log4j.core.net.TcpSocketManager$Reconnector",
    "deadInstructions" : [ {
      "stringRepresentation" : "GOTO(-139)",
      "programCounter" : 139
    } ]
  }, {
    "fullSignature" : "java.lang.String replace(org.apache.logging.log4j.core.LogEvent,java.lang.String)",
    "numberOfTotalInstructions" : 28,
    "numberOfDeadInstructions" : 1,
    "enclosingTypeName" : "org.apache.logging.log4j.core.lookup.StrSubstitutor",
    "deadInstructions" : [ {
      "stringRepresentation" : "GOTO(12)",
      "programCounter" : 31
    } ]
  }, {
    "fullSignature" : "java.lang.String replace(org.apache.logging.log4j.core.LogEvent,java.lang.String,int,int)",
    "numberOfTotalInstructions" : 36,
    "numberOfDeadInstructions" : 1,
    "enclosingTypeName" : "org.apache.logging.log4j.core.lookup.StrSubstitutor",
    "deadInstructions" : [ {
      "stringRepresentation" : "GOTO(12)",
      "programCounter" : 47
    } ]
  }, {
    "fullSignature" : "boolean replaceIn(org.apache.logging.log4j.core.LogEvent,java.lang.StringBuffer,int,int)",
    "numberOfTotalInstructions" : 42,
    "numberOfDeadInstructions" : 1,
    "enclosingTypeName" : "org.apache.logging.log4j.core.lookup.StrSubstitutor",
    "deadInstructions" : [ {
      "stringRepresentation" : "GOTO(18)",
      "programCounter" : 39
    } ]
  }, {
    "fullSignature" : "boolean discard()",
    "numberOfTotalInstructions" : 34,
    "numberOfDeadInstructions" : 1,
    "enclosingTypeName" : "org.apache.logging.log4j.core.layout.Rfc5424Layout$StructuredDataElement",
    "deadInstructions" : [ {
      "stringRepresentation" : "GOTO(-39)",
      "programCounter" : 65
    } ]
  }, {
    "fullSignature" : "byte[] toByteArray(org.apache.logging.log4j.core.LogEvent)",
    "numberOfTotalInstructions" : 37,
    "numberOfDeadInstructions" : 1,
    "enclosingTypeName" : "org.apache.logging.log4j.core.layout.SerializedLayout",
    "deadInstructions" : [ {
      "stringRepresentation" : "GOTO(15)",
      "programCounter" : 55
    } ]
  }, {
    "fullSignature" : "void <init>(org.apache.logging.log4j.core.config.Configuration,org.apache.logging.log4j.core.script.AbstractScript,org.apache.logging.log4j.core.layout.PatternMatch[],java.lang.String,boolean,boolean,boolean)",
    "numberOfTotalInstructions" : 154,
    "numberOfDeadInstructions" : 2,
    "enclosingTypeName" : "org.apache.logging.log4j.core.layout.ScriptPatternSelector",
    "deadInstructions" : [ {
      "stringRepresentation" : "GOTO(43)",
      "programCounter" : 172
    }, {
      "stringRepresentation" : "GOTO(40)",
      "programCounter" : 295
    } ]
  }, {
    "fullSignature" : "void <init>(org.apache.logging.log4j.core.script.AbstractScript,org.apache.logging.log4j.core.layout.PatternMatch[],java.lang.String,boolean,boolean,boolean,org.apache.logging.log4j.core.config.Configuration)",
    "numberOfTotalInstructions" : 162,
    "numberOfDeadInstructions" : 2,
    "enclosingTypeName" : "org.apache.logging.log4j.core.layout.ScriptPatternSelector",
    "deadInstructions" : [ {
      "stringRepresentation" : "GOTO(43)",
      "programCounter" : 193
    }, {
      "stringRepresentation" : "GOTO(39)",
      "programCounter" : 314
    } ]
  }, {
    "fullSignature" : "void <init>(org.apache.logging.log4j.core.layout.PatternMatch[],java.lang.String,boolean,boolean,boolean,org.apache.logging.log4j.core.config.Configuration)",
    "numberOfTotalInstructions" : 148,
    "numberOfDeadInstructions" : 1,
    "enclosingTypeName" : "org.apache.logging.log4j.core.layout.LevelPatternSelector",
    "deadInstructions" : [ {
      "stringRepresentation" : "GOTO(39)",
      "programCounter" : 282
    } ]
  }, {
    "fullSignature" : "org.apache.logging.log4j.core.pattern.PatternFormatter[] getFormatters(org.apache.logging.log4j.core.LogEvent)",
    "numberOfTotalInstructions" : 35,
    "numberOfDeadInstructions" : 1,
    "enclosingTypeName" : "org.apache.logging.log4j.core.layout.LevelPatternSelector",
    "deadInstructions" : [ {
      "stringRepresentation" : "GOTO(-47)",
      "programCounter" : 78
    } ]
  }, {
    "fullSignature" : "void <init>(org.apache.logging.log4j.core.layout.PatternMatch[],java.lang.String,boolean,boolean,boolean,org.apache.logging.log4j.core.config.Configuration)",
    "numberOfTotalInstructions" : 148,
    "numberOfDeadInstructions" : 1,
    "enclosingTypeName" : "org.apache.logging.log4j.core.layout.MarkerPatternSelector",
    "deadInstructions" : [ {
      "stringRepresentation" : "GOTO(39)",
      "programCounter" : 282
    } ]
  }, {
    "fullSignature" : "org.apache.logging.log4j.core.pattern.PatternFormatter[] getFormatters(org.apache.logging.log4j.core.LogEvent)",
    "numberOfTotalInstructions" : 34,
    "numberOfDeadInstructions" : 1,
    "enclosingTypeName" : "org.apache.logging.log4j.core.layout.MarkerPatternSelector",
    "deadInstructions" : [ {
      "stringRepresentation" : "GOTO(-46)",
      "programCounter" : 77
    } ]
  }, {
    "fullSignature" : "java.lang.StringBuilder toText(org.apache.logging.log4j.core.LogEvent,java.lang.StringBuilder,boolean)",
    "numberOfTotalInstructions" : 270,
    "numberOfDeadInstructions" : 1,
    "enclosingTypeName" : "org.apache.logging.log4j.core.layout.GelfLayout",
    "deadInstructions" : [ {
      "stringRepresentation" : "GOTO(17)",
      "programCounter" : 554
    } ]
  }, {
    "fullSignature" : "void <init>(org.apache.logging.log4j.core.config.Configuration,org.apache.logging.log4j.core.net.Facility,java.lang.String,java.lang.String,boolean,boolean,java.lang.String,java.lang.String,java.lang.String,java.lang.String,java.lang.String,java.lang.String,java.lang.String,java.lang.String,java.lang.String,java.nio.charset.Charset,java.lang.String,boolean,org.apache.logging.log4j.core.layout.LoggerFields[])",
    "numberOfTotalInstructions" : 270,
    "numberOfDeadInstructions" : 1,
    "enclosingTypeName" : "org.apache.logging.log4j.core.layout.Rfc5424Layout",
    "deadInstructions" : [ {
      "stringRepresentation" : "GOTO(16)",
      "programCounter" : 485
    } ]
  }, {
    "fullSignature" : "void appendStructuredElements(java.lang.StringBuilder,org.apache.logging.log4j.core.LogEvent)",
    "numberOfTotalInstructions" : 174,
    "numberOfDeadInstructions" : 1,
    "enclosingTypeName" : "org.apache.logging.log4j.core.layout.Rfc5424Layout",
    "deadInstructions" : [ {
      "stringRepresentation" : "GOTO(13)",
      "programCounter" : 340
    } ]
  }, {
    "fullSignature" : "void checkRequired(java.util.Map)",
    "numberOfTotalInstructions" : 37,
    "numberOfDeadInstructions" : 1,
    "enclosingTypeName" : "org.apache.logging.log4j.core.layout.Rfc5424Layout",
    "deadInstructions" : [ {
      "stringRepresentation" : "GOTO(-77)",
      "programCounter" : 87
    } ]
  }, {
    "fullSignature" : "void appendThrowableAsHtml(java.lang.Throwable,java.lang.StringBuilder)",
    "numberOfTotalInstructions" : 86,
    "numberOfDeadInstructions" : 1,
    "enclosingTypeName" : "org.apache.logging.log4j.core.layout.HtmlLayout",
    "deadInstructions" : [ {
      "stringRepresentation" : "GOTO(30)",
      "programCounter" : 93
    } ]
  }, {
    "fullSignature" : "void reregisterMBeansAfterReconfigure(javax.management.MBeanServer)",
    "numberOfTotalInstructions" : 104,
    "numberOfDeadInstructions" : 1,
    "enclosingTypeName" : "org.apache.logging.log4j.core.jmx.Server",
    "deadInstructions" : [ {
      "stringRepresentation" : "GOTO(13)",
      "programCounter" : 230
    } ]
  }, {
    "fullSignature" : "void unregisterAllMatching(java.lang.String,javax.management.MBeanServer)",
    "numberOfTotalInstructions" : 73,
    "numberOfDeadInstructions" : 1,
    "enclosingTypeName" : "org.apache.logging.log4j.core.jmx.Server",
    "deadInstructions" : [ {
      "stringRepresentation" : "GOTO(71)",
      "programCounter" : 108
    } ]
  }, {
    "fullSignature" : "java.lang.Class loadClass(java.lang.ClassLoader,java.lang.String)",
    "numberOfTotalInstructions" : 25,
    "numberOfDeadInstructions" : 1,
    "enclosingTypeName" : "org.apache.logging.log4j.core.impl.ThrowableProxyHelper",
    "deadInstructions" : [ {
      "stringRepresentation" : "GOTO(4)",
      "programCounter" : 16
    } ]
  }, {
    "fullSignature" : "java.lang.Object getValue(java.lang.String)",
    "numberOfTotalInstructions" : 22,
    "numberOfDeadInstructions" : 1,
    "enclosingTypeName" : "org.apache.logging.log4j.core.impl.ThreadContextDataInjector$AbstractContextDataInjector",
    "deadInstructions" : [ {
      "stringRepresentation" : "GOTO(-36)",
      "programCounter" : 46
    } ]
  }, {
    "fullSignature" : "org.apache.logging.log4j.core.selector.ContextSelector createContextSelector()",
    "numberOfTotalInstructions" : 25,
    "numberOfDeadInstructions" : 1,
    "enclosingTypeName" : "org.apache.logging.log4j.core.impl.Log4jContextFactory",
    "deadInstructions" : [ {
      "stringRepresentation" : "GOTO(13)",
      "programCounter" : 17
    } ]
  }, {
    "fullSignature" : "org.apache.logging.log4j.core.util.ShutdownCallbackRegistry createShutdownCallbackRegistry()",
    "numberOfTotalInstructions" : 19,
    "numberOfDeadInstructions" : 1,
    "enclosingTypeName" : "org.apache.logging.log4j.core.impl.Log4jContextFactory",
    "deadInstructions" : [ {
      "stringRepresentation" : "GOTO(13)",
      "programCounter" : 17
    } ]
  }, {
    "fullSignature" : "void formatElements(java.lang.StringBuilder,java.lang.String,int,java.lang.StackTraceElement[],org.apache.logging.log4j.core.impl.ExtendedStackTraceElement[],java.util.List,org.apache.logging.log4j.core.pattern.TextRenderer,java.lang.String,java.lang.String)",
    "numberOfTotalInstructions" : 109,
    "numberOfDeadInstructions" : 1,
    "enclosingTypeName" : "org.apache.logging.log4j.core.impl.ThrowableProxyRenderer",
    "deadInstructions" : [ {
      "stringRepresentation" : "GOTO(96)",
      "programCounter" : 60
    } ]
  }, {
    "fullSignature" : "boolean ignoreElement(java.lang.StackTraceElement,java.util.List)",
    "numberOfTotalInstructions" : 24,
    "numberOfDeadInstructions" : 1,
    "enclosingTypeName" : "org.apache.logging.log4j.core.impl.ThrowableProxyRenderer",
    "deadInstructions" : [ {
      "stringRepresentation" : "GOTO(-31)",
      "programCounter" : 47
    } ]
  }, {
    "fullSignature" : "boolean listContainsValue(java.util.List,java.lang.StringBuilder)",
    "numberOfTotalInstructions" : 51,
    "numberOfDeadInstructions" : 1,
    "enclosingTypeName" : "org.apache.logging.log4j.core.filter.StructuredDataFilter",
    "deadInstructions" : [ {
      "stringRepresentation" : "GOTO(62)",
      "programCounter" : 41
    } ]
  }, {
    "fullSignature" : "org.apache.logging.log4j.core.filter.CompositeFilter removeFilter(org.apache.logging.log4j.core.Filter)",
    "numberOfTotalInstructions" : 49,
    "numberOfDeadInstructions" : 1,
    "enclosingTypeName" : "org.apache.logging.log4j.core.filter.CompositeFilter",
    "deadInstructions" : [ {
      "stringRepresentation" : "GOTO(11)",
      "programCounter" : 71
    } ]
  }, {
    "fullSignature" : "void run()",
    "numberOfTotalInstructions" : 87,
    "numberOfDeadInstructions" : 3,
    "enclosingTypeName" : "org.apache.logging.log4j.core.filter.MutableThreadContextMapFilter$FileMonitor",
    "deadInstructions" : [ {
      "stringRepresentation" : "NOP",
      "programCounter" : 261
    }, {
      "stringRepresentation" : "NOP",
      "programCounter" : 262
    }, {
      "stringRepresentation" : "NOP",
      "programCounter" : 263
    } ]
  }, {
    "fullSignature" : "org.apache.logging.log4j.core.Filter$Result filter()",
    "numberOfTotalInstructions" : 65,
    "numberOfDeadInstructions" : 1,
    "enclosingTypeName" : "org.apache.logging.log4j.core.filter.ThreadContextMapFilter",
    "deadInstructions" : [ {
      "stringRepresentation" : "GOTO(19)",
      "programCounter" : 101
    } ]
  }, {
    "fullSignature" : "org.apache.logging.log4j.core.filter.MutableThreadContextMapFilter$ConfigResult getConfig(org.apache.logging.log4j.core.util.internal.LastModifiedSource,org.apache.logging.log4j.core.util.AuthorizationProvider)",
    "numberOfTotalInstructions" : 215,
    "numberOfDeadInstructions" : 1,
    "enclosingTypeName" : "org.apache.logging.log4j.core.filter.MutableThreadContextMapFilter",
    "deadInstructions" : [ {
      "stringRepresentation" : "GOTO(-114)",
      "programCounter" : 400
    } ]
  }, {
    "fullSignature" : "org.apache.logging.log4j.core.config.properties.PropertiesConfiguration getConfiguration(org.apache.logging.log4j.core.LoggerContext,org.apache.logging.log4j.core.config.ConfigurationSource)",
    "numberOfTotalInstructions" : 54,
    "numberOfDeadInstructions" : 1,
    "enclosingTypeName" : "org.apache.logging.log4j.core.config.properties.PropertiesConfigurationFactory",
    "deadInstructions" : [ {
      "stringRepresentation" : "GOTO(37)",
      "programCounter" : 60
    } ]
  }, {
    "fullSignature" : "void <init>(org.apache.logging.log4j.core.LoggerContext,org.apache.logging.log4j.core.config.ConfigurationSource)",
    "numberOfTotalInstructions" : 325,
    "numberOfDeadInstructions" : 1,
    "enclosingTypeName" : "org.apache.logging.log4j.core.config.xml.XmlConfiguration",
    "deadInstructions" : [ {
      "stringRepresentation" : "GOTO(22)",
      "programCounter" : 736
    } ]
  }, {
    "fullSignature" : "org.apache.logging.log4j.core.config.properties.PropertiesConfiguration build()",
    "numberOfTotalInstructions" : 486,
    "numberOfDeadInstructions" : 3,
    "enclosingTypeName" : "org.apache.logging.log4j.core.config.properties.PropertiesConfigurationBuilder",
    "deadInstructions" : [ {
      "stringRepresentation" : "GOTO(93)",
      "programCounter" : 576
    }, {
      "stringRepresentation" : "GOTO(94)",
      "programCounter" : 779
    }, {
      "stringRepresentation" : "GOTO(110)",
      "programCounter" : 993
    } ]
  }, {
    "fullSignature" : "void collectPlugins(java.lang.Iterable)",
    "numberOfTotalInstructions" : 79,
    "numberOfDeadInstructions" : 1,
    "enclosingTypeName" : "org.apache.logging.log4j.core.config.plugins.processor.PluginProcessor",
    "deadInstructions" : [ {
      "stringRepresentation" : "GOTO(-153)",
      "programCounter" : 192
    } ]
  }, {
    "fullSignature" : "void processBuilderAttribute(javax.lang.model.element.VariableElement)",
    "numberOfTotalInstructions" : 143,
    "numberOfDeadInstructions" : 1,
    "enclosingTypeName" : "org.apache.logging.log4j.core.config.plugins.processor.PluginProcessor",
    "deadInstructions" : [ {
      "stringRepresentation" : "GOTO(-236)",
      "programCounter" : 319
    } ]
  }, {
    "fullSignature" : "org.apache.logging.log4j.core.config.Node findNamedNode(java.lang.String,java.lang.Iterable)",
    "numberOfTotalInstructions" : 45,
    "numberOfDeadInstructions" : 1,
    "enclosingTypeName" : "org.apache.logging.log4j.core.config.plugins.visitors.PluginElementVisitor",
    "deadInstructions" : [ {
      "stringRepresentation" : "GOTO(-91)",
      "programCounter" : 98
    } ]
  }, {
    "fullSignature" : "void findInPackage(org.apache.logging.log4j.core.config.plugins.util.ResolverUtil$Test,java.lang.String)",
    "numberOfTotalInstructions" : 236,
    "numberOfDeadInstructions" : 2,
    "enclosingTypeName" : "org.apache.logging.log4j.core.config.plugins.util.ResolverUtil",
    "deadInstructions" : [ {
      "stringRepresentation" : "GOTO(-145)",
      "programCounter" : 185
    }, {
      "stringRepresentation" : "GOTO(-365)",
      "programCounter" : 405
    } ]
  }, {
    "fullSignature" : "void loadImplementationsInJar(org.apache.logging.log4j.core.config.plugins.util.ResolverUtil$Test,java.lang.String,java.net.URL)",
    "numberOfTotalInstructions" : 77,
    "numberOfDeadInstructions" : 1,
    "enclosingTypeName" : "org.apache.logging.log4j.core.config.plugins.util.ResolverUtil",
    "deadInstructions" : [ {
      "stringRepresentation" : "GOTO(41)",
      "programCounter" : 143
    } ]
  }, {
    "fullSignature" : "void loadImplementationsInJar(org.apache.logging.log4j.core.config.plugins.util.ResolverUtil$Test,java.lang.String,java.lang.String,java.util.jar.JarInputStream)",
    "numberOfTotalInstructions" : 34,
    "numberOfDeadInstructions" : 1,
    "enclosingTypeName" : "org.apache.logging.log4j.core.config.plugins.util.ResolverUtil",
    "deadInstructions" : [ {
      "stringRepresentation" : "GOTO(20)",
      "programCounter" : 55
    } ]
  }, {
    "fullSignature" : "java.lang.Object build()",
    "numberOfTotalInstructions" : 90,
    "numberOfDeadInstructions" : 1,
    "enclosingTypeName" : "org.apache.logging.log4j.core.config.plugins.util.PluginBuilder",
    "deadInstructions" : [ {
      "stringRepresentation" : "GOTO(72)",
      "programCounter" : 55
    } ]
  }, {
    "fullSignature" : "void injectFields(org.apache.logging.log4j.core.util.Builder)",
    "numberOfTotalInstructions" : 164,
    "numberOfDeadInstructions" : 1,
    "enclosingTypeName" : "org.apache.logging.log4j.core.config.plugins.util.PluginBuilder",
    "deadInstructions" : [ {
      "stringRepresentation" : "GOTO(-234)",
      "programCounter" : 274
    } ]
  }, {
    "fullSignature" : "boolean validateFields(org.apache.logging.log4j.core.util.Builder,java.lang.String)",
    "numberOfTotalInstructions" : 37,
    "numberOfDeadInstructions" : 1,
    "enclosingTypeName" : "org.apache.logging.log4j.core.config.plugins.util.PluginBuilder",
    "deadInstructions" : [ {
      "stringRepresentation" : "GOTO(23)",
      "programCounter" : 52
    } ]
  }, {
    "fullSignature" : "java.lang.String validateFields(org.apache.logging.log4j.core.util.Builder,java.util.List)",
    "numberOfTotalInstructions" : 72,
    "numberOfDeadInstructions" : 1,
    "enclosingTypeName" : "org.apache.logging.log4j.core.config.plugins.util.PluginBuilder",
    "deadInstructions" : [ {
      "stringRepresentation" : "GOTO(-166)",
      "programCounter" : 177
    } ]
  }, {
    "fullSignature" : "java.lang.String removeAttributeValue(java.util.Map,java.lang.String,java.lang.String[])",
    "numberOfTotalInstructions" : 60,
    "numberOfDeadInstructions" : 1,
    "enclosingTypeName" : "org.apache.logging.log4j.core.config.plugins.visitors.AbstractPluginVisitor",
    "deadInstructions" : [ {
      "stringRepresentation" : "GOTO(-122)",
      "programCounter" : 134
    } ]
  }, {
    "fullSignature" : "java.util.Map decodeCacheFiles(java.lang.ClassLoader)",
    "numberOfTotalInstructions" : 127,
    "numberOfDeadInstructions" : 1,
    "enclosingTypeName" : "org.apache.logging.log4j.core.config.plugins.util.PluginRegistry",
    "deadInstructions" : [ {
      "stringRepresentation" : "GOTO(-213)",
      "programCounter" : 311
    } ]
  }, {
    "fullSignature" : "java.util.Map loadFromPackage(java.lang.String)",
    "numberOfTotalInstructions" : 222,
    "numberOfDeadInstructions" : 1,
    "enclosingTypeName" : "org.apache.logging.log4j.core.config.plugins.util.PluginRegistry",
    "deadInstructions" : [ {
      "stringRepresentation" : "GOTO(-420)",
      "programCounter" : 515
    } ]
  }, {
    "fullSignature" : "void loadCacheFiles(java.util.Enumeration)",
    "numberOfTotalInstructions" : 88,
    "numberOfDeadInstructions" : 1,
    "enclosingTypeName" : "org.apache.logging.log4j.core.config.plugins.processor.PluginCache",
    "deadInstructions" : [ {
      "stringRepresentation" : "GOTO(-179)",
      "programCounter" : 188
    } ]
  }, {
    "fullSignature" : "void writeCache(java.io.OutputStream)",
    "numberOfTotalInstructions" : 89,
    "numberOfDeadInstructions" : 1,
    "enclosingTypeName" : "org.apache.logging.log4j.core.config.plugins.processor.PluginCache",
    "deadInstructions" : [ {
      "stringRepresentation" : "GOTO(-153)",
      "programCounter" : 197
    } ]
  }, {
    "fullSignature" : "boolean process(java.util.Set,javax.annotation.processing.RoundEnvironment)",
    "numberOfTotalInstructions" : 87,
    "numberOfDeadInstructions" : 1,
    "enclosingTypeName" : "org.apache.logging.log4j.core.config.plugins.processor.GraalVmProcessor",
    "deadInstructions" : [ {
      "stringRepresentation" : "GOTO(-198)",
      "programCounter" : 216
    } ]
  }, {
    "fullSignature" : "void writeReachabilityMetadata()",
    "numberOfTotalInstructions" : 92,
    "numberOfDeadInstructions" : 1,
    "enclosingTypeName" : "org.apache.logging.log4j.core.config.plugins.processor.GraalVmProcessor",
    "deadInstructions" : [ {
      "stringRepresentation" : "GOTO(48)",
      "programCounter" : 150
    } ]
  }, {
    "fullSignature" : "org.apache.logging.log4j.core.config.plugins.convert.TypeConverter findCompatibleConverter(java.lang.reflect.Type)",
    "numberOfTotalInstructions" : 98,
    "numberOfDeadInstructions" : 1,
    "enclosingTypeName" : "org.apache.logging.log4j.core.config.plugins.convert.TypeConverterRegistry",
    "deadInstructions" : [ {
      "stringRepresentation" : "GOTO(-92)",
      "programCounter" : 194
    } ]
  }, {
    "fullSignature" : "org.apache.logging.log4j.core.config.Node getLoggerNode(org.apache.logging.log4j.core.config.Node,java.lang.String)",
    "numberOfTotalInstructions" : 34,
    "numberOfDeadInstructions" : 1,
    "enclosingTypeName" : "org.apache.logging.log4j.core.config.composite.DefaultMergeStrategy",
    "deadInstructions" : [ {
      "stringRepresentation" : "GOTO(-66)",
      "programCounter" : 76
    } ]
  }, {
    "fullSignature" : "void mergConfigurations(org.apache.logging.log4j.core.config.Node,org.apache.logging.log4j.core.config.Node,org.apache.logging.log4j.core.config.plugins.util.PluginManager)",
    "numberOfTotalInstructions" : 394,
    "numberOfDeadInstructions" : 6,
    "enclosingTypeName" : "org.apache.logging.log4j.core.config.composite.DefaultMergeStrategy",
    "deadInstructions" : [ {
      "stringRepresentation" : "GOTO(-68)",
      "programCounter" : 394
    }, {
      "stringRepresentation" : "GOTO(-48)",
      "programCounter" : 684
    }, {
      "stringRepresentation" : "GOTO(-49)",
      "programCounter" : 886
    }, {
      "stringRepresentation" : "GOTO(67)",
      "programCounter" : 889
    }, {
      "stringRepresentation" : "GOTO(-49)",
      "programCounter" : 953
    }, {
      "stringRepresentation" : "GOTO(-480)",
      "programCounter" : 972
    } ]
  }, {
    "fullSignature" : "void setup()",
    "numberOfTotalInstructions" : 154,
    "numberOfDeadInstructions" : 1,
    "enclosingTypeName" : "org.apache.logging.log4j.core.config.composite.CompositeConfiguration",
    "deadInstructions" : [ {
      "stringRepresentation" : "GOTO(-242)",
      "programCounter" : 406
    } ]
  }, {
    "fullSignature" : "org.apache.logging.log4j.core.config.arbiters.Arbiter evaluateConditions(java.util.List)",
    "numberOfTotalInstructions" : 38,
    "numberOfDeadInstructions" : 1,
    "enclosingTypeName" : "org.apache.logging.log4j.core.config.arbiters.SelectArbiter",
    "deadInstructions" : [ {
      "stringRepresentation" : "GOTO(-44)",
      "programCounter" : 78
    } ]
  }, {
    "fullSignature" : "org.apache.logging.log4j.core.config.Node constructNode(java.lang.String,org.apache.logging.log4j.core.config.Node,com.fasterxml.jackson.databind.JsonNode)",
    "numberOfTotalInstructions" : 262,
    "numberOfDeadInstructions" : 2,
    "enclosingTypeName" : "org.apache.logging.log4j.core.config.json.JsonConfiguration",
    "deadInstructions" : [ {
      "stringRepresentation" : "GOTO(-188)",
      "programCounter" : 503
    }, {
      "stringRepresentation" : "GOTO(-479)",
      "programCounter" : 522
    } ]
  }, {
    "fullSignature" : "java.lang.String getType(com.fasterxml.jackson.databind.JsonNode,java.lang.String)",
    "numberOfTotalInstructions" : 29,
    "numberOfDeadInstructions" : 1,
    "enclosingTypeName" : "org.apache.logging.log4j.core.config.json.JsonConfiguration",
    "deadInstructions" : [ {
      "stringRepresentation" : "GOTO(-65)",
      "programCounter" : 70
    } ]
  }, {
    "fullSignature" : "org.apache.logging.log4j.core.config.arbiters.ScriptArbiter build()",
    "numberOfTotalInstructions" : 94,
    "numberOfDeadInstructions" : 1,
    "enclosingTypeName" : "org.apache.logging.log4j.core.config.arbiters.ScriptArbiter$Builder",
    "deadInstructions" : [ {
      "stringRepresentation" : "GOTO(-91)",
      "programCounter" : 106
    } ]
  }, {
    "fullSignature" : "org.apache.logging.log4j.core.config.builder.api.ConfigurationBuilder add(org.apache.logging.log4j.core.config.builder.api.RootLoggerComponentBuilder)",
    "numberOfTotalInstructions" : 29,
    "numberOfDeadInstructions" : 1,
    "enclosingTypeName" : "org.apache.logging.log4j.core.config.builder.impl.DefaultConfigurationBuilder",
    "deadInstructions" : [ {
      "stringRepresentation" : "GOTO(-41)",
      "programCounter" : 54
    } ]
  }, {
    "fullSignature" : "org.apache.logging.log4j.core.config.Configuration getConfiguration(org.apache.logging.log4j.core.LoggerContext,org.apache.logging.log4j.core.config.ConfigurationSource)",
    "numberOfTotalInstructions" : 71,
    "numberOfDeadInstructions" : 1,
    "enclosingTypeName" : "org.apache.logging.log4j.core.config.ConfigurationFactory$Factory",
    "deadInstructions" : [ {
      "stringRepresentation" : "GOTO(-130)",
      "programCounter" : 149
    } ]
  }, {
    "fullSignature" : "org.apache.logging.log4j.core.config.Configuration getConfiguration(java.lang.String,org.apache.logging.log4j.core.LoggerContext,java.lang.String)",
    "numberOfTotalInstructions" : 84,
    "numberOfDeadInstructions" : 1,
    "enclosingTypeName" : "org.apache.logging.log4j.core.config.ConfigurationFactory$Factory",
    "deadInstructions" : [ {
      "stringRepresentation" : "GOTO(-122)",
      "programCounter" : 186
    } ]
  }, {
    "fullSignature" : "org.apache.logging.log4j.core.config.Configuration getConfiguration(org.apache.logging.log4j.core.LoggerContext,boolean,java.lang.String)",
    "numberOfTotalInstructions" : 100,
    "numberOfDeadInstructions" : 1,
    "enclosingTypeName" : "org.apache.logging.log4j.core.config.ConfigurationFactory$Factory",
    "deadInstructions" : [ {
      "stringRepresentation" : "GOTO(-206)",
      "programCounter" : 227
    } ]
  }, {
    "fullSignature" : "org.apache.logging.log4j.core.config.Configuration getConfiguration(org.apache.logging.log4j.core.LoggerContext,java.lang.String,java.net.URI)",
    "numberOfTotalInstructions" : 303,
    "numberOfDeadInstructions" : 3,
    "enclosingTypeName" : "org.apache.logging.log4j.core.config.ConfigurationFactory$Factory",
    "deadInstructions" : [ {
      "stringRepresentation" : "GOTO(-94)",
      "programCounter" : 345
    }, {
      "stringRepresentation" : "GOTO(241)",
      "programCounter" : 348
    }, {
      "stringRepresentation" : "GOTO(-104)",
      "programCounter" : 586
    } ]
  }, {
    "fullSignature" : "void doConfigure()",
    "numberOfTotalInstructions" : 383,
    "numberOfDeadInstructions" : 3,
    "enclosingTypeName" : "org.apache.logging.log4j.core.config.AbstractConfiguration",
    "deadInstructions" : [ {
      "stringRepresentation" : "GOTO(-77)",
      "programCounter" : 115
    }, {
      "stringRepresentation" : "GOTO(-156)",
      "programCounter" : 376
    }, {
      "stringRepresentation" : "GOTO(-133)",
      "programCounter" : 909
    } ]
  }, {
    "fullSignature" : "boolean hasAsyncLoggers()",
    "numberOfTotalInstructions" : 26,
    "numberOfDeadInstructions" : 1,
    "enclosingTypeName" : "org.apache.logging.log4j.core.config.AbstractConfiguration",
    "deadInstructions" : [ {
      "stringRepresentation" : "GOTO(-28)",
      "programCounter" : 55
    } ]
  }, {
    "fullSignature" : "void preConfigure(org.apache.logging.log4j.core.config.Node)",
    "numberOfTotalInstructions" : 56,
    "numberOfDeadInstructions" : 1,
    "enclosingTypeName" : "org.apache.logging.log4j.core.config.AbstractConfiguration",
    "deadInstructions" : [ {
      "stringRepresentation" : "GOTO(36)",
      "programCounter" : 105
    } ]
  }, {
    "fullSignature" : "void processConditionals(org.apache.logging.log4j.core.config.Node)",
    "numberOfTotalInstructions" : 141,
    "numberOfDeadInstructions" : 1,
    "enclosingTypeName" : "org.apache.logging.log4j.core.config.AbstractConfiguration",
    "deadInstructions" : [ {
      "stringRepresentation" : "GOTO(36)",
      "programCounter" : 318
    } ]
  }, {
    "fullSignature" : "void enqueueLogMessageWhenQueueFull(org.apache.logging.log4j.core.async.RingBufferLogEventTranslator)",
    "numberOfTotalInstructions" : 31,
    "numberOfDeadInstructions" : 1,
    "enclosingTypeName" : "org.apache.logging.log4j.core.async.AsyncLoggerDisruptor",
    "deadInstructions" : [ {
      "stringRepresentation" : "GOTO(20)",
      "programCounter" : 32
    } ]
  }, {
    "fullSignature" : "void enqueueLogMessageWhenQueueFull(com.lmax.disruptor.EventTranslatorVararg,org.apache.logging.log4j.core.async.AsyncLogger,java.lang.StackTraceElement,java.lang.String,org.apache.logging.log4j.Level,org.apache.logging.log4j.Marker,org.apache.logging.log4j.message.Message,java.lang.Throwable)",
    "numberOfTotalInstructions" : 96,
    "numberOfDeadInstructions" : 1,
    "enclosingTypeName" : "org.apache.logging.log4j.core.async.AsyncLoggerDisruptor",
    "deadInstructions" : [ {
      "stringRepresentation" : "GOTO(70)",
      "programCounter" : 79
    } ]
  }, {
    "fullSignature" : "void enqueue(org.apache.logging.log4j.core.LogEvent,org.apache.logging.log4j.core.async.AsyncLoggerConfig)",
    "numberOfTotalInstructions" : 34,
    "numberOfDeadInstructions" : 1,
    "enclosingTypeName" : "org.apache.logging.log4j.core.async.AsyncLoggerConfigDisruptor",
    "deadInstructions" : [ {
      "stringRepresentation" : "GOTO(19)",
      "programCounter" : 42
    } ]
  }, {
    "fullSignature" : "void log(org.apache.logging.log4j.core.LogEvent,org.apache.logging.log4j.core.config.LoggerConfig$LoggerConfigPredicate)",
    "numberOfTotalInstructions" : 40,
    "numberOfDeadInstructions" : 1,
    "enclosingTypeName" : "org.apache.logging.log4j.core.async.AsyncLoggerConfig",
    "deadInstructions" : [ {
      "stringRepresentation" : "GOTO(9)",
      "programCounter" : 80
    } ]
  }, {
    "fullSignature" : "java.nio.file.FileVisitResult visitFile(java.nio.file.Path,java.nio.file.attribute.BasicFileAttributes)",
    "numberOfTotalInstructions" : 45,
    "numberOfDeadInstructions" : 1,
    "enclosingTypeName" : "org.apache.logging.log4j.core.appender.rolling.action.PosixViewAttributeAction$1",
    "deadInstructions" : [ {
      "stringRepresentation" : "GOTO(-69)",
      "programCounter" : 79
    } ]
  }, {
    "fullSignature" : "org.apache.logging.log4j.core.Appender createAppender(org.apache.logging.log4j.core.appender.routing.Route,org.apache.logging.log4j.core.LogEvent)",
    "numberOfTotalInstructions" : 69,
    "numberOfDeadInstructions" : 1,
    "enclosingTypeName" : "org.apache.logging.log4j.core.appender.routing.RoutingAppender",
    "deadInstructions" : [ {
      "stringRepresentation" : "GOTO(-123)",
      "programCounter" : 139
    } ]
  }, {
    "fullSignature" : "boolean execute(java.lang.String,java.io.File,java.io.File,boolean)",
    "numberOfTotalInstructions" : 118,
    "numberOfDeadInstructions" : 1,
    "enclosingTypeName" : "org.apache.logging.log4j.core.appender.rolling.action.CommonsCompressAction",
    "deadInstructions" : [ {
      "stringRepresentation" : "GOTO(15)",
      "programCounter" : 182
    } ]
  }, {
    "fullSignature" : "java.nio.file.FileVisitResult visitFile(java.nio.file.Path,java.nio.file.attribute.BasicFileAttributes)",
    "numberOfTotalInstructions" : 45,
    "numberOfDeadInstructions" : 1,
    "enclosingTypeName" : "org.apache.logging.log4j.core.appender.rolling.action.DeletingVisitor",
    "deadInstructions" : [ {
      "stringRepresentation" : "GOTO(-69)",
      "programCounter" : 79
    } ]
  }, {
    "fullSignature" : "int purgeAscending(int,int,org.apache.logging.log4j.core.appender.rolling.RollingFileManager)",
    "numberOfTotalInstructions" : 184,
    "numberOfDeadInstructions" : 1,
    "enclosingTypeName" : "org.apache.logging.log4j.core.appender.rolling.DefaultRolloverStrategy",
    "deadInstructions" : [ {
      "stringRepresentation" : "GOTO(-182)",
      "programCounter" : 399
    } ]
  }, {
    "fullSignature" : "int purgeDescending(int,int,org.apache.logging.log4j.core.appender.rolling.RollingFileManager)",
    "numberOfTotalInstructions" : 145,
    "numberOfDeadInstructions" : 1,
    "enclosingTypeName" : "org.apache.logging.log4j.core.appender.rolling.DefaultRolloverStrategy",
    "deadInstructions" : [ {
      "stringRepresentation" : "GOTO(-183)",
      "programCounter" : 344
    } ]
  }, {
    "fullSignature" : "void run()",
    "numberOfTotalInstructions" : 36,
    "numberOfDeadInstructions" : 1,
    "enclosingTypeName" : "org.apache.logging.log4j.core.appender.mom.JmsManager$Reconnector",
    "deadInstructions" : [ {
      "stringRepresentation" : "GOTO(-75)",
      "programCounter" : 75
    } ]
  }, {
    "fullSignature" : "boolean requiresLocation()",
    "numberOfTotalInstructions" : 27,
    "numberOfDeadInstructions" : 1,
    "enclosingTypeName" : "org.apache.logging.log4j.core.appender.rewrite.RewriteAppender",
    "deadInstructions" : [ {
      "stringRepresentation" : "GOTO(-45)",
      "programCounter" : 60
    } ]
  }, {
    "fullSignature" : "void run()",
    "numberOfTotalInstructions" : 36,
    "numberOfDeadInstructions" : 1,
    "enclosingTypeName" : "org.apache.logging.log4j.core.appender.db.jdbc.JdbcDatabaseManager$Reconnector",
    "deadInstructions" : [ {
      "stringRepresentation" : "GOTO(-75)",
      "programCounter" : 75
    } ]
  }, {
    "fullSignature" : "java.util.SortedMap getEligibleFiles(java.lang.String,java.lang.String,java.lang.String,boolean)",
    "numberOfTotalInstructions" : 175,
    "numberOfDeadInstructions" : 1,
    "enclosingTypeName" : "org.apache.logging.log4j.core.appender.rolling.AbstractRolloverStrategy",
    "deadInstructions" : [ {
      "stringRepresentation" : "GOTO(48)",
      "programCounter" : 365
    } ]
  }, {
    "fullSignature" : "void initColumnMetaData()",
    "numberOfTotalInstructions" : 82,
    "numberOfDeadInstructions" : 1,
    "enclosingTypeName" : "org.apache.logging.log4j.core.appender.db.jdbc.JdbcDatabaseManager",
    "deadInstructions" : [ {
      "stringRepresentation" : "GOTO(20)",
      "programCounter" : 126
    } ]
  }, {
    "fullSignature" : "void writeThrough(org.apache.logging.log4j.core.LogEvent,java.io.Serializable)",
    "numberOfTotalInstructions" : 36,
    "numberOfDeadInstructions" : 1,
    "enclosingTypeName" : "org.apache.logging.log4j.core.appender.db.jdbc.JdbcDatabaseManager",
    "deadInstructions" : [ {
      "stringRepresentation" : "GOTO(33)",
      "programCounter" : 26
    } ]
  }, {
    "fullSignature" : "void send(org.apache.logging.log4j.core.Layout,org.apache.logging.log4j.core.LogEvent)",
    "numberOfTotalInstructions" : 228,
    "numberOfDeadInstructions" : 1,
    "enclosingTypeName" : "org.apache.logging.log4j.core.appender.HttpURLConnectionManager",
    "deadInstructions" : [ {
      "stringRepresentation" : "GOTO(167)",
      "programCounter" : 330
    } ]
  }, {
    "fullSignature" : "void write(byte[],int,int,boolean)",
    "numberOfTotalInstructions" : 60,
    "numberOfDeadInstructions" : 1,
    "enclosingTypeName" : "org.apache.logging.log4j.core.appender.FileManager",
    "deadInstructions" : [ {
      "stringRepresentation" : "GOTO(47)",
      "programCounter" : 80
    } ]
  }, {
    "fullSignature" : "void writeToDestination(byte[],int,int)",
    "numberOfTotalInstructions" : 58,
    "numberOfDeadInstructions" : 1,
    "enclosingTypeName" : "org.apache.logging.log4j.core.appender.FileManager",
    "deadInstructions" : [ {
      "stringRepresentation" : "GOTO(45)",
      "programCounter" : 78
    } ]
  }, {
    "fullSignature" : "boolean requiresLocation()",
    "numberOfTotalInstructions" : 44,
    "numberOfDeadInstructions" : 1,
    "enclosingTypeName" : "org.apache.logging.log4j.core.appender.AsyncAppender",
    "deadInstructions" : [ {
      "stringRepresentation" : "GOTO(-40)",
      "programCounter" : 59
    } ]
  }, {
    "fullSignature" : "boolean requiresLocation()",
    "numberOfTotalInstructions" : 42,
    "numberOfDeadInstructions" : 1,
    "enclosingTypeName" : "org.apache.logging.log4j.core.appender.FailoverAppender",
    "deadInstructions" : [ {
      "stringRepresentation" : "GOTO(-45)",
      "programCounter" : 95
    } ]
  } ]
}