{
  "filesAnalyzed" : [ "benchmark/jars/cfr-0.152.jar" ],
  "domainUsed" : "org.opalj.ai.domain.l1.DefaultReferenceValuesDomain",
  "timeFinished" : "2025-07-01T00:27:54.4816651",
  "totalRuntimeMs" : 455,
  "methodsFound" : [ {
    "fullSignature" : "void process()",
    "numberOfTotalInstructions" : 48,
    "numberOfDeadInstructions" : 1,
    "enclosingTypeName" : "org.benf.cfr.reader.util.graph.GraphVisitorDFS",
    "deadInstructions" : [ {
      "stringRepresentation" : "GOTO(-80)",
      "programCounter" : 106
    } ]
  }, {
    "fullSignature" : "org.benf.cfr.reader.bytecode.analysis.parse.utils.Pair process(java.lang.String[],org.benf.cfr.reader.util.getopt.PermittedOptionProvider)",
    "numberOfTotalInstructions" : 146,
    "numberOfDeadInstructions" : 1,
    "enclosingTypeName" : "org.benf.cfr.reader.util.getopt.GetOptParser",
    "deadInstructions" : [ {
      "stringRepresentation" : "GOTO(15)",
      "programCounter" : 298
    } ]
  }, {
    "fullSignature" : "void showOptionHelp(org.benf.cfr.reader.util.getopt.PermittedOptionProvider,org.benf.cfr.reader.util.getopt.Options,org.benf.cfr.reader.util.getopt.PermittedOptionProvider$ArgumentParam)",
    "numberOfTotalInstructions" : 54,
    "numberOfDeadInstructions" : 1,
    "enclosingTypeName" : "org.benf.cfr.reader.util.getopt.GetOptParser",
    "deadInstructions" : [ {
      "stringRepresentation" : "GOTO(-47)",
      "programCounter" : 79
    } ]
  }, {
    "fullSignature" : "void addDisplayNames(java.util.Collection)",
    "numberOfTotalInstructions" : 223,
    "numberOfDeadInstructions" : 1,
    "enclosingTypeName" : "org.benf.cfr.reader.state.TypeUsageInformationImpl",
    "deadInstructions" : [ {
      "stringRepresentation" : "GOTO(-386)",
      "programCounter" : 545
    } ]
  }, {
    "fullSignature" : "java.util.Collection addJar(java.lang.String)",
    "numberOfTotalInstructions" : 22,
    "numberOfDeadInstructions" : 1,
    "enclosingTypeName" : "org.benf.cfr.reader.state.ClassFileSourceChained",
    "deadInstructions" : [ {
      "stringRepresentation" : "GOTO(-36)",
      "programCounter" : 46
    } ]
  }, {
    "fullSignature" : "org.benf.cfr.reader.apiunreleased.JarContent addJarContent(java.lang.String,org.benf.cfr.reader.util.AnalysisType)",
    "numberOfTotalInstructions" : 23,
    "numberOfDeadInstructions" : 1,
    "enclosingTypeName" : "org.benf.cfr.reader.state.ClassFileSourceChained",
    "deadInstructions" : [ {
      "stringRepresentation" : "GOTO(-39)",
      "programCounter" : 49
    } ]
  }, {
    "fullSignature" : "org.benf.cfr.reader.bytecode.analysis.parse.utils.Pair getClassFileContent(java.lang.String)",
    "numberOfTotalInstructions" : 22,
    "numberOfDeadInstructions" : 1,
    "enclosingTypeName" : "org.benf.cfr.reader.state.ClassFileSourceChained",
    "deadInstructions" : [ {
      "stringRepresentation" : "GOTO(-36)",
      "programCounter" : 46
    } ]
  }, {
    "fullSignature" : "java.lang.String getPossiblyRenamedPath(java.lang.String)",
    "numberOfTotalInstructions" : 22,
    "numberOfDeadInstructions" : 1,
    "enclosingTypeName" : "org.benf.cfr.reader.state.ClassFileSourceChained",
    "deadInstructions" : [ {
      "stringRepresentation" : "GOTO(-36)",
      "programCounter" : 46
    } ]
  }, {
    "fullSignature" : "boolean all(java.util.Collection,org.benf.cfr.reader.util.functors.Predicate)",
    "numberOfTotalInstructions" : 20,
    "numberOfDeadInstructions" : 1,
    "enclosingTypeName" : "org.benf.cfr.reader.util.collections.Functional",
    "deadInstructions" : [ {
      "stringRepresentation" : "GOTO(-30)",
      "programCounter" : 41
    } ]
  }, {
    "fullSignature" : "boolean any(java.util.Collection,org.benf.cfr.reader.util.functors.Predicate)",
    "numberOfTotalInstructions" : 20,
    "numberOfDeadInstructions" : 1,
    "enclosingTypeName" : "org.benf.cfr.reader.util.collections.Functional",
    "deadInstructions" : [ {
      "stringRepresentation" : "GOTO(-30)",
      "programCounter" : 41
    } ]
  }, {
    "fullSignature" : "java.lang.Object findOrNull(java.util.Collection,org.benf.cfr.reader.util.functors.Predicate)",
    "numberOfTotalInstructions" : 20,
    "numberOfDeadInstructions" : 1,
    "enclosingTypeName" : "org.benf.cfr.reader.util.collections.Functional",
    "deadInstructions" : [ {
      "stringRepresentation" : "GOTO(-31)",
      "programCounter" : 42
    } ]
  }, {
    "fullSignature" : "org.benf.cfr.reader.entities.attributes.Attribute build(org.benf.cfr.reader.util.bytestream.ByteData,org.benf.cfr.reader.entities.constantpool.ConstantPool,org.benf.cfr.reader.util.ClassFileVersion)",
    "numberOfTotalInstructions" : 281,
    "numberOfDeadInstructions" : 1,
    "enclosingTypeName" : "org.benf.cfr.reader.entityfactories.AttributeFactory",
    "deadInstructions" : [ {
      "stringRepresentation" : "GOTO(8)",
      "programCounter" : 555
    } ]
  }, {
    "fullSignature" : "java.util.Map inferInnerClasses(java.util.List,java.util.Map)",
    "numberOfTotalInstructions" : 150,
    "numberOfDeadInstructions" : 1,
    "enclosingTypeName" : "org.benf.cfr.reader.mapping.MappingFactory",
    "deadInstructions" : [ {
      "stringRepresentation" : "GOTO(-137)",
      "programCounter" : 379
    } ]
  }, {
    "fullSignature" : "void inheritFrom(org.benf.cfr.reader.relationship.MemberNameResolver$MemberInfo)",
    "numberOfTotalInstructions" : 63,
    "numberOfDeadInstructions" : 2,
    "enclosingTypeName" : "org.benf.cfr.reader.relationship.MemberNameResolver$MemberInfo",
    "deadInstructions" : [ {
      "stringRepresentation" : "GOTO(-106)",
      "programCounter" : 172
    }, {
      "stringRepresentation" : "GOTO(-160)",
      "programCounter" : 175
    } ]
  }, {
    "fullSignature" : "boolean equals(java.util.Set,java.util.Collection)",
    "numberOfTotalInstructions" : 25,
    "numberOfDeadInstructions" : 1,
    "enclosingTypeName" : "org.benf.cfr.reader.util.collections.SetUtil",
    "deadInstructions" : [ {
      "stringRepresentation" : "GOTO(-28)",
      "programCounter" : 52
    } ]
  }, {
    "fullSignature" : "boolean hasIntersection(java.util.Set,java.util.Collection)",
    "numberOfTotalInstructions" : 26,
    "numberOfDeadInstructions" : 1,
    "enclosingTypeName" : "org.benf.cfr.reader.util.collections.SetUtil",
    "deadInstructions" : [ {
      "stringRepresentation" : "GOTO(-28)",
      "programCounter" : 55
    } ]
  }, {
    "fullSignature" : "org.benf.cfr.reader.bytecode.analysis.types.JavaTypeInstance generateTypeInstance()",
    "numberOfTotalInstructions" : 60,
    "numberOfDeadInstructions" : 13,
    "enclosingTypeName" : "org.benf.cfr.reader.entities.Field",
    "deadInstructions" : [ {
      "stringRepresentation" : "GOTO(5)",
      "programCounter" : 58
    }, {
      "stringRepresentation" : "ALOAD(4)",
      "programCounter" : 89
    }, {
      "stringRepresentation" : "ASTORE(5)",
      "programCounter" : 91
    }, {
      "stringRepresentation" : "ALOAD(4)",
      "programCounter" : 98
    }, {
      "stringRepresentation" : "INVOKEINTERFACE(org.benf.cfr.reader.bytecode.analysis.types.JavaTypeInstance{ org.benf.cfr.reader.bytecode.analysis.types.JavaTypeInstance getDeGenerifiedType() })",
      "programCounter" : 100
    }, {
      "stringRepresentation" : "ALOAD(5)",
      "programCounter" : 105
    }, {
      "stringRepresentation" : "INVOKEINTERFACE(org.benf.cfr.reader.bytecode.analysis.types.JavaTypeInstance{ org.benf.cfr.reader.bytecode.analysis.types.JavaTypeInstance getDeGenerifiedType() })",
      "programCounter" : 107
    }, {
      "stringRepresentation" : "INVOKEVIRTUAL(java.lang.Object{ boolean equals(java.lang.Object) })",
      "programCounter" : 112
    }, {
      "stringRepresentation" : "IFEQ(6)",
      "programCounter" : 115
    }, {
      "stringRepresentation" : "ALOAD(4)",
      "programCounter" : 118
    }, {
      "stringRepresentation" : "ARETURN",
      "programCounter" : 120
    }, {
      "stringRepresentation" : "ALOAD(5)",
      "programCounter" : 121
    }, {
      "stringRepresentation" : "ARETURN",
      "programCounter" : 123
    } ]
  }, {
    "fullSignature" : "void main(java.lang.String[])",
    "numberOfTotalInstructions" : 67,
    "numberOfDeadInstructions" : 1,
    "enclosingTypeName" : "org.benf.cfr.reader.Main",
    "deadInstructions" : [ {
      "stringRepresentation" : "GOTO(15)",
      "programCounter" : 59
    } ]
  }, {
    "fullSignature" : "void initialise(java.util.Collection)",
    "numberOfTotalInstructions" : 144,
    "numberOfDeadInstructions" : 1,
    "enclosingTypeName" : "org.benf.cfr.reader.relationship.MemberNameResolver",
    "deadInstructions" : [ {
      "stringRepresentation" : "GOTO(-201)",
      "programCounter" : 263
    } ]
  }, {
    "fullSignature" : "void insertParentClashes()",
    "numberOfTotalInstructions" : 64,
    "numberOfDeadInstructions" : 3,
    "enclosingTypeName" : "org.benf.cfr.reader.relationship.MemberNameResolver",
    "deadInstructions" : [ {
      "stringRepresentation" : "GOTO(-78)",
      "programCounter" : 172
    }, {
      "stringRepresentation" : "GOTO(-121)",
      "programCounter" : 175
    }, {
      "stringRepresentation" : "GOTO(-163)",
      "programCounter" : 178
    } ]
  }, {
    "fullSignature" : "byte[] getUrlContent(java.net.URL)",
    "numberOfTotalInstructions" : 57,
    "numberOfDeadInstructions" : 1,
    "enclosingTypeName" : "org.benf.cfr.reader.state.ClassFileSourceImpl",
    "deadInstructions" : [ {
      "stringRepresentation" : "GOTO(5)",
      "programCounter" : 105
    } ]
  }, {
    "fullSignature" : "void processToClassPath(boolean,java.lang.String)",
    "numberOfTotalInstructions" : 74,
    "numberOfDeadInstructions" : 1,
    "enclosingTypeName" : "org.benf.cfr.reader.state.ClassFileSourceImpl",
    "deadInstructions" : [ {
      "stringRepresentation" : "GOTO(32)",
      "programCounter" : 126
    } ]
  }, {
    "fullSignature" : "org.benf.cfr.reader.bytecode.analysis.types.JavaTypeInstance parseRefType(java.lang.String,org.benf.cfr.reader.entities.constantpool.ConstantPool,boolean)",
    "numberOfTotalInstructions" : 116,
    "numberOfDeadInstructions" : 1,
    "enclosingTypeName" : "org.benf.cfr.reader.entities.constantpool.ConstantPoolUtils",
    "deadInstructions" : [ {
      "stringRepresentation" : "GOTO(-140)",
      "programCounter" : 173
    } ]
  }, {
    "fullSignature" : "java.lang.String getFieldNameOrNull(java.lang.String,org.benf.cfr.reader.bytecode.analysis.types.JavaTypeInstance,org.benf.cfr.reader.util.output.Dumper,org.benf.cfr.reader.mapping.Mapping)",
    "numberOfTotalInstructions" : 90,
    "numberOfDeadInstructions" : 1,
    "enclosingTypeName" : "org.benf.cfr.reader.mapping.ClassMapping",
    "deadInstructions" : [ {
      "stringRepresentation" : "GOTO(-79)",
      "programCounter" : 132
    } ]
  }, {
    "fullSignature" : "boolean checkAgainstException(org.benf.cfr.reader.bytecode.analysis.parse.Expression)",
    "numberOfTotalInstructions" : 62,
    "numberOfDeadInstructions" : 1,
    "enclosingTypeName" : "org.benf.cfr.reader.entities.exceptions.ExceptionCheckImpl",
    "deadInstructions" : [ {
      "stringRepresentation" : "GOTO(7)",
      "programCounter" : 73
    } ]
  }, {
    "fullSignature" : "boolean checkAgainstInternal(java.util.Set)",
    "numberOfTotalInstructions" : 53,
    "numberOfDeadInstructions" : 1,
    "enclosingTypeName" : "org.benf.cfr.reader.entities.exceptions.ExceptionCheckImpl",
    "deadInstructions" : [ {
      "stringRepresentation" : "GOTO(-83)",
      "programCounter" : 101
    } ]
  }, {
    "fullSignature" : "void processEntry(org.benf.cfr.reader.entities.exceptions.ExceptionTableEntry)",
    "numberOfTotalInstructions" : 358,
    "numberOfDeadInstructions" : 2,
    "enclosingTypeName" : "org.benf.cfr.reader.entities.exceptions.IntervalOverlapper",
    "deadInstructions" : [ {
      "stringRepresentation" : "GOTO(-116)",
      "programCounter" : 518
    }, {
      "stringRepresentation" : "GOTO(-117)",
      "programCounter" : 870
    } ]
  }, {
    "fullSignature" : "boolean canExtendTo(org.benf.cfr.reader.entities.exceptions.ExceptionTableEntry,org.benf.cfr.reader.entities.exceptions.ExceptionTableEntry,org.benf.cfr.reader.util.DecompilerComments)",
    "numberOfTotalInstructions" : 79,
    "numberOfDeadInstructions" : 1,
    "enclosingTypeName" : "org.benf.cfr.reader.entities.exceptions.ExceptionAggregator",
    "deadInstructions" : [ {
      "stringRepresentation" : "GOTO(-177)",
      "programCounter" : 201
    } ]
  }, {
    "fullSignature" : "void collectTypeUsages(org.benf.cfr.reader.state.TypeUsageCollector)",
    "numberOfTotalInstructions" : 28,
    "numberOfDeadInstructions" : 1,
    "enclosingTypeName" : "org.benf.cfr.reader.entities.attributes.AttributeTypeAnnotations",
    "deadInstructions" : [ {
      "stringRepresentation" : "GOTO(-58)",
      "programCounter" : 73
    } ]
  }, {
    "fullSignature" : "org.benf.cfr.reader.util.output.Dumper dump(org.benf.cfr.reader.util.output.Dumper)",
    "numberOfTotalInstructions" : 33,
    "numberOfDeadInstructions" : 1,
    "enclosingTypeName" : "org.benf.cfr.reader.entities.attributes.AttributeTypeAnnotations",
    "deadInstructions" : [ {
      "stringRepresentation" : "GOTO(-66)",
      "programCounter" : 81
    } ]
  }, {
    "fullSignature" : "void <init>(org.benf.cfr.reader.util.bytestream.ByteData,org.benf.cfr.reader.entities.constantpool.ConstantPool,org.benf.cfr.reader.util.ClassFileVersion)",
    "numberOfTotalInstructions" : 46,
    "numberOfDeadInstructions" : 1,
    "enclosingTypeName" : "org.benf.cfr.reader.entities.attributes.AttributeStackMapTable",
    "deadInstructions" : [ {
      "stringRepresentation" : "GOTO(8)",
      "programCounter" : 84
    } ]
  }, {
    "fullSignature" : "boolean matches(int,int,int)",
    "numberOfTotalInstructions" : 22,
    "numberOfDeadInstructions" : 1,
    "enclosingTypeName" : "org.benf.cfr.reader.entities.attributes.TypeAnnotationTargetInfo$TypeAnnotationLocalVarTarget",
    "deadInstructions" : [ {
      "stringRepresentation" : "GOTO(-35)",
      "programCounter" : 46
    } ]
  }, {
    "fullSignature" : "void collectTypeUsages(org.benf.cfr.reader.state.TypeUsageCollector)",
    "numberOfTotalInstructions" : 27,
    "numberOfDeadInstructions" : 1,
    "enclosingTypeName" : "org.benf.cfr.reader.entities.attributes.AttributeParameterAnnotations",
    "deadInstructions" : [ {
      "stringRepresentation" : "GOTO(-58)",
      "programCounter" : 68
    } ]
  }, {
    "fullSignature" : "java.util.Set getVersionCollisions(java.util.Map)",
    "numberOfTotalInstructions" : 43,
    "numberOfDeadInstructions" : 1,
    "enclosingTypeName" : "org.benf.cfr.reader.Driver",
    "deadInstructions" : [ {
      "stringRepresentation" : "GOTO(-74)",
      "programCounter" : 108
    } ]
  }, {
    "fullSignature" : "void calculateFieldsByName()",
    "numberOfTotalInstructions" : 161,
    "numberOfDeadInstructions" : 2,
    "enclosingTypeName" : "org.benf.cfr.reader.entities.ClassFile",
    "deadInstructions" : [ {
      "stringRepresentation" : "GOTO(-42)",
      "programCounter" : 101
    }, {
      "stringRepresentation" : "GOTO(-107)",
      "programCounter" : 387
    } ]
  }, {
    "fullSignature" : "void checkInnerClassAssumption(org.benf.cfr.reader.entities.attributes.AttributeInnerClasses,org.benf.cfr.reader.bytecode.analysis.types.JavaRefTypeInstance,org.benf.cfr.reader.state.DCCommonState)",
    "numberOfTotalInstructions" : 28,
    "numberOfDeadInstructions" : 1,
    "enclosingTypeName" : "org.benf.cfr.reader.entities.ClassFile",
    "deadInstructions" : [ {
      "stringRepresentation" : "GOTO(-35)",
      "programCounter" : 50
    } ]
  }, {
    "fullSignature" : "void dumpPermitted(org.benf.cfr.reader.util.output.Dumper)",
    "numberOfTotalInstructions" : 73,
    "numberOfDeadInstructions" : 1,
    "enclosingTypeName" : "org.benf.cfr.reader.entities.ClassFile",
    "deadInstructions" : [ {
      "stringRepresentation" : "GOTO(-45)",
      "programCounter" : 100
    } ]
  }, {
    "fullSignature" : "boolean hasAccessibleField(java.lang.String,org.benf.cfr.reader.bytecode.analysis.types.JavaRefTypeInstance)",
    "numberOfTotalInstructions" : 60,
    "numberOfDeadInstructions" : 1,
    "enclosingTypeName" : "org.benf.cfr.reader.entities.ClassFile",
    "deadInstructions" : [ {
      "stringRepresentation" : "GOTO(-37)",
      "programCounter" : 129
    } ]
  }, {
    "fullSignature" : "boolean isInferredAnonymousStatic(org.benf.cfr.reader.state.DCCommonState,org.benf.cfr.reader.bytecode.analysis.types.JavaTypeInstance,org.benf.cfr.reader.bytecode.analysis.types.JavaTypeInstance)",
    "numberOfTotalInstructions" : 117,
    "numberOfDeadInstructions" : 1,
    "enclosingTypeName" : "org.benf.cfr.reader.entities.ClassFile",
    "deadInstructions" : [ {
      "stringRepresentation" : "GOTO(5)",
      "programCounter" : 251
    } ]
  }, {
    "fullSignature" : "boolean testIsInnerClass(org.benf.cfr.reader.state.DCCommonState)",
    "numberOfTotalInstructions" : 33,
    "numberOfDeadInstructions" : 1,
    "enclosingTypeName" : "org.benf.cfr.reader.entities.ClassFile",
    "deadInstructions" : [ {
      "stringRepresentation" : "GOTO(-37)",
      "programCounter" : 65
    } ]
  }, {
    "fullSignature" : "org.benf.cfr.reader.bytecode.analysis.types.JavaGenericRefTypeInstance asGenericRefInstance(org.benf.cfr.reader.bytecode.analysis.types.JavaTypeInstance)",
    "numberOfTotalInstructions" : 26,
    "numberOfDeadInstructions" : 1,
    "enclosingTypeName" : "org.benf.cfr.reader.bytecode.analysis.types.JavaIntersectionTypeInstance",
    "deadInstructions" : [ {
      "stringRepresentation" : "GOTO(-43)",
      "programCounter" : 60
    } ]
  }, {
    "fullSignature" : "boolean correctCanCastTo(org.benf.cfr.reader.bytecode.analysis.types.JavaTypeInstance,org.benf.cfr.reader.bytecode.analysis.types.GenericTypeBinder)",
    "numberOfTotalInstructions" : 21,
    "numberOfDeadInstructions" : 1,
    "enclosingTypeName" : "org.benf.cfr.reader.bytecode.analysis.types.JavaIntersectionTypeInstance",
    "deadInstructions" : [ {
      "stringRepresentation" : "GOTO(-34)",
      "programCounter" : 44
    } ]
  }, {
    "fullSignature" : "org.benf.cfr.reader.bytecode.analysis.types.JavaTypeInstance directImplOf(org.benf.cfr.reader.bytecode.analysis.types.JavaTypeInstance)",
    "numberOfTotalInstructions" : 22,
    "numberOfDeadInstructions" : 1,
    "enclosingTypeName" : "org.benf.cfr.reader.bytecode.analysis.types.JavaIntersectionTypeInstance",
    "deadInstructions" : [ {
      "stringRepresentation" : "GOTO(-36)",
      "programCounter" : 46
    } ]
  }, {
    "fullSignature" : "boolean implicitlyCastsTo(org.benf.cfr.reader.bytecode.analysis.types.JavaTypeInstance,org.benf.cfr.reader.bytecode.analysis.types.GenericTypeBinder)",
    "numberOfTotalInstructions" : 21,
    "numberOfDeadInstructions" : 1,
    "enclosingTypeName" : "org.benf.cfr.reader.bytecode.analysis.types.JavaIntersectionTypeInstance",
    "deadInstructions" : [ {
      "stringRepresentation" : "GOTO(-34)",
      "programCounter" : 44
    } ]
  }, {
    "fullSignature" : "boolean impreciseCanCastTo(org.benf.cfr.reader.bytecode.analysis.types.JavaTypeInstance,org.benf.cfr.reader.bytecode.analysis.types.GenericTypeBinder)",
    "numberOfTotalInstructions" : 21,
    "numberOfDeadInstructions" : 1,
    "enclosingTypeName" : "org.benf.cfr.reader.bytecode.analysis.types.JavaIntersectionTypeInstance",
    "deadInstructions" : [ {
      "stringRepresentation" : "GOTO(-34)",
      "programCounter" : 44
    } ]
  }, {
    "fullSignature" : "void <init>(java.util.List,org.benf.cfr.reader.entities.attributes.AttributeCode,org.benf.cfr.reader.util.getopt.Options)",
    "numberOfTotalInstructions" : 68,
    "numberOfDeadInstructions" : 1,
    "enclosingTypeName" : "org.benf.cfr.reader.bytecode.BytecodeMeta",
    "deadInstructions" : [ {
      "stringRepresentation" : "GOTO(-119)",
      "programCounter" : 188
    } ]
  }, {
    "fullSignature" : "void <init>(org.benf.cfr.reader.bytecode.analysis.types.JavaTypeInstance,java.util.List)",
    "numberOfTotalInstructions" : 44,
    "numberOfDeadInstructions" : 1,
    "enclosingTypeName" : "org.benf.cfr.reader.bytecode.analysis.types.JavaGenericRefTypeInstance",
    "deadInstructions" : [ {
      "stringRepresentation" : "GOTO(-48)",
      "programCounter" : 92
    } ]
  }, {
    "fullSignature" : "boolean hasForeignUnbound(org.benf.cfr.reader.entities.constantpool.ConstantPool,int,boolean,java.util.Map)",
    "numberOfTotalInstructions" : 33,
    "numberOfDeadInstructions" : 1,
    "enclosingTypeName" : "org.benf.cfr.reader.bytecode.analysis.types.JavaGenericRefTypeInstance",
    "deadInstructions" : [ {
      "stringRepresentation" : "GOTO(-50)",
      "programCounter" : 73
    } ]
  }, {
    "fullSignature" : "boolean hasL01Wildcard()",
    "numberOfTotalInstructions" : 19,
    "numberOfDeadInstructions" : 1,
    "enclosingTypeName" : "org.benf.cfr.reader.bytecode.analysis.types.JavaGenericRefTypeInstance",
    "deadInstructions" : [ {
      "stringRepresentation" : "GOTO(-28)",
      "programCounter" : 38
    } ]
  }, {
    "fullSignature" : "org.benf.cfr.reader.bytecode.analysis.parse.utils.BlockIdentifier getContinueBlock()",
    "numberOfTotalInstructions" : 32,
    "numberOfDeadInstructions" : 1,
    "enclosingTypeName" : "org.benf.cfr.reader.bytecode.analysis.structured.StructuredScope",
    "deadInstructions" : [ {
      "stringRepresentation" : "GOTO(-65)",
      "programCounter" : 73
    } ]
  }, {
    "fullSignature" : "boolean usesFinalId(int)",
    "numberOfTotalInstructions" : 37,
    "numberOfDeadInstructions" : 1,
    "enclosingTypeName" : "org.benf.cfr.reader.bytecode.analysis.types.discovery.InferredJavaType$IJTInternal_Clash",
    "deadInstructions" : [ {
      "stringRepresentation" : "GOTO(-31)",
      "programCounter" : 78
    } ]
  }, {
    "fullSignature" : "java.util.List getMostDerivedType(java.util.Set)",
    "numberOfTotalInstructions" : 44,
    "numberOfDeadInstructions" : 1,
    "enclosingTypeName" : "org.benf.cfr.reader.bytecode.analysis.types.discovery.InferredJavaType",
    "deadInstructions" : [ {
      "stringRepresentation" : "GOTO(-78)",
      "programCounter" : 92
    } ]
  }, {
    "fullSignature" : "org.benf.cfr.reader.bytecode.analysis.types.JavaTypeInstance getBindingFor(org.benf.cfr.reader.bytecode.analysis.types.JavaTypeInstance)",
    "numberOfTotalInstructions" : 54,
    "numberOfDeadInstructions" : 1,
    "enclosingTypeName" : "org.benf.cfr.reader.bytecode.analysis.types.GenericTypeBinder",
    "deadInstructions" : [ {
      "stringRepresentation" : "GOTO(68)",
      "programCounter" : 40
    } ]
  }, {
    "fullSignature" : "boolean canTypeAnnotationBeMovedToDecl(org.benf.cfr.reader.bytecode.analysis.types.JavaTypeInstance,org.benf.cfr.reader.entities.annotations.AnnotationTableTypeEntry,java.lang.Integer)",
    "numberOfTotalInstructions" : 90,
    "numberOfDeadInstructions" : 2,
    "enclosingTypeName" : "org.benf.cfr.reader.bytecode.analysis.types.DeclarationAnnotationHelper",
    "deadInstructions" : [ {
      "stringRepresentation" : "GOTO(-45)",
      "programCounter" : 85
    }, {
      "stringRepresentation" : "GOTO(-45)",
      "programCounter" : 191
    } ]
  }, {
    "fullSignature" : "boolean isRecursivelyStructured()",
    "numberOfTotalInstructions" : 54,
    "numberOfDeadInstructions" : 2,
    "enclosingTypeName" : "org.benf.cfr.reader.bytecode.analysis.structured.statement.StructuredTry",
    "deadInstructions" : [ {
      "stringRepresentation" : "GOTO(-28)",
      "programCounter" : 45
    }, {
      "stringRepresentation" : "GOTO(-28)",
      "programCounter" : 98
    } ]
  }, {
    "fullSignature" : "boolean anyFound()",
    "numberOfTotalInstructions" : 20,
    "numberOfDeadInstructions" : 1,
    "enclosingTypeName" : "org.benf.cfr.reader.bytecode.analysis.parse.utils.scope.ScopeDiscoverInfoCache",
    "deadInstructions" : [ {
      "stringRepresentation" : "GOTO(-28)",
      "programCounter" : 43
    } ]
  }, {
    "fullSignature" : "boolean isMovableUnder(java.util.Collection,org.benf.cfr.reader.bytecode.analysis.parse.LValue,org.benf.cfr.reader.bytecode.analysis.parse.utils.SSAIdentifiers,org.benf.cfr.reader.bytecode.analysis.parse.utils.SSAIdentifiers)",
    "numberOfTotalInstructions" : 56,
    "numberOfDeadInstructions" : 1,
    "enclosingTypeName" : "org.benf.cfr.reader.bytecode.analysis.parse.utils.SSAIdentifierUtils",
    "deadInstructions" : [ {
      "stringRepresentation" : "GOTO(-34)",
      "programCounter" : 42
    } ]
  }, {
    "fullSignature" : "void combineInlineable()",
    "numberOfTotalInstructions" : 88,
    "numberOfDeadInstructions" : 1,
    "enclosingTypeName" : "org.benf.cfr.reader.bytecode.analysis.structured.statement.Block",
    "deadInstructions" : [ {
      "stringRepresentation" : "GOTO(-36)",
      "programCounter" : 46
    } ]
  }, {
    "fullSignature" : "void flattenOthersIn()",
    "numberOfTotalInstructions" : 41,
    "numberOfDeadInstructions" : 1,
    "enclosingTypeName" : "org.benf.cfr.reader.bytecode.analysis.structured.statement.Block",
    "deadInstructions" : [ {
      "stringRepresentation" : "GOTO(-87)",
      "programCounter" : 95
    } ]
  }, {
    "fullSignature" : "org.benf.cfr.reader.bytecode.analysis.opgraph.Op04StructuredStatement getLast()",
    "numberOfTotalInstructions" : 20,
    "numberOfDeadInstructions" : 1,
    "enclosingTypeName" : "org.benf.cfr.reader.bytecode.analysis.structured.statement.Block",
    "deadInstructions" : [ {
      "stringRepresentation" : "GOTO(-31)",
      "programCounter" : 39
    } ]
  }, {
    "fullSignature" : "java.util.Set getNextAfter(int,boolean)",
    "numberOfTotalInstructions" : 52,
    "numberOfDeadInstructions" : 1,
    "enclosingTypeName" : "org.benf.cfr.reader.bytecode.analysis.structured.statement.Block",
    "deadInstructions" : [ {
      "stringRepresentation" : "GOTO(-83)",
      "programCounter" : 105
    } ]
  }, {
    "fullSignature" : "boolean inlineable()",
    "numberOfTotalInstructions" : 28,
    "numberOfDeadInstructions" : 1,
    "enclosingTypeName" : "org.benf.cfr.reader.bytecode.analysis.structured.statement.Block",
    "deadInstructions" : [ {
      "stringRepresentation" : "GOTO(-46)",
      "programCounter" : 54
    } ]
  }, {
    "fullSignature" : "boolean isEffectivelyNOP()",
    "numberOfTotalInstructions" : 20,
    "numberOfDeadInstructions" : 1,
    "enclosingTypeName" : "org.benf.cfr.reader.bytecode.analysis.structured.statement.Block",
    "deadInstructions" : [ {
      "stringRepresentation" : "GOTO(-33)",
      "programCounter" : 41
    } ]
  }, {
    "fullSignature" : "boolean isRecursivelyStructured()",
    "numberOfTotalInstructions" : 19,
    "numberOfDeadInstructions" : 1,
    "enclosingTypeName" : "org.benf.cfr.reader.bytecode.analysis.structured.statement.Block",
    "deadInstructions" : [ {
      "stringRepresentation" : "GOTO(-28)",
      "programCounter" : 36
    } ]
  }, {
    "fullSignature" : "org.benf.cfr.reader.bytecode.analysis.parse.LValue getAlias(org.benf.cfr.reader.bytecode.analysis.parse.lvalue.StackSSALabel,org.benf.cfr.reader.bytecode.analysis.parse.utils.LValueAssignmentAndAliasCondenser$ExpressionStatementPair)",
    "numberOfTotalInstructions" : 176,
    "numberOfDeadInstructions" : 4,
    "enclosingTypeName" : "org.benf.cfr.reader.bytecode.analysis.parse.utils.LValueAssignmentAndAliasCondenser$AliasRewriter",
    "deadInstructions" : [ {
      "stringRepresentation" : "GOTO(-50)",
      "programCounter" : 89
    }, {
      "stringRepresentation" : "GOTO(13)",
      "programCounter" : 289
    }, {
      "stringRepresentation" : "GOTO(-56)",
      "programCounter" : 434
    }, {
      "stringRepresentation" : "GOTO(-115)",
      "programCounter" : 437
    } ]
  }, {
    "fullSignature" : "boolean identifyFinally2(org.benf.cfr.reader.bytecode.analysis.opgraph.Op03SimpleStatement,org.benf.cfr.reader.bytecode.analysis.parse.utils.finalhelp.PeerTries,org.benf.cfr.reader.bytecode.analysis.parse.utils.finalhelp.FinallyGraphHelper,java.util.Set)",
    "numberOfTotalInstructions" : 324,
    "numberOfDeadInstructions" : 2,
    "enclosingTypeName" : "org.benf.cfr.reader.bytecode.analysis.parse.utils.finalhelp.FinalAnalyzer",
    "deadInstructions" : [ {
      "stringRepresentation" : "GOTO(-158)",
      "programCounter" : 227
    }, {
      "stringRepresentation" : "GOTO(-335)",
      "programCounter" : 730
    } ]
  }, {
    "fullSignature" : "boolean verifyCatchFinally(org.benf.cfr.reader.bytecode.analysis.opgraph.Op03SimpleStatement,org.benf.cfr.reader.bytecode.analysis.parse.utils.finalhelp.FinallyGraphHelper,org.benf.cfr.reader.bytecode.analysis.parse.utils.finalhelp.PeerTries,java.util.Set)",
    "numberOfTotalInstructions" : 240,
    "numberOfDeadInstructions" : 3,
    "enclosingTypeName" : "org.benf.cfr.reader.bytecode.analysis.parse.utils.finalhelp.FinalAnalyzer",
    "deadInstructions" : [ {
      "stringRepresentation" : "GOTO(-71)",
      "programCounter" : 363
    }, {
      "stringRepresentation" : "GOTO(-122)",
      "programCounter" : 529
    }, {
      "stringRepresentation" : "GOTO(81)",
      "programCounter" : 532
    } ]
  }, {
    "fullSignature" : "boolean equivalent(java.util.Collection,java.util.Collection)",
    "numberOfTotalInstructions" : 55,
    "numberOfDeadInstructions" : 1,
    "enclosingTypeName" : "org.benf.cfr.reader.bytecode.analysis.parse.utils.DefaultEquivalenceConstraint",
    "deadInstructions" : [ {
      "stringRepresentation" : "GOTO(-74)",
      "programCounter" : 120
    } ]
  }, {
    "fullSignature" : "org.benf.cfr.reader.bytecode.analysis.parse.Expression getLValueReplacement(org.benf.cfr.reader.bytecode.analysis.parse.LValue,org.benf.cfr.reader.bytecode.analysis.parse.utils.SSAIdentifiers,org.benf.cfr.reader.bytecode.analysis.parse.StatementContainer)",
    "numberOfTotalInstructions" : 117,
    "numberOfDeadInstructions" : 1,
    "enclosingTypeName" : "org.benf.cfr.reader.bytecode.analysis.parse.utils.LValueAssignmentAndAliasCondenser$MutationRewriterSecondPass",
    "deadInstructions" : [ {
      "stringRepresentation" : "GOTO(-36)",
      "programCounter" : 193
    } ]
  }, {
    "fullSignature" : "org.benf.cfr.reader.bytecode.analysis.parse.utils.BlockIdentifier getOutermostEnding(java.util.List,java.util.Set)",
    "numberOfTotalInstructions" : 19,
    "numberOfDeadInstructions" : 1,
    "enclosingTypeName" : "org.benf.cfr.reader.bytecode.analysis.parse.utils.BlockIdentifier",
    "deadInstructions" : [ {
      "stringRepresentation" : "GOTO(-31)",
      "programCounter" : 38
    } ]
  }, {
    "fullSignature" : "void moveDupPostCreation(org.benf.cfr.reader.bytecode.analysis.parse.LValue,org.benf.cfr.reader.bytecode.analysis.parse.StatementContainer,org.benf.cfr.reader.bytecode.analysis.parse.StatementContainer)",
    "numberOfTotalInstructions" : 65,
    "numberOfDeadInstructions" : 2,
    "enclosingTypeName" : "org.benf.cfr.reader.bytecode.analysis.parse.utils.CreationCollector",
    "deadInstructions" : [ {
      "stringRepresentation" : "GOTO(63)",
      "programCounter" : 85
    }, {
      "stringRepresentation" : "GOTO(4)",
      "programCounter" : 144
    } ]
  }, {
    "fullSignature" : "void rewriteLeftNestedSyntheticOuterRefs()",
    "numberOfTotalInstructions" : 30,
    "numberOfDeadInstructions" : 3,
    "enclosingTypeName" : "org.benf.cfr.reader.bytecode.analysis.parse.lvalue.FieldVariable",
    "deadInstructions" : [ {
      "stringRepresentation" : "NOP",
      "programCounter" : 58
    }, {
      "stringRepresentation" : "NOP",
      "programCounter" : 59
    }, {
      "stringRepresentation" : "NOP",
      "programCounter" : 60
    } ]
  }, {
    "fullSignature" : "org.benf.cfr.reader.bytecode.analysis.parse.Expression rewriteExpression(org.benf.cfr.reader.bytecode.analysis.parse.Expression,org.benf.cfr.reader.bytecode.analysis.parse.utils.SSAIdentifiers,org.benf.cfr.reader.bytecode.analysis.parse.StatementContainer,org.benf.cfr.reader.bytecode.analysis.parse.rewriters.ExpressionRewriterFlags)",
    "numberOfTotalInstructions" : 36,
    "numberOfDeadInstructions" : 1,
    "enclosingTypeName" : "org.benf.cfr.reader.bytecode.analysis.parse.rewriters.ConstantFoldingRewriter",
    "deadInstructions" : [ {
      "stringRepresentation" : "GOTO(5)",
      "programCounter" : 48
    } ]
  }, {
    "fullSignature" : "boolean hasCatchBlockFor(org.benf.cfr.reader.bytecode.analysis.parse.utils.BlockIdentifier)",
    "numberOfTotalInstructions" : 21,
    "numberOfDeadInstructions" : 1,
    "enclosingTypeName" : "org.benf.cfr.reader.bytecode.analysis.parse.statement.CatchStatement",
    "deadInstructions" : [ {
      "stringRepresentation" : "GOTO(-32)",
      "programCounter" : 42
    } ]
  }, {
    "fullSignature" : "org.benf.cfr.reader.bytecode.analysis.types.discovery.InferredJavaType getFieldType(org.benf.cfr.reader.entities.constantpool.ConstantPoolEntryFieldRef)",
    "numberOfTotalInstructions" : 40,
    "numberOfDeadInstructions" : 1,
    "enclosingTypeName" : "org.benf.cfr.reader.bytecode.analysis.parse.lvalue.AbstractFieldVariable",
    "deadInstructions" : [ {
      "stringRepresentation" : "GOTO(8)",
      "programCounter" : 56
    } ]
  }, {
    "fullSignature" : "boolean isDeadCode(org.benf.cfr.reader.bytecode.analysis.opgraph.Op04StructuredStatement)",
    "numberOfTotalInstructions" : 26,
    "numberOfDeadInstructions" : 1,
    "enclosingTypeName" : "org.benf.cfr.reader.bytecode.analysis.opgraph.op4rewriters.util.MiscStatementTools",
    "deadInstructions" : [ {
      "stringRepresentation" : "GOTO(-31)",
      "programCounter" : 49
    } ]
  }, {
    "fullSignature" : "boolean rewriteBoxing(org.benf.cfr.reader.bytecode.analysis.opgraph.op4rewriters.PrimitiveBoxingRewriter)",
    "numberOfTotalInstructions" : 119,
    "numberOfDeadInstructions" : 1,
    "enclosingTypeName" : "org.benf.cfr.reader.bytecode.analysis.parse.expression.CastExpression",
    "deadInstructions" : [ {
      "stringRepresentation" : "GOTO(-173)",
      "programCounter" : 190
    } ]
  }, {
    "fullSignature" : "boolean alreadyDefined(java.lang.String,boolean)",
    "numberOfTotalInstructions" : 38,
    "numberOfDeadInstructions" : 1,
    "enclosingTypeName" : "org.benf.cfr.reader.bytecode.analysis.opgraph.op4rewriters.transformers.VariableNameTidier$StructuredScopeWithVars",
    "deadInstructions" : [ {
      "stringRepresentation" : "GOTO(-31)",
      "programCounter" : 57
    } ]
  }, {
    "fullSignature" : "org.benf.cfr.reader.bytecode.analysis.parse.Expression replaceSingleUsageLValues(org.benf.cfr.reader.bytecode.analysis.parse.utils.LValueRewriter,org.benf.cfr.reader.bytecode.analysis.parse.utils.SSAIdentifiers,org.benf.cfr.reader.bytecode.analysis.parse.StatementContainer)",
    "numberOfTotalInstructions" : 79,
    "numberOfDeadInstructions" : 1,
    "enclosingTypeName" : "org.benf.cfr.reader.bytecode.analysis.parse.expression.ComparisonOperation",
    "deadInstructions" : [ {
      "stringRepresentation" : "GOTO(42)",
      "programCounter" : 134
    } ]
  }, {
    "fullSignature" : "org.benf.cfr.reader.bytecode.analysis.structured.StructuredStatement transform(org.benf.cfr.reader.bytecode.analysis.structured.StructuredStatement,org.benf.cfr.reader.bytecode.analysis.structured.StructuredScope)",
    "numberOfTotalInstructions" : 143,
    "numberOfDeadInstructions" : 1,
    "enclosingTypeName" : "org.benf.cfr.reader.bytecode.analysis.opgraph.op4rewriters.transformers.BadLoopPrettifier",
    "deadInstructions" : [ {
      "stringRepresentation" : "GOTO(38)",
      "programCounter" : 196
    } ]
  }, {
    "fullSignature" : "org.benf.cfr.reader.bytecode.analysis.opgraph.op4rewriters.transformers.InstanceOfAssignRewriter$ConditionTest getMatchingTest(org.benf.cfr.reader.bytecode.analysis.parse.expression.ConditionalExpression)",
    "numberOfTotalInstructions" : 24,
    "numberOfDeadInstructions" : 1,
    "enclosingTypeName" : "org.benf.cfr.reader.bytecode.analysis.opgraph.op4rewriters.transformers.InstanceOfAssignRewriter",
    "deadInstructions" : [ {
      "stringRepresentation" : "GOTO(-39)",
      "programCounter" : 49
    } ]
  }, {
    "fullSignature" : "boolean anySealed(org.benf.cfr.reader.bytecode.analysis.types.ClassSignature,org.benf.cfr.reader.state.DCCommonState)",
    "numberOfTotalInstructions" : 27,
    "numberOfDeadInstructions" : 1,
    "enclosingTypeName" : "org.benf.cfr.reader.bytecode.analysis.opgraph.op4rewriters.SealedClassChecker",
    "deadInstructions" : [ {
      "stringRepresentation" : "GOTO(-29)",
      "programCounter" : 52
    } ]
  }, {
    "fullSignature" : "org.benf.cfr.reader.bytecode.analysis.opgraph.op4rewriters.SwitchExpressionRewriter$SwitchExpressionTransformer$BreakClassification classifyBreak(org.benf.cfr.reader.bytecode.analysis.structured.statement.StructuredBreak,org.benf.cfr.reader.bytecode.analysis.structured.StructuredScope)",
    "numberOfTotalInstructions" : 31,
    "numberOfDeadInstructions" : 1,
    "enclosingTypeName" : "org.benf.cfr.reader.bytecode.analysis.opgraph.op4rewriters.SwitchExpressionRewriter$SwitchExpressionTransformer",
    "deadInstructions" : [ {
      "stringRepresentation" : "GOTO(-41)",
      "programCounter" : 69
    } ]
  }, {
    "fullSignature" : "org.benf.cfr.reader.bytecode.analysis.structured.StructuredStatement transform(org.benf.cfr.reader.bytecode.analysis.structured.StructuredStatement,org.benf.cfr.reader.bytecode.analysis.structured.StructuredScope)",
    "numberOfTotalInstructions" : 215,
    "numberOfDeadInstructions" : 1,
    "enclosingTypeName" : "org.benf.cfr.reader.bytecode.analysis.opgraph.op4rewriters.SwitchExpressionRewriter$SwitchExpressionTransformer",
    "deadInstructions" : [ {
      "stringRepresentation" : "GOTO(-90)",
      "programCounter" : 351
    } ]
  }, {
    "fullSignature" : "org.benf.cfr.reader.bytecode.analysis.structured.StructuredStatement transform(org.benf.cfr.reader.bytecode.analysis.structured.StructuredStatement,org.benf.cfr.reader.bytecode.analysis.structured.StructuredScope)",
    "numberOfTotalInstructions" : 108,
    "numberOfDeadInstructions" : 1,
    "enclosingTypeName" : "org.benf.cfr.reader.bytecode.analysis.opgraph.op4rewriters.transformers.ControlFlowCleaningTransformer",
    "deadInstructions" : [ {
      "stringRepresentation" : "GOTO(-60)",
      "programCounter" : 99
    } ]
  }, {
    "fullSignature" : "org.benf.cfr.reader.bytecode.analysis.parse.Expression considerCandidateInvokation(org.benf.cfr.reader.bytecode.analysis.parse.expression.StaticFunctionInvokation)",
    "numberOfTotalInstructions" : 298,
    "numberOfDeadInstructions" : 1,
    "enclosingTypeName" : "org.benf.cfr.reader.bytecode.analysis.opgraph.op4rewriters.RetroLambdaRewriter",
    "deadInstructions" : [ {
      "stringRepresentation" : "GOTO(18)",
      "programCounter" : 453
    } ]
  }, {
    "fullSignature" : "org.benf.cfr.reader.bytecode.analysis.structured.statement.StructuredSwitch rewriteSwitch(org.benf.cfr.reader.bytecode.analysis.structured.statement.StructuredSwitch,org.benf.cfr.reader.bytecode.analysis.opgraph.op4rewriters.SwitchStringRewriter$SwitchStringMatchResultCollector)",
    "numberOfTotalInstructions" : 185,
    "numberOfDeadInstructions" : 1,
    "enclosingTypeName" : "org.benf.cfr.reader.bytecode.analysis.opgraph.op4rewriters.SwitchStringRewriter",
    "deadInstructions" : [ {
      "stringRepresentation" : "GOTO(-130)",
      "programCounter" : 327
    } ]
  }, {
    "fullSignature" : "void rewrite(org.benf.cfr.reader.bytecode.analysis.opgraph.Op04StructuredStatement)",
    "numberOfTotalInstructions" : 63,
    "numberOfDeadInstructions" : 1,
    "enclosingTypeName" : "org.benf.cfr.reader.bytecode.analysis.opgraph.op4rewriters.ScopeHidingVariableRewriter",
    "deadInstructions" : [ {
      "stringRepresentation" : "GOTO(-88)",
      "programCounter" : 105
    } ]
  }, {
    "fullSignature" : "void rewriteBlockSwitches(org.benf.cfr.reader.bytecode.analysis.opgraph.Op04StructuredStatement)",
    "numberOfTotalInstructions" : 206,
    "numberOfDeadInstructions" : 2,
    "enclosingTypeName" : "org.benf.cfr.reader.bytecode.analysis.opgraph.op4rewriters.SwitchExpressionRewriter",
    "deadInstructions" : [ {
      "stringRepresentation" : "GOTO(-163)",
      "programCounter" : 505
    }, {
      "stringRepresentation" : "GOTO(-374)",
      "programCounter" : 508
    } ]
  }, {
    "fullSignature" : "void removeDeadMethod(org.benf.cfr.reader.entities.ClassFile,org.benf.cfr.reader.entities.Method)",
    "numberOfTotalInstructions" : 35,
    "numberOfDeadInstructions" : 1,
    "enclosingTypeName" : "org.benf.cfr.reader.bytecode.analysis.opgraph.op4rewriters.matchutil.DeadMethodRemover",
    "deadInstructions" : [ {
      "stringRepresentation" : "GOTO(-38)",
      "programCounter" : 74
    } ]
  }, {
    "fullSignature" : "boolean rewriteIfRecord(org.benf.cfr.reader.entities.ClassFile,org.benf.cfr.reader.state.DCCommonState)",
    "numberOfTotalInstructions" : 169,
    "numberOfDeadInstructions" : 1,
    "enclosingTypeName" : "org.benf.cfr.reader.bytecode.analysis.opgraph.op4rewriters.RecordRewriter",
    "deadInstructions" : [ {
      "stringRepresentation" : "GOTO(-36)",
      "programCounter" : 299
    } ]
  }, {
    "fullSignature" : "void liftStatics(org.benf.cfr.reader.entities.Method)",
    "numberOfTotalInstructions" : 59,
    "numberOfDeadInstructions" : 1,
    "enclosingTypeName" : "org.benf.cfr.reader.bytecode.analysis.opgraph.op4rewriters.StaticLifter",
    "deadInstructions" : [ {
      "stringRepresentation" : "GOTO(-69)",
      "programCounter" : 124
    } ]
  }, {
    "fullSignature" : "java.util.List getExplicitLambdaTypes(org.benf.cfr.reader.bytecode.analysis.types.JavaTypeInstance)",
    "numberOfTotalInstructions" : 73,
    "numberOfDeadInstructions" : 1,
    "enclosingTypeName" : "org.benf.cfr.reader.bytecode.analysis.opgraph.op4rewriters.LambdaRewriter",
    "deadInstructions" : [ {
      "stringRepresentation" : "GOTO(-29)",
      "programCounter" : 155
    } ]
  }, {
    "fullSignature" : "org.benf.cfr.reader.bytecode.analysis.parse.Expression rewriteExpression(org.benf.cfr.reader.bytecode.analysis.parse.Expression,org.benf.cfr.reader.bytecode.analysis.parse.utils.SSAIdentifiers,org.benf.cfr.reader.bytecode.analysis.parse.StatementContainer,org.benf.cfr.reader.bytecode.analysis.parse.rewriters.ExpressionRewriterFlags)",
    "numberOfTotalInstructions" : 82,
    "numberOfDeadInstructions" : 3,
    "enclosingTypeName" : "org.benf.cfr.reader.bytecode.analysis.opgraph.op4rewriters.AnonymousClassConstructorRewriter",
    "deadInstructions" : [ {
      "stringRepresentation" : "NOP",
      "programCounter" : 186
    }, {
      "stringRepresentation" : "NOP",
      "programCounter" : 187
    }, {
      "stringRepresentation" : "NOP",
      "programCounter" : 188
    } ]
  }, {
    "fullSignature" : "boolean isValid()",
    "numberOfTotalInstructions" : 170,
    "numberOfDeadInstructions" : 1,
    "enclosingTypeName" : "org.benf.cfr.reader.bytecode.analysis.opgraph.op4rewriters.EnumClassRewriter$EnumInitMatchCollector",
    "deadInstructions" : [ {
      "stringRepresentation" : "GOTO(-77)",
      "programCounter" : 294
    } ]
  }, {
    "fullSignature" : "void maybeRewriteExplicitCallTyping(org.benf.cfr.reader.bytecode.analysis.parse.expression.AbstractFunctionInvokation)",
    "numberOfTotalInstructions" : 27,
    "numberOfDeadInstructions" : 1,
    "enclosingTypeName" : "org.benf.cfr.reader.bytecode.analysis.opgraph.op4rewriters.IllegalGenericRewriter",
    "deadInstructions" : [ {
      "stringRepresentation" : "GOTO(-36)",
      "programCounter" : 53
    } ]
  }, {
    "fullSignature" : "void doRewrite(org.benf.cfr.reader.bytecode.analysis.opgraph.Op04StructuredStatement)",
    "numberOfTotalInstructions" : 72,
    "numberOfDeadInstructions" : 1,
    "enclosingTypeName" : "org.benf.cfr.reader.bytecode.analysis.opgraph.op4rewriters.InstanceofMatchTidyingRewriter",
    "deadInstructions" : [ {
      "stringRepresentation" : "GOTO(-64)",
      "programCounter" : 175
    } ]
  }, {
    "fullSignature" : "boolean removeSynchronizedCatchBlock(org.benf.cfr.reader.bytecode.analysis.opgraph.Op03SimpleStatement,java.util.List)",
    "numberOfTotalInstructions" : 246,
    "numberOfDeadInstructions" : 1,
    "enclosingTypeName" : "org.benf.cfr.reader.bytecode.analysis.opgraph.op3rewriters.SynchronizedRewriter",
    "deadInstructions" : [ {
      "stringRepresentation" : "GOTO(19)",
      "programCounter" : 118
    } ]
  }, {
    "fullSignature" : "void call(org.benf.cfr.reader.bytecode.analysis.opgraph.Op03SimpleStatement,org.benf.cfr.reader.util.graph.GraphVisitor)",
    "numberOfTotalInstructions" : 159,
    "numberOfDeadInstructions" : 1,
    "enclosingTypeName" : "org.benf.cfr.reader.bytecode.analysis.opgraph.op3rewriters.SynchronizedBlocks$1",
    "deadInstructions" : [ {
      "stringRepresentation" : "GOTO(13)",
      "programCounter" : 377
    } ]
  }, {
    "fullSignature" : "void commentMonitors(java.util.List)",
    "numberOfTotalInstructions" : 92,
    "numberOfDeadInstructions" : 1,
    "enclosingTypeName" : "org.benf.cfr.reader.bytecode.analysis.opgraph.op3rewriters.MonitorRewriter",
    "deadInstructions" : [ {
      "stringRepresentation" : "GOTO(-148)",
      "programCounter" : 223
    } ]
  }, {
    "fullSignature" : "void combineTryCatchEnds(org.benf.cfr.reader.bytecode.analysis.opgraph.Op03SimpleStatement,java.util.List)",
    "numberOfTotalInstructions" : 179,
    "numberOfDeadInstructions" : 2,
    "enclosingTypeName" : "org.benf.cfr.reader.bytecode.analysis.opgraph.op3rewriters.TryRewriter",
    "deadInstructions" : [ {
      "stringRepresentation" : "GOTO(-42)",
      "programCounter" : 181
    }, {
      "stringRepresentation" : "GOTO(-39)",
      "programCounter" : 255
    } ]
  }, {
    "fullSignature" : "java.util.List getMutations(java.util.List,org.benf.cfr.reader.bytecode.analysis.parse.LValue,org.benf.cfr.reader.bytecode.analysis.parse.utils.BlockIdentifier)",
    "numberOfTotalInstructions" : 46,
    "numberOfDeadInstructions" : 1,
    "enclosingTypeName" : "org.benf.cfr.reader.bytecode.analysis.opgraph.op3rewriters.WhileRewriter",
    "deadInstructions" : [ {
      "stringRepresentation" : "GOTO(-34)",
      "programCounter" : 109
    } ]
  }, {
    "fullSignature" : "void rewriteDoWhileTruePredAsWhile(org.benf.cfr.reader.bytecode.analysis.opgraph.Op03SimpleStatement,java.util.List)",
    "numberOfTotalInstructions" : 217,
    "numberOfDeadInstructions" : 1,
    "enclosingTypeName" : "org.benf.cfr.reader.bytecode.analysis.opgraph.op3rewriters.WhileRewriter",
    "deadInstructions" : [ {
      "stringRepresentation" : "GOTO(-63)",
      "programCounter" : 136
    } ]
  }, {
    "fullSignature" : "void rewriteMethods()",
    "numberOfTotalInstructions" : 110,
    "numberOfDeadInstructions" : 1,
    "enclosingTypeName" : "org.benf.cfr.reader.bytecode.analysis.opgraph.op4rewriters.AssertRewriter",
    "deadInstructions" : [ {
      "stringRepresentation" : "GOTO(-175)",
      "programCounter" : 235
    } ]
  }, {
    "fullSignature" : "boolean test(org.benf.cfr.reader.bytecode.analysis.opgraph.Op03SimpleStatement)",
    "numberOfTotalInstructions" : 52,
    "numberOfDeadInstructions" : 1,
    "enclosingTypeName" : "org.benf.cfr.reader.bytecode.analysis.opgraph.op3rewriters.Misc$HasBackJump",
    "deadInstructions" : [ {
      "stringRepresentation" : "GOTO(-96)",
      "programCounter" : 114
    } ]
  }, {
    "fullSignature" : "org.benf.cfr.reader.bytecode.analysis.opgraph.op4rewriters.AssertRewriter$ControlFlowSwitchExpressionTransformer$BreakClassification classifyBreak(org.benf.cfr.reader.bytecode.analysis.structured.statement.StructuredBreak,org.benf.cfr.reader.bytecode.analysis.structured.StructuredScope)",
    "numberOfTotalInstructions" : 37,
    "numberOfDeadInstructions" : 1,
    "enclosingTypeName" : "org.benf.cfr.reader.bytecode.analysis.opgraph.op4rewriters.AssertRewriter$ControlFlowSwitchExpressionTransformer",
    "deadInstructions" : [ {
      "stringRepresentation" : "GOTO(-41)",
      "programCounter" : 81
    } ]
  }, {
    "fullSignature" : "org.benf.cfr.reader.bytecode.analysis.parse.utils.BlockIdentifier findOuterBlock(org.benf.cfr.reader.bytecode.analysis.parse.utils.BlockIdentifier,org.benf.cfr.reader.bytecode.analysis.parse.utils.BlockIdentifier,java.util.List)",
    "numberOfTotalInstructions" : 32,
    "numberOfDeadInstructions" : 1,
    "enclosingTypeName" : "org.benf.cfr.reader.bytecode.analysis.opgraph.op3rewriters.Misc",
    "deadInstructions" : [ {
      "stringRepresentation" : "GOTO(-64)",
      "programCounter" : 71
    } ]
  }, {
    "fullSignature" : "void removePointlessJumps(java.util.List)",
    "numberOfTotalInstructions" : 315,
    "numberOfDeadInstructions" : 1,
    "enclosingTypeName" : "org.benf.cfr.reader.bytecode.analysis.opgraph.op3rewriters.PointlessJumps",
    "deadInstructions" : [ {
      "stringRepresentation" : "GOTO(-39)",
      "programCounter" : 340
    } ]
  }, {
    "fullSignature" : "int checkPreSwitchJump(java.util.List,org.benf.cfr.reader.bytecode.analysis.opgraph.Op03SimpleStatement,int,int)",
    "numberOfTotalInstructions" : 39,
    "numberOfDeadInstructions" : 1,
    "enclosingTypeName" : "org.benf.cfr.reader.bytecode.analysis.opgraph.op3rewriters.SwitchReplacer",
    "deadInstructions" : [ {
      "stringRepresentation" : "GOTO(-37)",
      "programCounter" : 79
    } ]
  }, {
    "fullSignature" : "void moveJumpsToCaseStatements(org.benf.cfr.reader.bytecode.analysis.opgraph.Op03SimpleStatement)",
    "numberOfTotalInstructions" : 91,
    "numberOfDeadInstructions" : 1,
    "enclosingTypeName" : "org.benf.cfr.reader.bytecode.analysis.opgraph.op3rewriters.SwitchReplacer",
    "deadInstructions" : [ {
      "stringRepresentation" : "GOTO(-185)",
      "programCounter" : 208
    } ]
  }, {
    "fullSignature" : "void rebuildSwitches(java.util.List,org.benf.cfr.reader.util.getopt.Options,org.benf.cfr.reader.util.DecompilerComments,org.benf.cfr.reader.bytecode.BytecodeMeta)",
    "numberOfTotalInstructions" : 190,
    "numberOfDeadInstructions" : 2,
    "enclosingTypeName" : "org.benf.cfr.reader.bytecode.analysis.opgraph.op3rewriters.SwitchReplacer",
    "deadInstructions" : [ {
      "stringRepresentation" : "GOTO(9)",
      "programCounter" : 217
    }, {
      "stringRepresentation" : "GOTO(-331)",
      "programCounter" : 355
    } ]
  }, {
    "fullSignature" : "boolean containsTargetInBlock(org.benf.cfr.reader.bytecode.analysis.opgraph.Op03SimpleStatement,org.benf.cfr.reader.bytecode.analysis.parse.utils.BlockIdentifier)",
    "numberOfTotalInstructions" : 21,
    "numberOfDeadInstructions" : 1,
    "enclosingTypeName" : "org.benf.cfr.reader.bytecode.analysis.opgraph.op3rewriters.LoopIdentifier",
    "deadInstructions" : [ {
      "stringRepresentation" : "GOTO(-34)",
      "programCounter" : 44
    } ]
  }, {
    "fullSignature" : "void fixLoopOverlaps(java.util.List,java.util.List,java.util.Set)",
    "numberOfTotalInstructions" : 212,
    "numberOfDeadInstructions" : 1,
    "enclosingTypeName" : "org.benf.cfr.reader.bytecode.analysis.opgraph.op3rewriters.LoopIdentifier",
    "deadInstructions" : [ {
      "stringRepresentation" : "GOTO(-235)",
      "programCounter" : 259
    } ]
  }, {
    "fullSignature" : "int validateAndAssignLoopIdentifier(java.util.List,int,int,org.benf.cfr.reader.bytecode.analysis.parse.utils.BlockIdentifier,org.benf.cfr.reader.bytecode.analysis.opgraph.Op03SimpleStatement)",
    "numberOfTotalInstructions" : 132,
    "numberOfDeadInstructions" : 1,
    "enclosingTypeName" : "org.benf.cfr.reader.bytecode.analysis.opgraph.op3rewriters.LoopIdentifier",
    "deadInstructions" : [ {
      "stringRepresentation" : "GOTO(-39)",
      "programCounter" : 275
    } ]
  }, {
    "fullSignature" : "void call(org.benf.cfr.reader.bytecode.analysis.opgraph.Op03SimpleStatement,org.benf.cfr.reader.util.graph.GraphVisitor)",
    "numberOfTotalInstructions" : 70,
    "numberOfDeadInstructions" : 1,
    "enclosingTypeName" : "org.benf.cfr.reader.bytecode.analysis.opgraph.op3rewriters.IterLoopRewriter$2",
    "deadInstructions" : [ {
      "stringRepresentation" : "GOTO(-41)",
      "programCounter" : 129
    } ]
  }, {
    "fullSignature" : "void rewriteArrayForLoop(org.benf.cfr.reader.bytecode.analysis.opgraph.Op03SimpleStatement,java.util.List)",
    "numberOfTotalInstructions" : 420,
    "numberOfDeadInstructions" : 2,
    "enclosingTypeName" : "org.benf.cfr.reader.bytecode.analysis.opgraph.op3rewriters.IterLoopRewriter",
    "deadInstructions" : [ {
      "stringRepresentation" : "GOTO(-33)",
      "programCounter" : 717
    }, {
      "stringRepresentation" : "GOTO(-123)",
      "programCounter" : 750
    } ]
  }, {
    "fullSignature" : "void rewriteIteratorWhileLoop(org.benf.cfr.reader.bytecode.analysis.opgraph.Op03SimpleStatement,java.util.List)",
    "numberOfTotalInstructions" : 386,
    "numberOfDeadInstructions" : 1,
    "enclosingTypeName" : "org.benf.cfr.reader.bytecode.analysis.opgraph.op3rewriters.IterLoopRewriter",
    "deadInstructions" : [ {
      "stringRepresentation" : "GOTO(-87)",
      "programCounter" : 645
    } ]
  }, {
    "fullSignature" : "void call(org.benf.cfr.reader.bytecode.analysis.opgraph.Op03SimpleStatement,org.benf.cfr.reader.util.graph.GraphVisitor)",
    "numberOfTotalInstructions" : 105,
    "numberOfDeadInstructions" : 2,
    "enclosingTypeName" : "org.benf.cfr.reader.bytecode.analysis.opgraph.op3rewriters.Cleaner$1",
    "deadInstructions" : [ {
      "stringRepresentation" : "GOTO(-71)",
      "programCounter" : 102
    }, {
      "stringRepresentation" : "GOTO(-139)",
      "programCounter" : 254
    } ]
  }, {
    "fullSignature" : "org.benf.cfr.reader.bytecode.analysis.opgraph.Op03SimpleStatement invoke(org.benf.cfr.reader.bytecode.analysis.opgraph.Op03SimpleStatement)",
    "numberOfTotalInstructions" : 29,
    "numberOfDeadInstructions" : 1,
    "enclosingTypeName" : "org.benf.cfr.reader.bytecode.analysis.opgraph.op3rewriters.Misc$GetBackJump",
    "deadInstructions" : [ {
      "stringRepresentation" : "GOTO(-37)",
      "programCounter" : 55
    } ]
  }, {
    "fullSignature" : "void rewriteBreakStatements(java.util.List)",
    "numberOfTotalInstructions" : 101,
    "numberOfDeadInstructions" : 1,
    "enclosingTypeName" : "org.benf.cfr.reader.bytecode.analysis.opgraph.op3rewriters.BreakRewriter",
    "deadInstructions" : [ {
      "stringRepresentation" : "GOTO(-223)",
      "programCounter" : 234
    } ]
  }, {
    "fullSignature" : "void call(org.benf.cfr.reader.bytecode.analysis.opgraph.Op03SimpleStatement,org.benf.cfr.reader.util.graph.GraphVisitor)",
    "numberOfTotalInstructions" : 37,
    "numberOfDeadInstructions" : 1,
    "enclosingTypeName" : "org.benf.cfr.reader.bytecode.analysis.opgraph.op3rewriters.Misc$GraphVisitorBlockReachable",
    "deadInstructions" : [ {
      "stringRepresentation" : "GOTO(14)",
      "programCounter" : 76
    } ]
  }, {
    "fullSignature" : "java.util.Map getFirstByBlock(java.util.List)",
    "numberOfTotalInstructions" : 36,
    "numberOfDeadInstructions" : 1,
    "enclosingTypeName" : "org.benf.cfr.reader.bytecode.analysis.opgraph.op3rewriters.ExceptionRewriters",
    "deadInstructions" : [ {
      "stringRepresentation" : "GOTO(-76)",
      "programCounter" : 87
    } ]
  }, {
    "fullSignature" : "void identifyCatchBlock(org.benf.cfr.reader.bytecode.analysis.opgraph.Op03SimpleStatement,org.benf.cfr.reader.bytecode.analysis.parse.utils.BlockIdentifier,java.util.List)",
    "numberOfTotalInstructions" : 265,
    "numberOfDeadInstructions" : 1,
    "enclosingTypeName" : "org.benf.cfr.reader.bytecode.analysis.opgraph.op3rewriters.ExceptionRewriters",
    "deadInstructions" : [ {
      "stringRepresentation" : "GOTO(-240)",
      "programCounter" : 363
    } ]
  }, {
    "fullSignature" : "void classifyGotos(java.util.List)",
    "numberOfTotalInstructions" : 155,
    "numberOfDeadInstructions" : 1,
    "enclosingTypeName" : "org.benf.cfr.reader.bytecode.analysis.opgraph.op3rewriters.ClassifyGotos",
    "deadInstructions" : [ {
      "stringRepresentation" : "GOTO(45)",
      "programCounter" : 219
    } ]
  }, {
    "fullSignature" : "boolean isRangeOnlyReachable(int,int,int,java.util.List,java.util.Set)",
    "numberOfTotalInstructions" : 122,
    "numberOfDeadInstructions" : 1,
    "enclosingTypeName" : "org.benf.cfr.reader.bytecode.analysis.opgraph.op3rewriters.ConditionalRewriter",
    "deadInstructions" : [ {
      "stringRepresentation" : "GOTO(-65)",
      "programCounter" : 193
    } ]
  }, {
    "fullSignature" : "java.util.List removeUnreachableCode(java.util.List,boolean)",
    "numberOfTotalInstructions" : 78,
    "numberOfDeadInstructions" : 1,
    "enclosingTypeName" : "org.benf.cfr.reader.bytecode.analysis.opgraph.op3rewriters.Cleaner",
    "deadInstructions" : [ {
      "stringRepresentation" : "GOTO(-84)",
      "programCounter" : 200
    } ]
  }, {
    "fullSignature" : "void rewrite1(org.benf.cfr.reader.bytecode.analysis.types.JavaRefTypeInstance,org.benf.cfr.reader.bytecode.analysis.opgraph.Op03SimpleStatement,org.benf.cfr.reader.state.DCCommonState)",
    "numberOfTotalInstructions" : 203,
    "numberOfDeadInstructions" : 1,
    "enclosingTypeName" : "org.benf.cfr.reader.bytecode.analysis.opgraph.op3rewriters.InstanceConstants",
    "deadInstructions" : [ {
      "stringRepresentation" : "GOTO(84)",
      "programCounter" : 88
    } ]
  }, {
    "fullSignature" : "org.benf.cfr.reader.bytecode.analysis.parse.Expression tryExtractAssignment(org.benf.cfr.reader.bytecode.analysis.parse.expression.AssignmentExpression)",
    "numberOfTotalInstructions" : 52,
    "numberOfDeadInstructions" : 1,
    "enclosingTypeName" : "org.benf.cfr.reader.bytecode.analysis.opgraph.op3rewriters.InlineDeAssigner$Deassigner",
    "deadInstructions" : [ {
      "stringRepresentation" : "GOTO(-38)",
      "programCounter" : 100
    } ]
  }, {
    "fullSignature" : "boolean check(org.benf.cfr.reader.entities.exceptions.ExceptionAggregator,java.util.List,java.util.SortedMap)",
    "numberOfTotalInstructions" : 70,
    "numberOfDeadInstructions" : 1,
    "enclosingTypeName" : "org.benf.cfr.reader.bytecode.analysis.opgraph.op02obf.SimpleControlFlowBase",
    "deadInstructions" : [ {
      "stringRepresentation" : "GOTO(-144)",
      "programCounter" : 155
    } ]
  }, {
    "fullSignature" : "void noteInterestingLifetimes(java.util.List)",
    "numberOfTotalInstructions" : 228,
    "numberOfDeadInstructions" : 3,
    "enclosingTypeName" : "org.benf.cfr.reader.bytecode.analysis.opgraph.Op03SimpleStatement",
    "deadInstructions" : [ {
      "stringRepresentation" : "GOTO(-181)",
      "programCounter" : 427
    }, {
      "stringRepresentation" : "GOTO(-52)",
      "programCounter" : 570
    }, {
      "stringRepresentation" : "GOTO(-152)",
      "programCounter" : 590
    } ]
  }, {
    "fullSignature" : "void removePointlessSwitchDefault(org.benf.cfr.reader.bytecode.analysis.opgraph.Op03SimpleStatement)",
    "numberOfTotalInstructions" : 114,
    "numberOfDeadInstructions" : 1,
    "enclosingTypeName" : "org.benf.cfr.reader.bytecode.analysis.opgraph.Op03SimpleStatement",
    "deadInstructions" : [ {
      "stringRepresentation" : "GOTO(-242)",
      "programCounter" : 279
    } ]
  }, {
    "fullSignature" : "void addSources(java.util.List)",
    "numberOfTotalInstructions" : 28,
    "numberOfDeadInstructions" : 1,
    "enclosingTypeName" : "org.benf.cfr.reader.bytecode.analysis.opgraph.Op03Blocks$Block3",
    "deadInstructions" : [ {
      "stringRepresentation" : "GOTO(-31)",
      "programCounter" : 38
    } ]
  }, {
    "fullSignature" : "void addTargets(java.util.List)",
    "numberOfTotalInstructions" : 23,
    "numberOfDeadInstructions" : 1,
    "enclosingTypeName" : "org.benf.cfr.reader.bytecode.analysis.opgraph.Op03Blocks$Block3",
    "deadInstructions" : [ {
      "stringRepresentation" : "GOTO(-31)",
      "programCounter" : 38
    } ]
  }, {
    "fullSignature" : "void patchUpRelations()",
    "numberOfTotalInstructions" : 60,
    "numberOfDeadInstructions" : 1,
    "enclosingTypeName" : "org.benf.cfr.reader.bytecode.analysis.opgraph.GraphConversionHelper",
    "deadInstructions" : [ {
      "stringRepresentation" : "GOTO(-148)",
      "programCounter" : 163
    } ]
  }, {
    "fullSignature" : "boolean hasUnstructuredSource()",
    "numberOfTotalInstructions" : 20,
    "numberOfDeadInstructions" : 1,
    "enclosingTypeName" : "org.benf.cfr.reader.bytecode.analysis.opgraph.Op04StructuredStatement",
    "deadInstructions" : [ {
      "stringRepresentation" : "GOTO(-33)",
      "programCounter" : 43
    } ]
  }, {
    "fullSignature" : "java.util.List addTryEndDependencies(java.util.List)",
    "numberOfTotalInstructions" : 100,
    "numberOfDeadInstructions" : 3,
    "enclosingTypeName" : "org.benf.cfr.reader.bytecode.analysis.opgraph.Op03Blocks",
    "deadInstructions" : [ {
      "stringRepresentation" : "GOTO(-87)",
      "programCounter" : 105
    }, {
      "stringRepresentation" : "GOTO(-94)",
      "programCounter" : 265
    }, {
      "stringRepresentation" : "GOTO(-153)",
      "programCounter" : 268
    } ]
  }, {
    "fullSignature" : "java.util.List buildBasicBlocks(java.util.List)",
    "numberOfTotalInstructions" : 144,
    "numberOfDeadInstructions" : 1,
    "enclosingTypeName" : "org.benf.cfr.reader.bytecode.analysis.opgraph.Op03Blocks",
    "deadInstructions" : [ {
      "stringRepresentation" : "GOTO(-318)",
      "programCounter" : 375
    } ]
  }, {
    "fullSignature" : "boolean detectMoves(java.util.List,org.benf.cfr.reader.util.getopt.Options)",
    "numberOfTotalInstructions" : 373,
    "numberOfDeadInstructions" : 4,
    "enclosingTypeName" : "org.benf.cfr.reader.bytecode.analysis.opgraph.Op03Blocks",
    "deadInstructions" : [ {
      "stringRepresentation" : "GOTO(-181)",
      "programCounter" : 590
    }, {
      "stringRepresentation" : "GOTO(332)",
      "programCounter" : 599
    }, {
      "stringRepresentation" : "GOTO(-111)",
      "programCounter" : 925
    }, {
      "stringRepresentation" : "GOTO(-312)",
      "programCounter" : 928
    } ]
  }, {
    "fullSignature" : "java.util.Map findFirstInBlock(java.util.List,java.util.Set)",
    "numberOfTotalInstructions" : 50,
    "numberOfDeadInstructions" : 1,
    "enclosingTypeName" : "org.benf.cfr.reader.bytecode.analysis.opgraph.Op03Blocks",
    "deadInstructions" : [ {
      "stringRepresentation" : "GOTO(-66)",
      "programCounter" : 114
    } ]
  }, {
    "fullSignature" : "java.util.Map getTryBlockAliases(java.util.List)",
    "numberOfTotalInstructions" : 121,
    "numberOfDeadInstructions" : 1,
    "enclosingTypeName" : "org.benf.cfr.reader.bytecode.analysis.opgraph.Op03Blocks",
    "deadInstructions" : [ {
      "stringRepresentation" : "GOTO(-273)",
      "programCounter" : 298
    } ]
  }, {
    "fullSignature" : "void stripTryBlockAliases(java.util.List,java.util.Map)",
    "numberOfTotalInstructions" : 226,
    "numberOfDeadInstructions" : 1,
    "enclosingTypeName" : "org.benf.cfr.reader.bytecode.analysis.opgraph.Op03Blocks",
    "deadInstructions" : [ {
      "stringRepresentation" : "GOTO(-213)",
      "programCounter" : 574
    } ]
  }, {
    "fullSignature" : "java.util.Map createReverseMap(java.util.Map)",
    "numberOfTotalInstructions" : 45,
    "numberOfDeadInstructions" : 1,
    "enclosingTypeName" : "org.benf.cfr.reader.bytecode.analysis.opgraph.Op02WithProcessedDataAndRefs",
    "deadInstructions" : [ {
      "stringRepresentation" : "GOTO(-94)",
      "programCounter" : 117
    } ]
  }, {
    "fullSignature" : "void discoverStorageLiveness(org.benf.cfr.reader.entities.Method,org.benf.cfr.reader.util.DecompilerComments,java.util.List,org.benf.cfr.reader.bytecode.BytecodeMeta)",
    "numberOfTotalInstructions" : 286,
    "numberOfDeadInstructions" : 4,
    "enclosingTypeName" : "org.benf.cfr.reader.bytecode.analysis.opgraph.Op02WithProcessedDataAndRefs",
    "deadInstructions" : [ {
      "stringRepresentation" : "GOTO(-148)",
      "programCounter" : 356
    }, {
      "stringRepresentation" : "GOTO(-289)",
      "programCounter" : 359
    }, {
      "stringRepresentation" : "GOTO(-107)",
      "programCounter" : 498
    }, {
      "stringRepresentation" : "GOTO(-197)",
      "programCounter" : 712
    } ]
  }, {
    "fullSignature" : "org.benf.cfr.reader.util.DecompilerComment populateStackInfo(java.util.List,org.benf.cfr.reader.entities.Method)",
    "numberOfTotalInstructions" : 91,
    "numberOfDeadInstructions" : 1,
    "enclosingTypeName" : "org.benf.cfr.reader.bytecode.analysis.opgraph.Op02WithProcessedDataAndRefs",
    "deadInstructions" : [ {
      "stringRepresentation" : "GOTO(90)",
      "programCounter" : 114
    } ]
  }, {
    "fullSignature" : "void populateStackInfo(org.benf.cfr.reader.bytecode.analysis.stack.StackSim,org.benf.cfr.reader.entities.Method,java.util.Set,java.util.LinkedList)",
    "numberOfTotalInstructions" : 196,
    "numberOfDeadInstructions" : 1,
    "enclosingTypeName" : "org.benf.cfr.reader.bytecode.analysis.opgraph.Op02WithProcessedDataAndRefs",
    "deadInstructions" : [ {
      "stringRepresentation" : "GOTO(145)",
      "programCounter" : 317
    } ]
  }, {
    "fullSignature" : "void processJSRs(java.util.List,java.util.List)",
    "numberOfTotalInstructions" : 339,
    "numberOfDeadInstructions" : 1,
    "enclosingTypeName" : "org.benf.cfr.reader.bytecode.analysis.opgraph.Op02WithProcessedDataAndRefs",
    "deadInstructions" : [ {
      "stringRepresentation" : "GOTO(-312)",
      "programCounter" : 335
    } ]
  }, {
    "fullSignature" : "void removeUnusedSSAIdentifiers(org.benf.cfr.reader.bytecode.analysis.parse.utils.SSAIdentifierFactory,org.benf.cfr.reader.entities.Method,java.util.List)",
    "numberOfTotalInstructions" : 232,
    "numberOfDeadInstructions" : 4,
    "enclosingTypeName" : "org.benf.cfr.reader.bytecode.analysis.opgraph.Op02WithProcessedDataAndRefs",
    "deadInstructions" : [ {
      "stringRepresentation" : "GOTO(-41)",
      "programCounter" : 266
    }, {
      "stringRepresentation" : "GOTO(-55)",
      "programCounter" : 346
    }, {
      "stringRepresentation" : "GOTO(-363)",
      "programCounter" : 495
    }, {
      "stringRepresentation" : "GOTO(-426)",
      "programCounter" : 498
    } ]
  }, {
    "fullSignature" : "void tidyMultipleInsertionIdentifiers(java.util.Collection)",
    "numberOfTotalInstructions" : 115,
    "numberOfDeadInstructions" : 1,
    "enclosingTypeName" : "org.benf.cfr.reader.bytecode.analysis.opgraph.Op02WithProcessedDataAndRefs",
    "deadInstructions" : [ {
      "stringRepresentation" : "GOTO(-283)",
      "programCounter" : 290
    } ]
  } ]
}