{
  "filesAnalyzed" : [ "benchmark/jars/cfr-0.152.jar" ],
  "domainUsed" : "org.opalj.ai.domain.l1.DefaultIntervalValuesDomain",
  "timeFinished" : "2025-07-01T00:27:46.8883645",
  "totalRuntimeMs" : 1036,
  "methodsFound" : [ {
    "fullSignature" : "void accept(java.util.Collection)",
    "numberOfTotalInstructions" : 86,
    "numberOfDeadInstructions" : 1,
    "enclosingTypeName" : "org.benf.cfr.reader.util.output.InternalDumperFactoryImpl$BytecodeDumpConsumerImpl",
    "deadInstructions" : [ {
      "stringRepresentation" : "GOTO(13)",
      "programCounter" : 204
    } ]
  }, {
    "fullSignature" : "void notifyAdditionalAtEnd()",
    "numberOfTotalInstructions" : 60,
    "numberOfDeadInstructions" : 1,
    "enclosingTypeName" : "org.benf.cfr.reader.util.output.FileSummaryDumper",
    "deadInstructions" : [ {
      "stringRepresentation" : "GOTO(13)",
      "programCounter" : 132
    } ]
  }, {
    "fullSignature" : "void process()",
    "numberOfTotalInstructions" : 48,
    "numberOfDeadInstructions" : 1,
    "enclosingTypeName" : "org.benf.cfr.reader.util.graph.GraphVisitorDFS",
    "deadInstructions" : [ {
      "stringRepresentation" : "GOTO(-80)",
      "programCounter" : 106
    } ]
  }, {
    "fullSignature" : "boolean equals(java.util.Set,java.util.Collection)",
    "numberOfTotalInstructions" : 25,
    "numberOfDeadInstructions" : 1,
    "enclosingTypeName" : "org.benf.cfr.reader.util.collections.SetUtil",
    "deadInstructions" : [ {
      "stringRepresentation" : "GOTO(-28)",
      "programCounter" : 52
    } ]
  }, {
    "fullSignature" : "boolean hasIntersection(java.util.Set,java.util.Collection)",
    "numberOfTotalInstructions" : 26,
    "numberOfDeadInstructions" : 1,
    "enclosingTypeName" : "org.benf.cfr.reader.util.collections.SetUtil",
    "deadInstructions" : [ {
      "stringRepresentation" : "GOTO(-28)",
      "programCounter" : 55
    } ]
  }, {
    "fullSignature" : "void showOptionHelp(org.benf.cfr.reader.util.getopt.PermittedOptionProvider,org.benf.cfr.reader.util.getopt.Options,org.benf.cfr.reader.util.getopt.PermittedOptionProvider$ArgumentParam)",
    "numberOfTotalInstructions" : 54,
    "numberOfDeadInstructions" : 1,
    "enclosingTypeName" : "org.benf.cfr.reader.util.getopt.GetOptParser",
    "deadInstructions" : [ {
      "stringRepresentation" : "GOTO(-47)",
      "programCounter" : 79
    } ]
  }, {
    "fullSignature" : "java.util.Collection addJar(java.lang.String)",
    "numberOfTotalInstructions" : 22,
    "numberOfDeadInstructions" : 1,
    "enclosingTypeName" : "org.benf.cfr.reader.state.ClassFileSourceChained",
    "deadInstructions" : [ {
      "stringRepresentation" : "GOTO(-36)",
      "programCounter" : 46
    } ]
  }, {
    "fullSignature" : "org.benf.cfr.reader.apiunreleased.JarContent addJarContent(java.lang.String,org.benf.cfr.reader.util.AnalysisType)",
    "numberOfTotalInstructions" : 23,
    "numberOfDeadInstructions" : 1,
    "enclosingTypeName" : "org.benf.cfr.reader.state.ClassFileSourceChained",
    "deadInstructions" : [ {
      "stringRepresentation" : "GOTO(-39)",
      "programCounter" : 49
    } ]
  }, {
    "fullSignature" : "org.benf.cfr.reader.bytecode.analysis.parse.utils.Pair getClassFileContent(java.lang.String)",
    "numberOfTotalInstructions" : 22,
    "numberOfDeadInstructions" : 1,
    "enclosingTypeName" : "org.benf.cfr.reader.state.ClassFileSourceChained",
    "deadInstructions" : [ {
      "stringRepresentation" : "GOTO(-36)",
      "programCounter" : 46
    } ]
  }, {
    "fullSignature" : "java.lang.String getPossiblyRenamedPath(java.lang.String)",
    "numberOfTotalInstructions" : 22,
    "numberOfDeadInstructions" : 1,
    "enclosingTypeName" : "org.benf.cfr.reader.state.ClassFileSourceChained",
    "deadInstructions" : [ {
      "stringRepresentation" : "GOTO(-36)",
      "programCounter" : 46
    } ]
  }, {
    "fullSignature" : "boolean all(java.util.Collection,org.benf.cfr.reader.util.functors.Predicate)",
    "numberOfTotalInstructions" : 20,
    "numberOfDeadInstructions" : 1,
    "enclosingTypeName" : "org.benf.cfr.reader.util.collections.Functional",
    "deadInstructions" : [ {
      "stringRepresentation" : "GOTO(-30)",
      "programCounter" : 41
    } ]
  }, {
    "fullSignature" : "boolean any(java.util.Collection,org.benf.cfr.reader.util.functors.Predicate)",
    "numberOfTotalInstructions" : 20,
    "numberOfDeadInstructions" : 1,
    "enclosingTypeName" : "org.benf.cfr.reader.util.collections.Functional",
    "deadInstructions" : [ {
      "stringRepresentation" : "GOTO(-30)",
      "programCounter" : 41
    } ]
  }, {
    "fullSignature" : "java.lang.Object findOrNull(java.util.Collection,org.benf.cfr.reader.util.functors.Predicate)",
    "numberOfTotalInstructions" : 20,
    "numberOfDeadInstructions" : 1,
    "enclosingTypeName" : "org.benf.cfr.reader.util.collections.Functional",
    "deadInstructions" : [ {
      "stringRepresentation" : "GOTO(-31)",
      "programCounter" : 42
    } ]
  }, {
    "fullSignature" : "java.util.Map getPackageToModuleMap()",
    "numberOfTotalInstructions" : 100,
    "numberOfDeadInstructions" : 2,
    "enclosingTypeName" : "org.benf.cfr.reader.state.ClassFileSourceImpl",
    "deadInstructions" : [ {
      "stringRepresentation" : "GOTO(-120)",
      "programCounter" : 223
    }, {
      "stringRepresentation" : "GOTO(4)",
      "programCounter" : 226
    } ]
  }, {
    "fullSignature" : "org.benf.cfr.reader.apiunreleased.JarContent processClassPathFile(java.io.File,boolean,org.benf.cfr.reader.util.AnalysisType)",
    "numberOfTotalInstructions" : 100,
    "numberOfDeadInstructions" : 1,
    "enclosingTypeName" : "org.benf.cfr.reader.state.ClassFileSourceImpl",
    "deadInstructions" : [ {
      "stringRepresentation" : "GOTO(7)",
      "programCounter" : 172
    } ]
  }, {
    "fullSignature" : "java.util.Map inferInnerClasses(java.util.List,java.util.Map)",
    "numberOfTotalInstructions" : 150,
    "numberOfDeadInstructions" : 1,
    "enclosingTypeName" : "org.benf.cfr.reader.mapping.MappingFactory",
    "deadInstructions" : [ {
      "stringRepresentation" : "GOTO(-137)",
      "programCounter" : 379
    } ]
  }, {
    "fullSignature" : "void inheritFrom(org.benf.cfr.reader.relationship.MemberNameResolver$MemberInfo)",
    "numberOfTotalInstructions" : 63,
    "numberOfDeadInstructions" : 2,
    "enclosingTypeName" : "org.benf.cfr.reader.relationship.MemberNameResolver$MemberInfo",
    "deadInstructions" : [ {
      "stringRepresentation" : "GOTO(-106)",
      "programCounter" : 172
    }, {
      "stringRepresentation" : "GOTO(-160)",
      "programCounter" : 175
    } ]
  }, {
    "fullSignature" : "void main(java.lang.String[])",
    "numberOfTotalInstructions" : 67,
    "numberOfDeadInstructions" : 1,
    "enclosingTypeName" : "org.benf.cfr.reader.Main",
    "deadInstructions" : [ {
      "stringRepresentation" : "GOTO(15)",
      "programCounter" : 59
    } ]
  }, {
    "fullSignature" : "java.lang.String getFieldNameOrNull(java.lang.String,org.benf.cfr.reader.bytecode.analysis.types.JavaTypeInstance,org.benf.cfr.reader.util.output.Dumper,org.benf.cfr.reader.mapping.Mapping)",
    "numberOfTotalInstructions" : 90,
    "numberOfDeadInstructions" : 1,
    "enclosingTypeName" : "org.benf.cfr.reader.mapping.ClassMapping",
    "deadInstructions" : [ {
      "stringRepresentation" : "GOTO(-79)",
      "programCounter" : 132
    } ]
  }, {
    "fullSignature" : "boolean checkAgainstException(org.benf.cfr.reader.bytecode.analysis.parse.Expression)",
    "numberOfTotalInstructions" : 62,
    "numberOfDeadInstructions" : 1,
    "enclosingTypeName" : "org.benf.cfr.reader.entities.exceptions.ExceptionCheckImpl",
    "deadInstructions" : [ {
      "stringRepresentation" : "GOTO(7)",
      "programCounter" : 73
    } ]
  }, {
    "fullSignature" : "boolean checkAgainstInternal(java.util.Set)",
    "numberOfTotalInstructions" : 53,
    "numberOfDeadInstructions" : 1,
    "enclosingTypeName" : "org.benf.cfr.reader.entities.exceptions.ExceptionCheckImpl",
    "deadInstructions" : [ {
      "stringRepresentation" : "GOTO(-83)",
      "programCounter" : 101
    } ]
  }, {
    "fullSignature" : "void initialise(java.util.Collection)",
    "numberOfTotalInstructions" : 144,
    "numberOfDeadInstructions" : 1,
    "enclosingTypeName" : "org.benf.cfr.reader.relationship.MemberNameResolver",
    "deadInstructions" : [ {
      "stringRepresentation" : "GOTO(-201)",
      "programCounter" : 263
    } ]
  }, {
    "fullSignature" : "void insertParentClashes()",
    "numberOfTotalInstructions" : 64,
    "numberOfDeadInstructions" : 3,
    "enclosingTypeName" : "org.benf.cfr.reader.relationship.MemberNameResolver",
    "deadInstructions" : [ {
      "stringRepresentation" : "GOTO(-78)",
      "programCounter" : 172
    }, {
      "stringRepresentation" : "GOTO(-121)",
      "programCounter" : 175
    }, {
      "stringRepresentation" : "GOTO(-163)",
      "programCounter" : 178
    } ]
  }, {
    "fullSignature" : "org.benf.cfr.reader.entities.attributes.Attribute build(org.benf.cfr.reader.util.bytestream.ByteData,org.benf.cfr.reader.entities.constantpool.ConstantPool,org.benf.cfr.reader.util.ClassFileVersion)",
    "numberOfTotalInstructions" : 281,
    "numberOfDeadInstructions" : 1,
    "enclosingTypeName" : "org.benf.cfr.reader.entityfactories.AttributeFactory",
    "deadInstructions" : [ {
      "stringRepresentation" : "GOTO(8)",
      "programCounter" : 555
    } ]
  }, {
    "fullSignature" : "org.benf.cfr.reader.bytecode.analysis.types.JavaTypeInstance generateTypeInstance()",
    "numberOfTotalInstructions" : 60,
    "numberOfDeadInstructions" : 1,
    "enclosingTypeName" : "org.benf.cfr.reader.entities.Field",
    "deadInstructions" : [ {
      "stringRepresentation" : "GOTO(5)",
      "programCounter" : 58
    } ]
  }, {
    "fullSignature" : "org.benf.cfr.reader.bytecode.analysis.types.MethodPrototype getMethodPrototype()",
    "numberOfTotalInstructions" : 114,
    "numberOfDeadInstructions" : 1,
    "enclosingTypeName" : "org.benf.cfr.reader.entities.constantpool.ConstantPoolEntryMethodRef",
    "deadInstructions" : [ {
      "stringRepresentation" : "GOTO(12)",
      "programCounter" : 234
    } ]
  }, {
    "fullSignature" : "boolean matches(int,int,int)",
    "numberOfTotalInstructions" : 22,
    "numberOfDeadInstructions" : 1,
    "enclosingTypeName" : "org.benf.cfr.reader.entities.attributes.TypeAnnotationTargetInfo$TypeAnnotationLocalVarTarget",
    "deadInstructions" : [ {
      "stringRepresentation" : "GOTO(-35)",
      "programCounter" : 46
    } ]
  }, {
    "fullSignature" : "void collectTypeUsages(org.benf.cfr.reader.state.TypeUsageCollector)",
    "numberOfTotalInstructions" : 28,
    "numberOfDeadInstructions" : 1,
    "enclosingTypeName" : "org.benf.cfr.reader.entities.attributes.AttributeTypeAnnotations",
    "deadInstructions" : [ {
      "stringRepresentation" : "GOTO(-58)",
      "programCounter" : 73
    } ]
  }, {
    "fullSignature" : "org.benf.cfr.reader.util.output.Dumper dump(org.benf.cfr.reader.util.output.Dumper)",
    "numberOfTotalInstructions" : 33,
    "numberOfDeadInstructions" : 1,
    "enclosingTypeName" : "org.benf.cfr.reader.entities.attributes.AttributeTypeAnnotations",
    "deadInstructions" : [ {
      "stringRepresentation" : "GOTO(-66)",
      "programCounter" : 81
    } ]
  }, {
    "fullSignature" : "void collectTypeUsages(org.benf.cfr.reader.state.TypeUsageCollector)",
    "numberOfTotalInstructions" : 27,
    "numberOfDeadInstructions" : 1,
    "enclosingTypeName" : "org.benf.cfr.reader.entities.attributes.AttributeParameterAnnotations",
    "deadInstructions" : [ {
      "stringRepresentation" : "GOTO(-58)",
      "programCounter" : 68
    } ]
  }, {
    "fullSignature" : "void addMissingOuters(java.util.Map)",
    "numberOfTotalInstructions" : 72,
    "numberOfDeadInstructions" : 1,
    "enclosingTypeName" : "org.benf.cfr.reader.Driver",
    "deadInstructions" : [ {
      "stringRepresentation" : "GOTO(-89)",
      "programCounter" : 175
    } ]
  }, {
    "fullSignature" : "java.util.Set getVersionCollisions(java.util.Map)",
    "numberOfTotalInstructions" : 43,
    "numberOfDeadInstructions" : 1,
    "enclosingTypeName" : "org.benf.cfr.reader.Driver",
    "deadInstructions" : [ {
      "stringRepresentation" : "GOTO(-74)",
      "programCounter" : 108
    } ]
  }, {
    "fullSignature" : "void checkInnerClassAssumption(org.benf.cfr.reader.entities.attributes.AttributeInnerClasses,org.benf.cfr.reader.bytecode.analysis.types.JavaRefTypeInstance,org.benf.cfr.reader.state.DCCommonState)",
    "numberOfTotalInstructions" : 28,
    "numberOfDeadInstructions" : 1,
    "enclosingTypeName" : "org.benf.cfr.reader.entities.ClassFile",
    "deadInstructions" : [ {
      "stringRepresentation" : "GOTO(-35)",
      "programCounter" : 50
    } ]
  }, {
    "fullSignature" : "boolean hasAccessibleField(java.lang.String,org.benf.cfr.reader.bytecode.analysis.types.JavaRefTypeInstance)",
    "numberOfTotalInstructions" : 60,
    "numberOfDeadInstructions" : 1,
    "enclosingTypeName" : "org.benf.cfr.reader.entities.ClassFile",
    "deadInstructions" : [ {
      "stringRepresentation" : "GOTO(-37)",
      "programCounter" : 129
    } ]
  }, {
    "fullSignature" : "boolean isInferredAnonymousStatic(org.benf.cfr.reader.state.DCCommonState,org.benf.cfr.reader.bytecode.analysis.types.JavaTypeInstance,org.benf.cfr.reader.bytecode.analysis.types.JavaTypeInstance)",
    "numberOfTotalInstructions" : 117,
    "numberOfDeadInstructions" : 1,
    "enclosingTypeName" : "org.benf.cfr.reader.entities.ClassFile",
    "deadInstructions" : [ {
      "stringRepresentation" : "GOTO(5)",
      "programCounter" : 251
    } ]
  }, {
    "fullSignature" : "boolean testIsInnerClass(org.benf.cfr.reader.state.DCCommonState)",
    "numberOfTotalInstructions" : 33,
    "numberOfDeadInstructions" : 1,
    "enclosingTypeName" : "org.benf.cfr.reader.entities.ClassFile",
    "deadInstructions" : [ {
      "stringRepresentation" : "GOTO(-37)",
      "programCounter" : 65
    } ]
  }, {
    "fullSignature" : "void <init>(java.util.List,org.benf.cfr.reader.entities.attributes.AttributeCode,org.benf.cfr.reader.util.getopt.Options)",
    "numberOfTotalInstructions" : 68,
    "numberOfDeadInstructions" : 1,
    "enclosingTypeName" : "org.benf.cfr.reader.bytecode.BytecodeMeta",
    "deadInstructions" : [ {
      "stringRepresentation" : "GOTO(-119)",
      "programCounter" : 188
    } ]
  }, {
    "fullSignature" : "org.benf.cfr.reader.bytecode.analysis.types.JavaGenericRefTypeInstance asGenericRefInstance(org.benf.cfr.reader.bytecode.analysis.types.JavaTypeInstance)",
    "numberOfTotalInstructions" : 26,
    "numberOfDeadInstructions" : 1,
    "enclosingTypeName" : "org.benf.cfr.reader.bytecode.analysis.types.JavaIntersectionTypeInstance",
    "deadInstructions" : [ {
      "stringRepresentation" : "GOTO(-43)",
      "programCounter" : 60
    } ]
  }, {
    "fullSignature" : "boolean correctCanCastTo(org.benf.cfr.reader.bytecode.analysis.types.JavaTypeInstance,org.benf.cfr.reader.bytecode.analysis.types.GenericTypeBinder)",
    "numberOfTotalInstructions" : 21,
    "numberOfDeadInstructions" : 1,
    "enclosingTypeName" : "org.benf.cfr.reader.bytecode.analysis.types.JavaIntersectionTypeInstance",
    "deadInstructions" : [ {
      "stringRepresentation" : "GOTO(-34)",
      "programCounter" : 44
    } ]
  }, {
    "fullSignature" : "org.benf.cfr.reader.bytecode.analysis.types.JavaTypeInstance directImplOf(org.benf.cfr.reader.bytecode.analysis.types.JavaTypeInstance)",
    "numberOfTotalInstructions" : 22,
    "numberOfDeadInstructions" : 1,
    "enclosingTypeName" : "org.benf.cfr.reader.bytecode.analysis.types.JavaIntersectionTypeInstance",
    "deadInstructions" : [ {
      "stringRepresentation" : "GOTO(-36)",
      "programCounter" : 46
    } ]
  }, {
    "fullSignature" : "boolean implicitlyCastsTo(org.benf.cfr.reader.bytecode.analysis.types.JavaTypeInstance,org.benf.cfr.reader.bytecode.analysis.types.GenericTypeBinder)",
    "numberOfTotalInstructions" : 21,
    "numberOfDeadInstructions" : 1,
    "enclosingTypeName" : "org.benf.cfr.reader.bytecode.analysis.types.JavaIntersectionTypeInstance",
    "deadInstructions" : [ {
      "stringRepresentation" : "GOTO(-34)",
      "programCounter" : 44
    } ]
  }, {
    "fullSignature" : "boolean impreciseCanCastTo(org.benf.cfr.reader.bytecode.analysis.types.JavaTypeInstance,org.benf.cfr.reader.bytecode.analysis.types.GenericTypeBinder)",
    "numberOfTotalInstructions" : 21,
    "numberOfDeadInstructions" : 1,
    "enclosingTypeName" : "org.benf.cfr.reader.bytecode.analysis.types.JavaIntersectionTypeInstance",
    "deadInstructions" : [ {
      "stringRepresentation" : "GOTO(-34)",
      "programCounter" : 44
    } ]
  }, {
    "fullSignature" : "void <init>(org.benf.cfr.reader.bytecode.analysis.types.JavaTypeInstance,java.util.List)",
    "numberOfTotalInstructions" : 44,
    "numberOfDeadInstructions" : 1,
    "enclosingTypeName" : "org.benf.cfr.reader.bytecode.analysis.types.JavaGenericRefTypeInstance",
    "deadInstructions" : [ {
      "stringRepresentation" : "GOTO(-48)",
      "programCounter" : 92
    } ]
  }, {
    "fullSignature" : "boolean hasForeignUnbound(org.benf.cfr.reader.entities.constantpool.ConstantPool,int,boolean,java.util.Map)",
    "numberOfTotalInstructions" : 33,
    "numberOfDeadInstructions" : 1,
    "enclosingTypeName" : "org.benf.cfr.reader.bytecode.analysis.types.JavaGenericRefTypeInstance",
    "deadInstructions" : [ {
      "stringRepresentation" : "GOTO(-50)",
      "programCounter" : 73
    } ]
  }, {
    "fullSignature" : "boolean hasL01Wildcard()",
    "numberOfTotalInstructions" : 19,
    "numberOfDeadInstructions" : 1,
    "enclosingTypeName" : "org.benf.cfr.reader.bytecode.analysis.types.JavaGenericRefTypeInstance",
    "deadInstructions" : [ {
      "stringRepresentation" : "GOTO(-28)",
      "programCounter" : 38
    } ]
  }, {
    "fullSignature" : "boolean usesFinalId(int)",
    "numberOfTotalInstructions" : 37,
    "numberOfDeadInstructions" : 1,
    "enclosingTypeName" : "org.benf.cfr.reader.bytecode.analysis.types.discovery.InferredJavaType$IJTInternal_Clash",
    "deadInstructions" : [ {
      "stringRepresentation" : "GOTO(-31)",
      "programCounter" : 78
    } ]
  }, {
    "fullSignature" : "boolean canTypeAnnotationBeMovedToDecl(org.benf.cfr.reader.bytecode.analysis.types.JavaTypeInstance,org.benf.cfr.reader.entities.annotations.AnnotationTableTypeEntry,java.lang.Integer)",
    "numberOfTotalInstructions" : 90,
    "numberOfDeadInstructions" : 2,
    "enclosingTypeName" : "org.benf.cfr.reader.bytecode.analysis.types.DeclarationAnnotationHelper",
    "deadInstructions" : [ {
      "stringRepresentation" : "GOTO(-45)",
      "programCounter" : 85
    }, {
      "stringRepresentation" : "GOTO(-45)",
      "programCounter" : 191
    } ]
  }, {
    "fullSignature" : "java.util.List getMostDerivedType(java.util.Set)",
    "numberOfTotalInstructions" : 44,
    "numberOfDeadInstructions" : 1,
    "enclosingTypeName" : "org.benf.cfr.reader.bytecode.analysis.types.discovery.InferredJavaType",
    "deadInstructions" : [ {
      "stringRepresentation" : "GOTO(-78)",
      "programCounter" : 92
    } ]
  }, {
    "fullSignature" : "org.benf.cfr.reader.bytecode.analysis.types.JavaTypeInstance getBindingFor(org.benf.cfr.reader.bytecode.analysis.types.JavaTypeInstance)",
    "numberOfTotalInstructions" : 54,
    "numberOfDeadInstructions" : 1,
    "enclosingTypeName" : "org.benf.cfr.reader.bytecode.analysis.types.GenericTypeBinder",
    "deadInstructions" : [ {
      "stringRepresentation" : "GOTO(68)",
      "programCounter" : 40
    } ]
  }, {
    "fullSignature" : "org.benf.cfr.reader.bytecode.analysis.parse.utils.BlockIdentifier getContinueBlock()",
    "numberOfTotalInstructions" : 32,
    "numberOfDeadInstructions" : 1,
    "enclosingTypeName" : "org.benf.cfr.reader.bytecode.analysis.structured.StructuredScope",
    "deadInstructions" : [ {
      "stringRepresentation" : "GOTO(-65)",
      "programCounter" : 73
    } ]
  }, {
    "fullSignature" : "boolean isRecursivelyStructured()",
    "numberOfTotalInstructions" : 54,
    "numberOfDeadInstructions" : 2,
    "enclosingTypeName" : "org.benf.cfr.reader.bytecode.analysis.structured.statement.StructuredTry",
    "deadInstructions" : [ {
      "stringRepresentation" : "GOTO(-28)",
      "programCounter" : 45
    }, {
      "stringRepresentation" : "GOTO(-28)",
      "programCounter" : 98
    } ]
  }, {
    "fullSignature" : "boolean anyFound()",
    "numberOfTotalInstructions" : 20,
    "numberOfDeadInstructions" : 1,
    "enclosingTypeName" : "org.benf.cfr.reader.bytecode.analysis.parse.utils.scope.ScopeDiscoverInfoCache",
    "deadInstructions" : [ {
      "stringRepresentation" : "GOTO(-28)",
      "programCounter" : 43
    } ]
  }, {
    "fullSignature" : "void combineInlineable()",
    "numberOfTotalInstructions" : 88,
    "numberOfDeadInstructions" : 1,
    "enclosingTypeName" : "org.benf.cfr.reader.bytecode.analysis.structured.statement.Block",
    "deadInstructions" : [ {
      "stringRepresentation" : "GOTO(-36)",
      "programCounter" : 46
    } ]
  }, {
    "fullSignature" : "void flattenOthersIn()",
    "numberOfTotalInstructions" : 41,
    "numberOfDeadInstructions" : 1,
    "enclosingTypeName" : "org.benf.cfr.reader.bytecode.analysis.structured.statement.Block",
    "deadInstructions" : [ {
      "stringRepresentation" : "GOTO(-87)",
      "programCounter" : 95
    } ]
  }, {
    "fullSignature" : "org.benf.cfr.reader.bytecode.analysis.opgraph.Op04StructuredStatement getLast()",
    "numberOfTotalInstructions" : 20,
    "numberOfDeadInstructions" : 1,
    "enclosingTypeName" : "org.benf.cfr.reader.bytecode.analysis.structured.statement.Block",
    "deadInstructions" : [ {
      "stringRepresentation" : "GOTO(-31)",
      "programCounter" : 39
    } ]
  }, {
    "fullSignature" : "java.util.Set getNextAfter(int,boolean)",
    "numberOfTotalInstructions" : 52,
    "numberOfDeadInstructions" : 1,
    "enclosingTypeName" : "org.benf.cfr.reader.bytecode.analysis.structured.statement.Block",
    "deadInstructions" : [ {
      "stringRepresentation" : "GOTO(-83)",
      "programCounter" : 105
    } ]
  }, {
    "fullSignature" : "boolean inlineable()",
    "numberOfTotalInstructions" : 28,
    "numberOfDeadInstructions" : 1,
    "enclosingTypeName" : "org.benf.cfr.reader.bytecode.analysis.structured.statement.Block",
    "deadInstructions" : [ {
      "stringRepresentation" : "GOTO(-46)",
      "programCounter" : 54
    } ]
  }, {
    "fullSignature" : "boolean isEffectivelyNOP()",
    "numberOfTotalInstructions" : 20,
    "numberOfDeadInstructions" : 1,
    "enclosingTypeName" : "org.benf.cfr.reader.bytecode.analysis.structured.statement.Block",
    "deadInstructions" : [ {
      "stringRepresentation" : "GOTO(-33)",
      "programCounter" : 41
    } ]
  }, {
    "fullSignature" : "boolean isRecursivelyStructured()",
    "numberOfTotalInstructions" : 19,
    "numberOfDeadInstructions" : 1,
    "enclosingTypeName" : "org.benf.cfr.reader.bytecode.analysis.structured.statement.Block",
    "deadInstructions" : [ {
      "stringRepresentation" : "GOTO(-28)",
      "programCounter" : 36
    } ]
  }, {
    "fullSignature" : "boolean isMovableUnder(java.util.Collection,org.benf.cfr.reader.bytecode.analysis.parse.LValue,org.benf.cfr.reader.bytecode.analysis.parse.utils.SSAIdentifiers,org.benf.cfr.reader.bytecode.analysis.parse.utils.SSAIdentifiers)",
    "numberOfTotalInstructions" : 56,
    "numberOfDeadInstructions" : 1,
    "enclosingTypeName" : "org.benf.cfr.reader.bytecode.analysis.parse.utils.SSAIdentifierUtils",
    "deadInstructions" : [ {
      "stringRepresentation" : "GOTO(-34)",
      "programCounter" : 42
    } ]
  }, {
    "fullSignature" : "org.benf.cfr.reader.bytecode.analysis.parse.LValue getAlias(org.benf.cfr.reader.bytecode.analysis.parse.lvalue.StackSSALabel,org.benf.cfr.reader.bytecode.analysis.parse.utils.LValueAssignmentAndAliasCondenser$ExpressionStatementPair)",
    "numberOfTotalInstructions" : 176,
    "numberOfDeadInstructions" : 4,
    "enclosingTypeName" : "org.benf.cfr.reader.bytecode.analysis.parse.utils.LValueAssignmentAndAliasCondenser$AliasRewriter",
    "deadInstructions" : [ {
      "stringRepresentation" : "GOTO(-50)",
      "programCounter" : 89
    }, {
      "stringRepresentation" : "GOTO(13)",
      "programCounter" : 289
    }, {
      "stringRepresentation" : "GOTO(-56)",
      "programCounter" : 434
    }, {
      "stringRepresentation" : "GOTO(-115)",
      "programCounter" : 437
    } ]
  }, {
    "fullSignature" : "void moveDupPostCreation(org.benf.cfr.reader.bytecode.analysis.parse.LValue,org.benf.cfr.reader.bytecode.analysis.parse.StatementContainer,org.benf.cfr.reader.bytecode.analysis.parse.StatementContainer)",
    "numberOfTotalInstructions" : 65,
    "numberOfDeadInstructions" : 2,
    "enclosingTypeName" : "org.benf.cfr.reader.bytecode.analysis.parse.utils.CreationCollector",
    "deadInstructions" : [ {
      "stringRepresentation" : "GOTO(63)",
      "programCounter" : 85
    }, {
      "stringRepresentation" : "GOTO(4)",
      "programCounter" : 144
    } ]
  }, {
    "fullSignature" : "org.benf.cfr.reader.bytecode.analysis.parse.StatementContainer getUniqueParent(org.benf.cfr.reader.bytecode.analysis.parse.StatementContainer,java.util.Set)",
    "numberOfTotalInstructions" : 29,
    "numberOfDeadInstructions" : 1,
    "enclosingTypeName" : "org.benf.cfr.reader.bytecode.analysis.parse.utils.LValueAssignmentAndAliasCondenser$MutationRewriterFirstPass",
    "deadInstructions" : [ {
      "stringRepresentation" : "GOTO(-50)",
      "programCounter" : 55
    } ]
  }, {
    "fullSignature" : "org.benf.cfr.reader.bytecode.analysis.parse.Expression getLValueReplacement(org.benf.cfr.reader.bytecode.analysis.parse.LValue,org.benf.cfr.reader.bytecode.analysis.parse.utils.SSAIdentifiers,org.benf.cfr.reader.bytecode.analysis.parse.StatementContainer)",
    "numberOfTotalInstructions" : 117,
    "numberOfDeadInstructions" : 1,
    "enclosingTypeName" : "org.benf.cfr.reader.bytecode.analysis.parse.utils.LValueAssignmentAndAliasCondenser$MutationRewriterSecondPass",
    "deadInstructions" : [ {
      "stringRepresentation" : "GOTO(-36)",
      "programCounter" : 193
    } ]
  }, {
    "fullSignature" : "org.benf.cfr.reader.bytecode.analysis.parse.utils.BlockIdentifier getOutermostEnding(java.util.List,java.util.Set)",
    "numberOfTotalInstructions" : 19,
    "numberOfDeadInstructions" : 1,
    "enclosingTypeName" : "org.benf.cfr.reader.bytecode.analysis.parse.utils.BlockIdentifier",
    "deadInstructions" : [ {
      "stringRepresentation" : "GOTO(-31)",
      "programCounter" : 38
    } ]
  }, {
    "fullSignature" : "boolean equivalent(java.util.Collection,java.util.Collection)",
    "numberOfTotalInstructions" : 55,
    "numberOfDeadInstructions" : 1,
    "enclosingTypeName" : "org.benf.cfr.reader.bytecode.analysis.parse.utils.DefaultEquivalenceConstraint",
    "deadInstructions" : [ {
      "stringRepresentation" : "GOTO(-74)",
      "programCounter" : 120
    } ]
  }, {
    "fullSignature" : "boolean jumpsMethods(org.benf.cfr.reader.bytecode.analysis.opgraph.Op03SimpleStatement,org.benf.cfr.reader.bytecode.analysis.opgraph.Op03SimpleStatement)",
    "numberOfTotalInstructions" : 41,
    "numberOfDeadInstructions" : 1,
    "enclosingTypeName" : "org.benf.cfr.reader.bytecode.analysis.parse.utils.LValueAssignmentAndAliasCondenser",
    "deadInstructions" : [ {
      "stringRepresentation" : "GOTO(-66)",
      "programCounter" : 82
    } ]
  }, {
    "fullSignature" : "boolean hasCatchBlockFor(org.benf.cfr.reader.bytecode.analysis.parse.utils.BlockIdentifier)",
    "numberOfTotalInstructions" : 21,
    "numberOfDeadInstructions" : 1,
    "enclosingTypeName" : "org.benf.cfr.reader.bytecode.analysis.parse.statement.CatchStatement",
    "deadInstructions" : [ {
      "stringRepresentation" : "GOTO(-32)",
      "programCounter" : 42
    } ]
  }, {
    "fullSignature" : "org.benf.cfr.reader.bytecode.analysis.parse.Expression genStringConcat(java.util.List)",
    "numberOfTotalInstructions" : 110,
    "numberOfDeadInstructions" : 1,
    "enclosingTypeName" : "org.benf.cfr.reader.bytecode.analysis.parse.rewriters.StringBuilderRewriter",
    "deadInstructions" : [ {
      "stringRepresentation" : "GOTO(-43)",
      "programCounter" : 146
    } ]
  }, {
    "fullSignature" : "org.benf.cfr.reader.bytecode.analysis.parse.Expression testAppendChain(org.benf.cfr.reader.bytecode.analysis.parse.Expression)",
    "numberOfTotalInstructions" : 103,
    "numberOfDeadInstructions" : 1,
    "enclosingTypeName" : "org.benf.cfr.reader.bytecode.analysis.parse.rewriters.StringBuilderRewriter",
    "deadInstructions" : [ {
      "stringRepresentation" : "GOTO(169)",
      "programCounter" : 74
    } ]
  }, {
    "fullSignature" : "org.benf.cfr.reader.bytecode.analysis.parse.Expression rewriteExpression(org.benf.cfr.reader.bytecode.analysis.parse.Expression,org.benf.cfr.reader.bytecode.analysis.parse.utils.SSAIdentifiers,org.benf.cfr.reader.bytecode.analysis.parse.StatementContainer,org.benf.cfr.reader.bytecode.analysis.parse.rewriters.ExpressionRewriterFlags)",
    "numberOfTotalInstructions" : 36,
    "numberOfDeadInstructions" : 1,
    "enclosingTypeName" : "org.benf.cfr.reader.bytecode.analysis.parse.rewriters.ConstantFoldingRewriter",
    "deadInstructions" : [ {
      "stringRepresentation" : "GOTO(5)",
      "programCounter" : 48
    } ]
  }, {
    "fullSignature" : "boolean verifyCatchFinally(org.benf.cfr.reader.bytecode.analysis.opgraph.Op03SimpleStatement,org.benf.cfr.reader.bytecode.analysis.parse.utils.finalhelp.FinallyGraphHelper,org.benf.cfr.reader.bytecode.analysis.parse.utils.finalhelp.PeerTries,java.util.Set)",
    "numberOfTotalInstructions" : 240,
    "numberOfDeadInstructions" : 3,
    "enclosingTypeName" : "org.benf.cfr.reader.bytecode.analysis.parse.utils.finalhelp.FinalAnalyzer",
    "deadInstructions" : [ {
      "stringRepresentation" : "GOTO(-71)",
      "programCounter" : 363
    }, {
      "stringRepresentation" : "GOTO(-122)",
      "programCounter" : 529
    }, {
      "stringRepresentation" : "GOTO(81)",
      "programCounter" : 532
    } ]
  }, {
    "fullSignature" : "org.benf.cfr.reader.bytecode.analysis.types.discovery.InferredJavaType getFieldType(org.benf.cfr.reader.entities.constantpool.ConstantPoolEntryFieldRef)",
    "numberOfTotalInstructions" : 40,
    "numberOfDeadInstructions" : 1,
    "enclosingTypeName" : "org.benf.cfr.reader.bytecode.analysis.parse.lvalue.AbstractFieldVariable",
    "deadInstructions" : [ {
      "stringRepresentation" : "GOTO(8)",
      "programCounter" : 56
    } ]
  }, {
    "fullSignature" : "void rewriteLeftNestedSyntheticOuterRefs()",
    "numberOfTotalInstructions" : 30,
    "numberOfDeadInstructions" : 3,
    "enclosingTypeName" : "org.benf.cfr.reader.bytecode.analysis.parse.lvalue.FieldVariable",
    "deadInstructions" : [ {
      "stringRepresentation" : "NOP",
      "programCounter" : 58
    }, {
      "stringRepresentation" : "NOP",
      "programCounter" : 59
    }, {
      "stringRepresentation" : "NOP",
      "programCounter" : 60
    } ]
  }, {
    "fullSignature" : "org.benf.cfr.reader.bytecode.analysis.parse.Expression replaceSingleUsageLValues(org.benf.cfr.reader.bytecode.analysis.parse.utils.LValueRewriter,org.benf.cfr.reader.bytecode.analysis.parse.utils.SSAIdentifiers,org.benf.cfr.reader.bytecode.analysis.parse.StatementContainer)",
    "numberOfTotalInstructions" : 79,
    "numberOfDeadInstructions" : 1,
    "enclosingTypeName" : "org.benf.cfr.reader.bytecode.analysis.parse.expression.ComparisonOperation",
    "deadInstructions" : [ {
      "stringRepresentation" : "GOTO(42)",
      "programCounter" : 134
    } ]
  }, {
    "fullSignature" : "boolean rewriteBoxing(org.benf.cfr.reader.bytecode.analysis.opgraph.op4rewriters.PrimitiveBoxingRewriter)",
    "numberOfTotalInstructions" : 119,
    "numberOfDeadInstructions" : 1,
    "enclosingTypeName" : "org.benf.cfr.reader.bytecode.analysis.parse.expression.CastExpression",
    "deadInstructions" : [ {
      "stringRepresentation" : "GOTO(-173)",
      "programCounter" : 190
    } ]
  }, {
    "fullSignature" : "boolean isDeadCode(org.benf.cfr.reader.bytecode.analysis.opgraph.Op04StructuredStatement)",
    "numberOfTotalInstructions" : 26,
    "numberOfDeadInstructions" : 1,
    "enclosingTypeName" : "org.benf.cfr.reader.bytecode.analysis.opgraph.op4rewriters.util.MiscStatementTools",
    "deadInstructions" : [ {
      "stringRepresentation" : "GOTO(-31)",
      "programCounter" : 49
    } ]
  }, {
    "fullSignature" : "boolean alreadyDefined(java.lang.String,boolean)",
    "numberOfTotalInstructions" : 38,
    "numberOfDeadInstructions" : 1,
    "enclosingTypeName" : "org.benf.cfr.reader.bytecode.analysis.opgraph.op4rewriters.transformers.VariableNameTidier$StructuredScopeWithVars",
    "deadInstructions" : [ {
      "stringRepresentation" : "GOTO(-31)",
      "programCounter" : 57
    } ]
  }, {
    "fullSignature" : "org.benf.cfr.reader.bytecode.analysis.structured.StructuredStatement transform(org.benf.cfr.reader.bytecode.analysis.structured.StructuredStatement,org.benf.cfr.reader.bytecode.analysis.structured.StructuredScope)",
    "numberOfTotalInstructions" : 143,
    "numberOfDeadInstructions" : 1,
    "enclosingTypeName" : "org.benf.cfr.reader.bytecode.analysis.opgraph.op4rewriters.transformers.BadLoopPrettifier",
    "deadInstructions" : [ {
      "stringRepresentation" : "GOTO(38)",
      "programCounter" : 196
    } ]
  }, {
    "fullSignature" : "org.benf.cfr.reader.bytecode.analysis.structured.StructuredStatement transform(org.benf.cfr.reader.bytecode.analysis.structured.StructuredStatement,org.benf.cfr.reader.bytecode.analysis.structured.StructuredScope)",
    "numberOfTotalInstructions" : 108,
    "numberOfDeadInstructions" : 1,
    "enclosingTypeName" : "org.benf.cfr.reader.bytecode.analysis.opgraph.op4rewriters.transformers.ControlFlowCleaningTransformer",
    "deadInstructions" : [ {
      "stringRepresentation" : "GOTO(-60)",
      "programCounter" : 99
    } ]
  }, {
    "fullSignature" : "org.benf.cfr.reader.bytecode.analysis.opgraph.op4rewriters.SwitchExpressionRewriter$SwitchExpressionTransformer$BreakClassification classifyBreak(org.benf.cfr.reader.bytecode.analysis.structured.statement.StructuredBreak,org.benf.cfr.reader.bytecode.analysis.structured.StructuredScope)",
    "numberOfTotalInstructions" : 31,
    "numberOfDeadInstructions" : 1,
    "enclosingTypeName" : "org.benf.cfr.reader.bytecode.analysis.opgraph.op4rewriters.SwitchExpressionRewriter$SwitchExpressionTransformer",
    "deadInstructions" : [ {
      "stringRepresentation" : "GOTO(-41)",
      "programCounter" : 69
    } ]
  }, {
    "fullSignature" : "org.benf.cfr.reader.bytecode.analysis.opgraph.op4rewriters.transformers.InstanceOfAssignRewriter$ConditionTest getMatchingTest(org.benf.cfr.reader.bytecode.analysis.parse.expression.ConditionalExpression)",
    "numberOfTotalInstructions" : 24,
    "numberOfDeadInstructions" : 1,
    "enclosingTypeName" : "org.benf.cfr.reader.bytecode.analysis.opgraph.op4rewriters.transformers.InstanceOfAssignRewriter",
    "deadInstructions" : [ {
      "stringRepresentation" : "GOTO(-39)",
      "programCounter" : 49
    } ]
  }, {
    "fullSignature" : "void rewrite(org.benf.cfr.reader.bytecode.analysis.opgraph.Op04StructuredStatement)",
    "numberOfTotalInstructions" : 63,
    "numberOfDeadInstructions" : 1,
    "enclosingTypeName" : "org.benf.cfr.reader.bytecode.analysis.opgraph.op4rewriters.ScopeHidingVariableRewriter",
    "deadInstructions" : [ {
      "stringRepresentation" : "GOTO(-88)",
      "programCounter" : 105
    } ]
  }, {
    "fullSignature" : "boolean anySealed(org.benf.cfr.reader.bytecode.analysis.types.ClassSignature,org.benf.cfr.reader.state.DCCommonState)",
    "numberOfTotalInstructions" : 27,
    "numberOfDeadInstructions" : 1,
    "enclosingTypeName" : "org.benf.cfr.reader.bytecode.analysis.opgraph.op4rewriters.SealedClassChecker",
    "deadInstructions" : [ {
      "stringRepresentation" : "GOTO(-29)",
      "programCounter" : 52
    } ]
  }, {
    "fullSignature" : "void liftStatics(org.benf.cfr.reader.entities.Method)",
    "numberOfTotalInstructions" : 59,
    "numberOfDeadInstructions" : 1,
    "enclosingTypeName" : "org.benf.cfr.reader.bytecode.analysis.opgraph.op4rewriters.StaticLifter",
    "deadInstructions" : [ {
      "stringRepresentation" : "GOTO(-69)",
      "programCounter" : 124
    } ]
  }, {
    "fullSignature" : "org.benf.cfr.reader.bytecode.analysis.parse.Expression considerCandidateInvokation(org.benf.cfr.reader.bytecode.analysis.parse.expression.StaticFunctionInvokation)",
    "numberOfTotalInstructions" : 298,
    "numberOfDeadInstructions" : 1,
    "enclosingTypeName" : "org.benf.cfr.reader.bytecode.analysis.opgraph.op4rewriters.RetroLambdaRewriter",
    "deadInstructions" : [ {
      "stringRepresentation" : "GOTO(18)",
      "programCounter" : 453
    } ]
  }, {
    "fullSignature" : "org.benf.cfr.reader.bytecode.analysis.structured.statement.StructuredSwitch rewriteSwitch(org.benf.cfr.reader.bytecode.analysis.structured.statement.StructuredSwitch,org.benf.cfr.reader.bytecode.analysis.opgraph.op4rewriters.SwitchStringRewriter$SwitchStringMatchResultCollector)",
    "numberOfTotalInstructions" : 185,
    "numberOfDeadInstructions" : 1,
    "enclosingTypeName" : "org.benf.cfr.reader.bytecode.analysis.opgraph.op4rewriters.SwitchStringRewriter",
    "deadInstructions" : [ {
      "stringRepresentation" : "GOTO(-130)",
      "programCounter" : 327
    } ]
  }, {
    "fullSignature" : "void rewriteBlockSwitches(org.benf.cfr.reader.bytecode.analysis.opgraph.Op04StructuredStatement)",
    "numberOfTotalInstructions" : 206,
    "numberOfDeadInstructions" : 2,
    "enclosingTypeName" : "org.benf.cfr.reader.bytecode.analysis.opgraph.op4rewriters.SwitchExpressionRewriter",
    "deadInstructions" : [ {
      "stringRepresentation" : "GOTO(-163)",
      "programCounter" : 505
    }, {
      "stringRepresentation" : "GOTO(-374)",
      "programCounter" : 508
    } ]
  }, {
    "fullSignature" : "void maybeRewriteExplicitCallTyping(org.benf.cfr.reader.bytecode.analysis.parse.expression.AbstractFunctionInvokation)",
    "numberOfTotalInstructions" : 27,
    "numberOfDeadInstructions" : 1,
    "enclosingTypeName" : "org.benf.cfr.reader.bytecode.analysis.opgraph.op4rewriters.IllegalGenericRewriter",
    "deadInstructions" : [ {
      "stringRepresentation" : "GOTO(-36)",
      "programCounter" : 53
    } ]
  }, {
    "fullSignature" : "void removeDeadMethod(org.benf.cfr.reader.entities.ClassFile,org.benf.cfr.reader.entities.Method)",
    "numberOfTotalInstructions" : 35,
    "numberOfDeadInstructions" : 1,
    "enclosingTypeName" : "org.benf.cfr.reader.bytecode.analysis.opgraph.op4rewriters.matchutil.DeadMethodRemover",
    "deadInstructions" : [ {
      "stringRepresentation" : "GOTO(-38)",
      "programCounter" : 74
    } ]
  }, {
    "fullSignature" : "java.util.List getExplicitLambdaTypes(org.benf.cfr.reader.bytecode.analysis.types.JavaTypeInstance)",
    "numberOfTotalInstructions" : 73,
    "numberOfDeadInstructions" : 1,
    "enclosingTypeName" : "org.benf.cfr.reader.bytecode.analysis.opgraph.op4rewriters.LambdaRewriter",
    "deadInstructions" : [ {
      "stringRepresentation" : "GOTO(-29)",
      "programCounter" : 155
    } ]
  }, {
    "fullSignature" : "org.benf.cfr.reader.bytecode.analysis.parse.Expression rewriteExpression(org.benf.cfr.reader.bytecode.analysis.parse.Expression,org.benf.cfr.reader.bytecode.analysis.parse.utils.SSAIdentifiers,org.benf.cfr.reader.bytecode.analysis.parse.StatementContainer,org.benf.cfr.reader.bytecode.analysis.parse.rewriters.ExpressionRewriterFlags)",
    "numberOfTotalInstructions" : 121,
    "numberOfDeadInstructions" : 1,
    "enclosingTypeName" : "org.benf.cfr.reader.bytecode.analysis.opgraph.op4rewriters.LambdaRewriter",
    "deadInstructions" : [ {
      "stringRepresentation" : "GOTO(61)",
      "programCounter" : 193
    } ]
  }, {
    "fullSignature" : "boolean isValid()",
    "numberOfTotalInstructions" : 170,
    "numberOfDeadInstructions" : 1,
    "enclosingTypeName" : "org.benf.cfr.reader.bytecode.analysis.opgraph.op4rewriters.EnumClassRewriter$EnumInitMatchCollector",
    "deadInstructions" : [ {
      "stringRepresentation" : "GOTO(-77)",
      "programCounter" : 294
    } ]
  }, {
    "fullSignature" : "org.benf.cfr.reader.bytecode.analysis.opgraph.op4rewriters.AssertRewriter$ControlFlowSwitchExpressionTransformer$BreakClassification classifyBreak(org.benf.cfr.reader.bytecode.analysis.structured.statement.StructuredBreak,org.benf.cfr.reader.bytecode.analysis.structured.StructuredScope)",
    "numberOfTotalInstructions" : 37,
    "numberOfDeadInstructions" : 1,
    "enclosingTypeName" : "org.benf.cfr.reader.bytecode.analysis.opgraph.op4rewriters.AssertRewriter$ControlFlowSwitchExpressionTransformer",
    "deadInstructions" : [ {
      "stringRepresentation" : "GOTO(-41)",
      "programCounter" : 81
    } ]
  }, {
    "fullSignature" : "void doRewrite(org.benf.cfr.reader.bytecode.analysis.opgraph.Op04StructuredStatement)",
    "numberOfTotalInstructions" : 72,
    "numberOfDeadInstructions" : 1,
    "enclosingTypeName" : "org.benf.cfr.reader.bytecode.analysis.opgraph.op4rewriters.InstanceofMatchTidyingRewriter",
    "deadInstructions" : [ {
      "stringRepresentation" : "GOTO(-64)",
      "programCounter" : 175
    } ]
  }, {
    "fullSignature" : "void replaceReturningIf(org.benf.cfr.reader.bytecode.analysis.opgraph.Op03SimpleStatement,boolean)",
    "numberOfTotalInstructions" : 97,
    "numberOfDeadInstructions" : 1,
    "enclosingTypeName" : "org.benf.cfr.reader.bytecode.analysis.opgraph.op3rewriters.ReturnRewriter",
    "deadInstructions" : [ {
      "stringRepresentation" : "GOTO(4)",
      "programCounter" : 197
    } ]
  }, {
    "fullSignature" : "boolean verifyLinearBlock(org.benf.cfr.reader.bytecode.analysis.opgraph.Op03SimpleStatement,org.benf.cfr.reader.bytecode.analysis.parse.utils.BlockIdentifier,int)",
    "numberOfTotalInstructions" : 66,
    "numberOfDeadInstructions" : 1,
    "enclosingTypeName" : "org.benf.cfr.reader.bytecode.analysis.opgraph.op3rewriters.SynchronizedRewriter",
    "deadInstructions" : [ {
      "stringRepresentation" : "GOTO(-36)",
      "programCounter" : 147
    } ]
  }, {
    "fullSignature" : "boolean test(org.benf.cfr.reader.bytecode.analysis.opgraph.Op03SimpleStatement)",
    "numberOfTotalInstructions" : 52,
    "numberOfDeadInstructions" : 1,
    "enclosingTypeName" : "org.benf.cfr.reader.bytecode.analysis.opgraph.op3rewriters.Misc$HasBackJump",
    "deadInstructions" : [ {
      "stringRepresentation" : "GOTO(-96)",
      "programCounter" : 114
    } ]
  }, {
    "fullSignature" : "org.benf.cfr.reader.bytecode.analysis.opgraph.Op03SimpleStatement invoke(org.benf.cfr.reader.bytecode.analysis.opgraph.Op03SimpleStatement)",
    "numberOfTotalInstructions" : 29,
    "numberOfDeadInstructions" : 1,
    "enclosingTypeName" : "org.benf.cfr.reader.bytecode.analysis.opgraph.op3rewriters.Misc$GetBackJump",
    "deadInstructions" : [ {
      "stringRepresentation" : "GOTO(-37)",
      "programCounter" : 55
    } ]
  }, {
    "fullSignature" : "void call(org.benf.cfr.reader.bytecode.analysis.opgraph.Op03SimpleStatement,org.benf.cfr.reader.util.graph.GraphVisitor)",
    "numberOfTotalInstructions" : 37,
    "numberOfDeadInstructions" : 1,
    "enclosingTypeName" : "org.benf.cfr.reader.bytecode.analysis.opgraph.op3rewriters.Misc$GraphVisitorBlockReachable",
    "deadInstructions" : [ {
      "stringRepresentation" : "GOTO(14)",
      "programCounter" : 76
    } ]
  }, {
    "fullSignature" : "org.benf.cfr.reader.bytecode.analysis.parse.Expression rewriteExpression(org.benf.cfr.reader.bytecode.analysis.parse.Expression,org.benf.cfr.reader.bytecode.analysis.parse.utils.SSAIdentifiers,org.benf.cfr.reader.bytecode.analysis.parse.StatementContainer,org.benf.cfr.reader.bytecode.analysis.parse.rewriters.ExpressionRewriterFlags)",
    "numberOfTotalInstructions" : 82,
    "numberOfDeadInstructions" : 3,
    "enclosingTypeName" : "org.benf.cfr.reader.bytecode.analysis.opgraph.op4rewriters.AnonymousClassConstructorRewriter",
    "deadInstructions" : [ {
      "stringRepresentation" : "NOP",
      "programCounter" : 186
    }, {
      "stringRepresentation" : "NOP",
      "programCounter" : 187
    }, {
      "stringRepresentation" : "NOP",
      "programCounter" : 188
    } ]
  }, {
    "fullSignature" : "void rewriteMethods()",
    "numberOfTotalInstructions" : 110,
    "numberOfDeadInstructions" : 1,
    "enclosingTypeName" : "org.benf.cfr.reader.bytecode.analysis.opgraph.op4rewriters.AssertRewriter",
    "deadInstructions" : [ {
      "stringRepresentation" : "GOTO(-175)",
      "programCounter" : 235
    } ]
  }, {
    "fullSignature" : "java.util.List getMutations(java.util.List,org.benf.cfr.reader.bytecode.analysis.parse.LValue,org.benf.cfr.reader.bytecode.analysis.parse.utils.BlockIdentifier)",
    "numberOfTotalInstructions" : 46,
    "numberOfDeadInstructions" : 1,
    "enclosingTypeName" : "org.benf.cfr.reader.bytecode.analysis.opgraph.op3rewriters.WhileRewriter",
    "deadInstructions" : [ {
      "stringRepresentation" : "GOTO(-34)",
      "programCounter" : 109
    } ]
  }, {
    "fullSignature" : "void rewriteDoWhileTruePredAsWhile(org.benf.cfr.reader.bytecode.analysis.opgraph.Op03SimpleStatement,java.util.List)",
    "numberOfTotalInstructions" : 217,
    "numberOfDeadInstructions" : 1,
    "enclosingTypeName" : "org.benf.cfr.reader.bytecode.analysis.opgraph.op3rewriters.WhileRewriter",
    "deadInstructions" : [ {
      "stringRepresentation" : "GOTO(-63)",
      "programCounter" : 136
    } ]
  }, {
    "fullSignature" : "org.benf.cfr.reader.bytecode.analysis.parse.utils.BlockIdentifier findOuterBlock(org.benf.cfr.reader.bytecode.analysis.parse.utils.BlockIdentifier,org.benf.cfr.reader.bytecode.analysis.parse.utils.BlockIdentifier,java.util.List)",
    "numberOfTotalInstructions" : 32,
    "numberOfDeadInstructions" : 1,
    "enclosingTypeName" : "org.benf.cfr.reader.bytecode.analysis.opgraph.op3rewriters.Misc",
    "deadInstructions" : [ {
      "stringRepresentation" : "GOTO(-64)",
      "programCounter" : 71
    } ]
  }, {
    "fullSignature" : "void rewrite1(org.benf.cfr.reader.bytecode.analysis.types.JavaRefTypeInstance,org.benf.cfr.reader.bytecode.analysis.opgraph.Op03SimpleStatement,org.benf.cfr.reader.state.DCCommonState)",
    "numberOfTotalInstructions" : 203,
    "numberOfDeadInstructions" : 1,
    "enclosingTypeName" : "org.benf.cfr.reader.bytecode.analysis.opgraph.op3rewriters.InstanceConstants",
    "deadInstructions" : [ {
      "stringRepresentation" : "GOTO(84)",
      "programCounter" : 88
    } ]
  }, {
    "fullSignature" : "org.benf.cfr.reader.bytecode.analysis.parse.Expression tryExtractAssignment(org.benf.cfr.reader.bytecode.analysis.parse.expression.AssignmentExpression)",
    "numberOfTotalInstructions" : 52,
    "numberOfDeadInstructions" : 1,
    "enclosingTypeName" : "org.benf.cfr.reader.bytecode.analysis.opgraph.op3rewriters.InlineDeAssigner$Deassigner",
    "deadInstructions" : [ {
      "stringRepresentation" : "GOTO(-38)",
      "programCounter" : 100
    } ]
  }, {
    "fullSignature" : "void commentMonitors(java.util.List)",
    "numberOfTotalInstructions" : 92,
    "numberOfDeadInstructions" : 1,
    "enclosingTypeName" : "org.benf.cfr.reader.bytecode.analysis.opgraph.op3rewriters.MonitorRewriter",
    "deadInstructions" : [ {
      "stringRepresentation" : "GOTO(-148)",
      "programCounter" : 223
    } ]
  }, {
    "fullSignature" : "void call(org.benf.cfr.reader.bytecode.analysis.opgraph.Op03SimpleStatement,org.benf.cfr.reader.util.graph.GraphVisitor)",
    "numberOfTotalInstructions" : 105,
    "numberOfDeadInstructions" : 2,
    "enclosingTypeName" : "org.benf.cfr.reader.bytecode.analysis.opgraph.op3rewriters.Cleaner$1",
    "deadInstructions" : [ {
      "stringRepresentation" : "GOTO(-71)",
      "programCounter" : 102
    }, {
      "stringRepresentation" : "GOTO(-139)",
      "programCounter" : 254
    } ]
  }, {
    "fullSignature" : "int checkPreSwitchJump(java.util.List,org.benf.cfr.reader.bytecode.analysis.opgraph.Op03SimpleStatement,int,int)",
    "numberOfTotalInstructions" : 39,
    "numberOfDeadInstructions" : 1,
    "enclosingTypeName" : "org.benf.cfr.reader.bytecode.analysis.opgraph.op3rewriters.SwitchReplacer",
    "deadInstructions" : [ {
      "stringRepresentation" : "GOTO(-37)",
      "programCounter" : 79
    } ]
  }, {
    "fullSignature" : "void moveJumpsToCaseStatements(org.benf.cfr.reader.bytecode.analysis.opgraph.Op03SimpleStatement)",
    "numberOfTotalInstructions" : 91,
    "numberOfDeadInstructions" : 1,
    "enclosingTypeName" : "org.benf.cfr.reader.bytecode.analysis.opgraph.op3rewriters.SwitchReplacer",
    "deadInstructions" : [ {
      "stringRepresentation" : "GOTO(-185)",
      "programCounter" : 208
    } ]
  }, {
    "fullSignature" : "void rebuildSwitches(java.util.List,org.benf.cfr.reader.util.getopt.Options,org.benf.cfr.reader.util.DecompilerComments,org.benf.cfr.reader.bytecode.BytecodeMeta)",
    "numberOfTotalInstructions" : 190,
    "numberOfDeadInstructions" : 2,
    "enclosingTypeName" : "org.benf.cfr.reader.bytecode.analysis.opgraph.op3rewriters.SwitchReplacer",
    "deadInstructions" : [ {
      "stringRepresentation" : "GOTO(9)",
      "programCounter" : 217
    }, {
      "stringRepresentation" : "GOTO(-331)",
      "programCounter" : 355
    } ]
  }, {
    "fullSignature" : "void rewriteBreakStatements(java.util.List)",
    "numberOfTotalInstructions" : 101,
    "numberOfDeadInstructions" : 1,
    "enclosingTypeName" : "org.benf.cfr.reader.bytecode.analysis.opgraph.op3rewriters.BreakRewriter",
    "deadInstructions" : [ {
      "stringRepresentation" : "GOTO(-223)",
      "programCounter" : 234
    } ]
  }, {
    "fullSignature" : "void call(org.benf.cfr.reader.bytecode.analysis.opgraph.Op03SimpleStatement,org.benf.cfr.reader.util.graph.GraphVisitor)",
    "numberOfTotalInstructions" : 70,
    "numberOfDeadInstructions" : 1,
    "enclosingTypeName" : "org.benf.cfr.reader.bytecode.analysis.opgraph.op3rewriters.IterLoopRewriter$2",
    "deadInstructions" : [ {
      "stringRepresentation" : "GOTO(-41)",
      "programCounter" : 129
    } ]
  }, {
    "fullSignature" : "java.util.List removeUnreachableCode(java.util.List,boolean)",
    "numberOfTotalInstructions" : 78,
    "numberOfDeadInstructions" : 1,
    "enclosingTypeName" : "org.benf.cfr.reader.bytecode.analysis.opgraph.op3rewriters.Cleaner",
    "deadInstructions" : [ {
      "stringRepresentation" : "GOTO(-84)",
      "programCounter" : 200
    } ]
  }, {
    "fullSignature" : "void rewrite(java.util.List,org.benf.cfr.reader.util.DecompilerComments)",
    "numberOfTotalInstructions" : 382,
    "numberOfDeadInstructions" : 236,
    "enclosingTypeName" : "org.benf.cfr.reader.bytecode.analysis.opgraph.op3rewriters.JumpsIntoDoRewriter",
    "deadInstructions" : [ {
      "stringRepresentation" : "ALOAD(4)",
      "programCounter" : 325
    }, {
      "stringRepresentation" : "INVOKEVIRTUAL(org.benf.cfr.reader.bytecode.analysis.opgraph.Op03SimpleStatement{ java.util.List getSources() })",
      "programCounter" : 327
    }, {
      "stringRepresentation" : "INVOKEINTERFACE(java.util.List{ java.util.Iterator iterator() })",
      "programCounter" : 330
    }, {
      "stringRepresentation" : "ASTORE(12)",
      "programCounter" : 335
    }, {
      "stringRepresentation" : "ALOAD(12)",
      "programCounter" : 337
    }, {
      "stringRepresentation" : "INVOKEINTERFACE(java.util.Iterator{ boolean hasNext() })",
      "programCounter" : 339
    }, {
      "stringRepresentation" : "IFEQ(48)",
      "programCounter" : 344
    }, {
      "stringRepresentation" : "ALOAD(12)",
      "programCounter" : 347
    }, {
      "stringRepresentation" : "INVOKEINTERFACE(java.util.Iterator{ java.lang.Object next() })",
      "programCounter" : 349
    }, {
      "stringRepresentation" : "CHECKCAST(org.benf.cfr.reader.bytecode.analysis.opgraph.Op03SimpleStatement)",
      "programCounter" : 354
    }, {
      "stringRepresentation" : "ASTORE(13)",
      "programCounter" : 357
    }, {
      "stringRepresentation" : "ALOAD(13)",
      "programCounter" : 359
    }, {
      "stringRepresentation" : "INVOKEVIRTUAL(org.benf.cfr.reader.bytecode.analysis.opgraph.Op03SimpleStatement{ java.util.Set getBlockIdentifiers() })",
      "programCounter" : 361
    }, {
      "stringRepresentation" : "ALOAD(6)",
      "programCounter" : 364
    }, {
      "stringRepresentation" : "INVOKEINTERFACE(java.util.Set{ boolean contains(java.lang.Object) })",
      "programCounter" : 366
    }, {
      "stringRepresentation" : "IFNE(-34)",
      "programCounter" : 371
    }, {
      "stringRepresentation" : "NOP",
      "programCounter" : 374
    }, {
      "stringRepresentation" : "NOP",
      "programCounter" : 375
    }, {
      "stringRepresentation" : "NOP",
      "programCounter" : 376
    }, {
      "stringRepresentation" : "ALOAD(11)",
      "programCounter" : 377
    }, {
      "stringRepresentation" : "ALOAD(13)",
      "programCounter" : 379
    }, {
      "stringRepresentation" : "INVOKEINTERFACE(java.util.Set{ boolean contains(java.lang.Object) })",
      "programCounter" : 381
    }, {
      "stringRepresentation" : "IFEQ(542)",
      "programCounter" : 386
    }, {
      "stringRepresentation" : "GOTO(-52)",
      "programCounter" : 389
    }, {
      "stringRepresentation" : "NEW org.benf.cfr.reader.bytecode.analysis.opgraph.Op03SimpleStatement",
      "programCounter" : 392
    }, {
      "stringRepresentation" : "DUP",
      "programCounter" : 395
    }, {
      "stringRepresentation" : "ALOAD(9)",
      "programCounter" : 396
    }, {
      "stringRepresentation" : "INVOKEVIRTUAL(org.benf.cfr.reader.bytecode.analysis.opgraph.Op03SimpleStatement{ java.util.Set getBlockIdentifiers() })",
      "programCounter" : 398
    }, {
      "stringRepresentation" : "NEW org.benf.cfr.reader.bytecode.analysis.parse.statement.DoStatement",
      "programCounter" : 401
    }, {
      "stringRepresentation" : "DUP",
      "programCounter" : 404
    }, {
      "stringRepresentation" : "get static org.benf.cfr.reader.bytecode.analysis.loc.BytecodeLoc.TODO : org.benf.cfr.reader.bytecode.analysis.loc.BytecodeLoc",
      "programCounter" : 405
    }, {
      "stringRepresentation" : "ALOAD(6)",
      "programCounter" : 408
    }, {
      "stringRepresentation" : "INVOKESPECIAL(org.benf.cfr.reader.bytecode.analysis.parse.statement.DoStatement{ void <init>(org.benf.cfr.reader.bytecode.analysis.loc.BytecodeLoc,org.benf.cfr.reader.bytecode.analysis.parse.utils.BlockIdentifier) })",
      "programCounter" : 410
    }, {
      "stringRepresentation" : "ALOAD(9)",
      "programCounter" : 413
    }, {
      "stringRepresentation" : "INVOKEVIRTUAL(org.benf.cfr.reader.bytecode.analysis.opgraph.Op03SimpleStatement{ org.benf.cfr.reader.bytecode.analysis.parse.utils.SSAIdentifiers getSSAIdentifiers() })",
      "programCounter" : 415
    }, {
      "stringRepresentation" : "ALOAD(9)",
      "programCounter" : 418
    }, {
      "stringRepresentation" : "INVOKEVIRTUAL(org.benf.cfr.reader.bytecode.analysis.opgraph.Op03SimpleStatement{ org.benf.cfr.reader.bytecode.analysis.opgraph.InstrIndex getIndex() })",
      "programCounter" : 420
    }, {
      "stringRepresentation" : "INVOKEVIRTUAL(org.benf.cfr.reader.bytecode.analysis.opgraph.InstrIndex{ org.benf.cfr.reader.bytecode.analysis.opgraph.InstrIndex justBefore() })",
      "programCounter" : 423
    }, {
      "stringRepresentation" : "INVOKESPECIAL(org.benf.cfr.reader.bytecode.analysis.opgraph.Op03SimpleStatement{ void <init>(java.util.Set,org.benf.cfr.reader.bytecode.analysis.parse.Statement,org.benf.cfr.reader.bytecode.analysis.parse.utils.SSAIdentifiers,org.benf.cfr.reader.bytecode.analysis.opgraph.InstrIndex) })",
      "programCounter" : 426
    }, {
      "stringRepresentation" : "ASTORE(12)",
      "programCounter" : 429
    }, {
      "stringRepresentation" : "ALOAD(4)",
      "programCounter" : 431
    }, {
      "stringRepresentation" : "INVOKEVIRTUAL(org.benf.cfr.reader.bytecode.analysis.opgraph.Op03SimpleStatement{ java.util.List getTargets() })",
      "programCounter" : 433
    }, {
      "stringRepresentation" : "ICONST_0",
      "programCounter" : 436
    }, {
      "stringRepresentation" : "INVOKEINTERFACE(java.util.List{ java.lang.Object get(int) })",
      "programCounter" : 437
    }, {
      "stringRepresentation" : "CHECKCAST(org.benf.cfr.reader.bytecode.analysis.opgraph.Op03SimpleStatement)",
      "programCounter" : 442
    }, {
      "stringRepresentation" : "ASTORE(13)",
      "programCounter" : 445
    }, {
      "stringRepresentation" : "ALOAD(4)",
      "programCounter" : 447
    }, {
      "stringRepresentation" : "NEW org.benf.cfr.reader.bytecode.analysis.parse.statement.Nop",
      "programCounter" : 449
    }, {
      "stringRepresentation" : "DUP",
      "programCounter" : 452
    }, {
      "stringRepresentation" : "INVOKESPECIAL(org.benf.cfr.reader.bytecode.analysis.parse.statement.Nop{ void <init>() })",
      "programCounter" : 453
    }, {
      "stringRepresentation" : "INVOKEVIRTUAL(org.benf.cfr.reader.bytecode.analysis.opgraph.Op03SimpleStatement{ void replaceStatement(org.benf.cfr.reader.bytecode.analysis.parse.Statement) })",
      "programCounter" : 456
    }, {
      "stringRepresentation" : "ALOAD(11)",
      "programCounter" : 459
    }, {
      "stringRepresentation" : "INVOKEINTERFACE(java.util.Set{ java.util.Iterator iterator() })",
      "programCounter" : 461
    }, {
      "stringRepresentation" : "ASTORE(14)",
      "programCounter" : 466
    }, {
      "stringRepresentation" : "ALOAD(14)",
      "programCounter" : 468
    }, {
      "stringRepresentation" : "INVOKEINTERFACE(java.util.Iterator{ boolean hasNext() })",
      "programCounter" : 470
    }, {
      "stringRepresentation" : "IFEQ(31)",
      "programCounter" : 475
    }, {
      "stringRepresentation" : "ALOAD(14)",
      "programCounter" : 478
    }, {
      "stringRepresentation" : "INVOKEINTERFACE(java.util.Iterator{ java.lang.Object next() })",
      "programCounter" : 480
    }, {
      "stringRepresentation" : "CHECKCAST(org.benf.cfr.reader.bytecode.analysis.opgraph.Op03SimpleStatement)",
      "programCounter" : 485
    }, {
      "stringRepresentation" : "ASTORE(15)",
      "programCounter" : 488
    }, {
      "stringRepresentation" : "ALOAD(15)",
      "programCounter" : 490
    }, {
      "stringRepresentation" : "INVOKEVIRTUAL(org.benf.cfr.reader.bytecode.analysis.opgraph.Op03SimpleStatement{ java.util.Set getBlockIdentifiers() })",
      "programCounter" : 492
    }, {
      "stringRepresentation" : "ALOAD(6)",
      "programCounter" : 495
    }, {
      "stringRepresentation" : "INVOKEINTERFACE(java.util.Set{ boolean add(java.lang.Object) })",
      "programCounter" : 497
    }, {
      "stringRepresentation" : "POP",
      "programCounter" : 502
    }, {
      "stringRepresentation" : "GOTO(-35)",
      "programCounter" : 503
    }, {
      "stringRepresentation" : "ALOAD_0",
      "programCounter" : 506
    }, {
      "stringRepresentation" : "get org.benf.cfr.reader.bytecode.analysis.opgraph.op3rewriters.JumpsIntoDoRewriter.vf : org.benf.cfr.reader.bytecode.analysis.variables.VariableFactory",
      "programCounter" : 507
    }, {
      "stringRepresentation" : "NEW org.benf.cfr.reader.bytecode.analysis.types.discovery.InferredJavaType",
      "programCounter" : 510
    }, {
      "stringRepresentation" : "DUP",
      "programCounter" : 513
    }, {
      "stringRepresentation" : "get static org.benf.cfr.reader.bytecode.analysis.types.RawJavaType.BOOLEAN : org.benf.cfr.reader.bytecode.analysis.types.RawJavaType",
      "programCounter" : 514
    }, {
      "stringRepresentation" : "get static org.benf.cfr.reader.bytecode.analysis.types.discovery.InferredJavaType$Source.TRANSFORM : org.benf.cfr.reader.bytecode.analysis.types.discovery.InferredJavaType$Source",
      "programCounter" : 517
    }, {
      "stringRepresentation" : "ICONST_1",
      "programCounter" : 520
    }, {
      "stringRepresentation" : "INVOKESPECIAL(org.benf.cfr.reader.bytecode.analysis.types.discovery.InferredJavaType{ void <init>(org.benf.cfr.reader.bytecode.analysis.types.JavaTypeInstance,org.benf.cfr.reader.bytecode.analysis.types.discovery.InferredJavaType$Source,boolean) })",
      "programCounter" : 521
    }, {
      "stringRepresentation" : "INVOKEVIRTUAL(org.benf.cfr.reader.bytecode.analysis.variables.VariableFactory{ org.benf.cfr.reader.bytecode.analysis.parse.LValue tempVariable(org.benf.cfr.reader.bytecode.analysis.types.discovery.InferredJavaType) })",
      "programCounter" : 524
    }, {
      "stringRepresentation" : "ASTORE(14)",
      "programCounter" : 527
    }, {
      "stringRepresentation" : "NEW org.benf.cfr.reader.bytecode.analysis.opgraph.Op03SimpleStatement",
      "programCounter" : 529
    }, {
      "stringRepresentation" : "DUP",
      "programCounter" : 532
    }, {
      "stringRepresentation" : "ALOAD(7)",
      "programCounter" : 533
    }, {
      "stringRepresentation" : "NEW org.benf.cfr.reader.bytecode.analysis.parse.statement.AssignmentSimple",
      "programCounter" : 535
    }, {
      "stringRepresentation" : "DUP",
      "programCounter" : 538
    }, {
      "stringRepresentation" : "get static org.benf.cfr.reader.bytecode.analysis.loc.BytecodeLoc.TODO : org.benf.cfr.reader.bytecode.analysis.loc.BytecodeLoc",
      "programCounter" : 539
    }, {
      "stringRepresentation" : "ALOAD(14)",
      "programCounter" : 542
    }, {
      "stringRepresentation" : "get static org.benf.cfr.reader.bytecode.analysis.parse.expression.Literal.TRUE : org.benf.cfr.reader.bytecode.analysis.parse.expression.Literal",
      "programCounter" : 544
    }, {
      "stringRepresentation" : "INVOKESPECIAL(org.benf.cfr.reader.bytecode.analysis.parse.statement.AssignmentSimple{ void <init>(org.benf.cfr.reader.bytecode.analysis.loc.BytecodeLoc,org.benf.cfr.reader.bytecode.analysis.parse.LValue,org.benf.cfr.reader.bytecode.analysis.parse.Expression) })",
      "programCounter" : 547
    }, {
      "stringRepresentation" : "ALOAD(9)",
      "programCounter" : 550
    }, {
      "stringRepresentation" : "INVOKEVIRTUAL(org.benf.cfr.reader.bytecode.analysis.opgraph.Op03SimpleStatement{ org.benf.cfr.reader.bytecode.analysis.parse.utils.SSAIdentifiers getSSAIdentifiers() })",
      "programCounter" : 552
    }, {
      "stringRepresentation" : "ALOAD(12)",
      "programCounter" : 555
    }, {
      "stringRepresentation" : "INVOKEVIRTUAL(org.benf.cfr.reader.bytecode.analysis.opgraph.Op03SimpleStatement{ org.benf.cfr.reader.bytecode.analysis.opgraph.InstrIndex getIndex() })",
      "programCounter" : 557
    }, {
      "stringRepresentation" : "INVOKEVIRTUAL(org.benf.cfr.reader.bytecode.analysis.opgraph.InstrIndex{ org.benf.cfr.reader.bytecode.analysis.opgraph.InstrIndex justBefore() })",
      "programCounter" : 560
    }, {
      "stringRepresentation" : "INVOKESPECIAL(org.benf.cfr.reader.bytecode.analysis.opgraph.Op03SimpleStatement{ void <init>(java.util.Set,org.benf.cfr.reader.bytecode.analysis.parse.Statement,org.benf.cfr.reader.bytecode.analysis.parse.utils.SSAIdentifiers,org.benf.cfr.reader.bytecode.analysis.opgraph.InstrIndex) })",
      "programCounter" : 563
    }, {
      "stringRepresentation" : "ASTORE(15)",
      "programCounter" : 566
    }, {
      "stringRepresentation" : "ALOAD(4)",
      "programCounter" : 568
    }, {
      "stringRepresentation" : "INVOKEVIRTUAL(org.benf.cfr.reader.bytecode.analysis.opgraph.Op03SimpleStatement{ java.util.List getSources() })",
      "programCounter" : 570
    }, {
      "stringRepresentation" : "INVOKESTATIC(org.benf.cfr.reader.util.collections.ListFactory{ java.util.List newList(java.util.Collection) })",
      "programCounter" : 573
    }, {
      "stringRepresentation" : "INVOKEINTERFACE(java.util.List{ java.util.Iterator iterator() })",
      "programCounter" : 576
    }, {
      "stringRepresentation" : "ASTORE(16)",
      "programCounter" : 581
    }, {
      "stringRepresentation" : "ALOAD(16)",
      "programCounter" : 583
    }, {
      "stringRepresentation" : "INVOKEINTERFACE(java.util.Iterator{ boolean hasNext() })",
      "programCounter" : 585
    }, {
      "stringRepresentation" : "IFEQ(53)",
      "programCounter" : 590
    }, {
      "stringRepresentation" : "ALOAD(16)",
      "programCounter" : 593
    }, {
      "stringRepresentation" : "INVOKEINTERFACE(java.util.Iterator{ java.lang.Object next() })",
      "programCounter" : 595
    }, {
      "stringRepresentation" : "CHECKCAST(org.benf.cfr.reader.bytecode.analysis.opgraph.Op03SimpleStatement)",
      "programCounter" : 600
    }, {
      "stringRepresentation" : "ASTORE(17)",
      "programCounter" : 603
    }, {
      "stringRepresentation" : "ALOAD(11)",
      "programCounter" : 605
    }, {
      "stringRepresentation" : "ALOAD(17)",
      "programCounter" : 607
    }, {
      "stringRepresentation" : "INVOKEINTERFACE(java.util.Set{ boolean contains(java.lang.Object) })",
      "programCounter" : 609
    }, {
      "stringRepresentation" : "IFNE(-31)",
      "programCounter" : 614
    }, {
      "stringRepresentation" : "ALOAD(17)",
      "programCounter" : 617
    }, {
      "stringRepresentation" : "ALOAD(4)",
      "programCounter" : 619
    }, {
      "stringRepresentation" : "ALOAD(12)",
      "programCounter" : 621
    }, {
      "stringRepresentation" : "INVOKEVIRTUAL(org.benf.cfr.reader.bytecode.analysis.opgraph.Op03SimpleStatement{ void replaceTarget(org.benf.cfr.reader.bytecode.analysis.opgraph.Op03SimpleStatement,org.benf.cfr.reader.bytecode.analysis.opgraph.Op03SimpleStatement) })",
      "programCounter" : 623
    }, {
      "stringRepresentation" : "ALOAD(4)",
      "programCounter" : 626
    }, {
      "stringRepresentation" : "ALOAD(17)",
      "programCounter" : 628
    }, {
      "stringRepresentation" : "INVOKEVIRTUAL(org.benf.cfr.reader.bytecode.analysis.opgraph.Op03SimpleStatement{ void removeSource(org.benf.cfr.reader.bytecode.analysis.opgraph.Op03SimpleStatement) })",
      "programCounter" : 630
    }, {
      "stringRepresentation" : "ALOAD(12)",
      "programCounter" : 633
    }, {
      "stringRepresentation" : "ALOAD(17)",
      "programCounter" : 635
    }, {
      "stringRepresentation" : "INVOKEVIRTUAL(org.benf.cfr.reader.bytecode.analysis.opgraph.Op03SimpleStatement{ void addSource(org.benf.cfr.reader.bytecode.analysis.opgraph.Op03SimpleStatement) })",
      "programCounter" : 637
    }, {
      "stringRepresentation" : "GOTO(-57)",
      "programCounter" : 640
    }, {
      "stringRepresentation" : "ALOAD(9)",
      "programCounter" : 643
    }, {
      "stringRepresentation" : "INVOKEVIRTUAL(org.benf.cfr.reader.bytecode.analysis.opgraph.Op03SimpleStatement{ java.util.List getSources() })",
      "programCounter" : 645
    }, {
      "stringRepresentation" : "INVOKEINTERFACE(java.util.List{ java.util.Iterator iterator() })",
      "programCounter" : 648
    }, {
      "stringRepresentation" : "ASTORE(16)",
      "programCounter" : 653
    }, {
      "stringRepresentation" : "ALOAD(16)",
      "programCounter" : 655
    }, {
      "stringRepresentation" : "INVOKEINTERFACE(java.util.Iterator{ boolean hasNext() })",
      "programCounter" : 657
    }, {
      "stringRepresentation" : "IFEQ(34)",
      "programCounter" : 662
    }, {
      "stringRepresentation" : "ALOAD(16)",
      "programCounter" : 665
    }, {
      "stringRepresentation" : "INVOKEINTERFACE(java.util.Iterator{ java.lang.Object next() })",
      "programCounter" : 667
    }, {
      "stringRepresentation" : "CHECKCAST(org.benf.cfr.reader.bytecode.analysis.opgraph.Op03SimpleStatement)",
      "programCounter" : 672
    }, {
      "stringRepresentation" : "ASTORE(17)",
      "programCounter" : 675
    }, {
      "stringRepresentation" : "ALOAD(17)",
      "programCounter" : 677
    }, {
      "stringRepresentation" : "ALOAD(9)",
      "programCounter" : 679
    }, {
      "stringRepresentation" : "ALOAD(15)",
      "programCounter" : 681
    }, {
      "stringRepresentation" : "INVOKEVIRTUAL(org.benf.cfr.reader.bytecode.analysis.opgraph.Op03SimpleStatement{ void replaceTarget(org.benf.cfr.reader.bytecode.analysis.opgraph.Op03SimpleStatement,org.benf.cfr.reader.bytecode.analysis.opgraph.Op03SimpleStatement) })",
      "programCounter" : 683
    }, {
      "stringRepresentation" : "ALOAD(15)",
      "programCounter" : 686
    }, {
      "stringRepresentation" : "ALOAD(17)",
      "programCounter" : 688
    }, {
      "stringRepresentation" : "INVOKEVIRTUAL(org.benf.cfr.reader.bytecode.analysis.opgraph.Op03SimpleStatement{ void addSource(org.benf.cfr.reader.bytecode.analysis.opgraph.Op03SimpleStatement) })",
      "programCounter" : 690
    }, {
      "stringRepresentation" : "GOTO(-38)",
      "programCounter" : 693
    }, {
      "stringRepresentation" : "ALOAD(15)",
      "programCounter" : 696
    }, {
      "stringRepresentation" : "ALOAD(12)",
      "programCounter" : 698
    }, {
      "stringRepresentation" : "INVOKEVIRTUAL(org.benf.cfr.reader.bytecode.analysis.opgraph.Op03SimpleStatement{ void addTarget(org.benf.cfr.reader.bytecode.analysis.opgraph.Op03SimpleStatement) })",
      "programCounter" : 700
    }, {
      "stringRepresentation" : "ALOAD(12)",
      "programCounter" : 703
    }, {
      "stringRepresentation" : "ALOAD(15)",
      "programCounter" : 705
    }, {
      "stringRepresentation" : "INVOKEVIRTUAL(org.benf.cfr.reader.bytecode.analysis.opgraph.Op03SimpleStatement{ void addSource(org.benf.cfr.reader.bytecode.analysis.opgraph.Op03SimpleStatement) })",
      "programCounter" : 707
    }, {
      "stringRepresentation" : "ALOAD(9)",
      "programCounter" : 710
    }, {
      "stringRepresentation" : "INVOKEVIRTUAL(org.benf.cfr.reader.bytecode.analysis.opgraph.Op03SimpleStatement{ java.util.List getSources() })",
      "programCounter" : 712
    }, {
      "stringRepresentation" : "INVOKEINTERFACE(java.util.List{ void clear() })",
      "programCounter" : 715
    }, {
      "stringRepresentation" : "NEW org.benf.cfr.reader.bytecode.analysis.parse.statement.IfStatement",
      "programCounter" : 720
    }, {
      "stringRepresentation" : "DUP",
      "programCounter" : 723
    }, {
      "stringRepresentation" : "get static org.benf.cfr.reader.bytecode.analysis.loc.BytecodeLoc.TODO : org.benf.cfr.reader.bytecode.analysis.loc.BytecodeLoc",
      "programCounter" : 724
    }, {
      "stringRepresentation" : "NEW org.benf.cfr.reader.bytecode.analysis.parse.expression.NotOperation",
      "programCounter" : 727
    }, {
      "stringRepresentation" : "DUP",
      "programCounter" : 730
    }, {
      "stringRepresentation" : "get static org.benf.cfr.reader.bytecode.analysis.loc.BytecodeLoc.TODO : org.benf.cfr.reader.bytecode.analysis.loc.BytecodeLoc",
      "programCounter" : 731
    }, {
      "stringRepresentation" : "NEW org.benf.cfr.reader.bytecode.analysis.parse.expression.BooleanOperation",
      "programCounter" : 734
    }, {
      "stringRepresentation" : "DUP",
      "programCounter" : 737
    }, {
      "stringRepresentation" : "get static org.benf.cfr.reader.bytecode.analysis.loc.BytecodeLoc.TODO : org.benf.cfr.reader.bytecode.analysis.loc.BytecodeLoc",
      "programCounter" : 738
    }, {
      "stringRepresentation" : "NEW org.benf.cfr.reader.bytecode.analysis.parse.expression.ComparisonOperation",
      "programCounter" : 741
    }, {
      "stringRepresentation" : "DUP",
      "programCounter" : 744
    }, {
      "stringRepresentation" : "get static org.benf.cfr.reader.bytecode.analysis.loc.BytecodeLoc.TODO : org.benf.cfr.reader.bytecode.analysis.loc.BytecodeLoc",
      "programCounter" : 745
    }, {
      "stringRepresentation" : "NEW org.benf.cfr.reader.bytecode.analysis.parse.expression.LValueExpression",
      "programCounter" : 748
    }, {
      "stringRepresentation" : "DUP",
      "programCounter" : 751
    }, {
      "stringRepresentation" : "ALOAD(14)",
      "programCounter" : 752
    }, {
      "stringRepresentation" : "INVOKESPECIAL(org.benf.cfr.reader.bytecode.analysis.parse.expression.LValueExpression{ void <init>(org.benf.cfr.reader.bytecode.analysis.parse.LValue) })",
      "programCounter" : 754
    }, {
      "stringRepresentation" : "get static org.benf.cfr.reader.bytecode.analysis.parse.expression.Literal.TRUE : org.benf.cfr.reader.bytecode.analysis.parse.expression.Literal",
      "programCounter" : 757
    }, {
      "stringRepresentation" : "get static org.benf.cfr.reader.bytecode.analysis.parse.expression.CompOp.EQ : org.benf.cfr.reader.bytecode.analysis.parse.expression.CompOp",
      "programCounter" : 760
    }, {
      "stringRepresentation" : "INVOKESPECIAL(org.benf.cfr.reader.bytecode.analysis.parse.expression.ComparisonOperation{ void <init>(org.benf.cfr.reader.bytecode.analysis.loc.BytecodeLoc,org.benf.cfr.reader.bytecode.analysis.parse.Expression,org.benf.cfr.reader.bytecode.analysis.parse.Expression,org.benf.cfr.reader.bytecode.analysis.parse.expression.CompOp) })",
      "programCounter" : 763
    }, {
      "stringRepresentation" : "NEW org.benf.cfr.reader.bytecode.analysis.parse.expression.NotOperation",
      "programCounter" : 766
    }, {
      "stringRepresentation" : "DUP",
      "programCounter" : 769
    }, {
      "stringRepresentation" : "get static org.benf.cfr.reader.bytecode.analysis.loc.BytecodeLoc.TODO : org.benf.cfr.reader.bytecode.analysis.loc.BytecodeLoc",
      "programCounter" : 770
    }, {
      "stringRepresentation" : "NEW org.benf.cfr.reader.bytecode.analysis.parse.expression.BooleanExpression",
      "programCounter" : 773
    }, {
      "stringRepresentation" : "DUP",
      "programCounter" : 776
    }, {
      "stringRepresentation" : "NEW org.benf.cfr.reader.bytecode.analysis.parse.expression.AssignmentExpression",
      "programCounter" : 777
    }, {
      "stringRepresentation" : "DUP",
      "programCounter" : 780
    }, {
      "stringRepresentation" : "get static org.benf.cfr.reader.bytecode.analysis.loc.BytecodeLoc.TODO : org.benf.cfr.reader.bytecode.analysis.loc.BytecodeLoc",
      "programCounter" : 781
    }, {
      "stringRepresentation" : "ALOAD(14)",
      "programCounter" : 784
    }, {
      "stringRepresentation" : "get static org.benf.cfr.reader.bytecode.analysis.parse.expression.Literal.FALSE : org.benf.cfr.reader.bytecode.analysis.parse.expression.Literal",
      "programCounter" : 786
    }, {
      "stringRepresentation" : "INVOKESPECIAL(org.benf.cfr.reader.bytecode.analysis.parse.expression.AssignmentExpression{ void <init>(org.benf.cfr.reader.bytecode.analysis.loc.BytecodeLoc,org.benf.cfr.reader.bytecode.analysis.parse.LValue,org.benf.cfr.reader.bytecode.analysis.parse.Expression) })",
      "programCounter" : 789
    }, {
      "stringRepresentation" : "INVOKESPECIAL(org.benf.cfr.reader.bytecode.analysis.parse.expression.BooleanExpression{ void <init>(org.benf.cfr.reader.bytecode.analysis.parse.Expression) })",
      "programCounter" : 792
    }, {
      "stringRepresentation" : "INVOKESPECIAL(org.benf.cfr.reader.bytecode.analysis.parse.expression.NotOperation{ void <init>(org.benf.cfr.reader.bytecode.analysis.loc.BytecodeLoc,org.benf.cfr.reader.bytecode.analysis.parse.expression.ConditionalExpression) })",
      "programCounter" : 795
    }, {
      "stringRepresentation" : "get static org.benf.cfr.reader.bytecode.analysis.parse.expression.BoolOp.AND : org.benf.cfr.reader.bytecode.analysis.parse.expression.BoolOp",
      "programCounter" : 798
    }, {
      "stringRepresentation" : "INVOKESPECIAL(org.benf.cfr.reader.bytecode.analysis.parse.expression.BooleanOperation{ void <init>(org.benf.cfr.reader.bytecode.analysis.loc.BytecodeLoc,org.benf.cfr.reader.bytecode.analysis.parse.expression.ConditionalExpression,org.benf.cfr.reader.bytecode.analysis.parse.expression.ConditionalExpression,org.benf.cfr.reader.bytecode.analysis.parse.expression.BoolOp) })",
      "programCounter" : 801
    }, {
      "stringRepresentation" : "INVOKESPECIAL(org.benf.cfr.reader.bytecode.analysis.parse.expression.NotOperation{ void <init>(org.benf.cfr.reader.bytecode.analysis.loc.BytecodeLoc,org.benf.cfr.reader.bytecode.analysis.parse.expression.ConditionalExpression) })",
      "programCounter" : 804
    }, {
      "stringRepresentation" : "INVOKESPECIAL(org.benf.cfr.reader.bytecode.analysis.parse.statement.IfStatement{ void <init>(org.benf.cfr.reader.bytecode.analysis.loc.BytecodeLoc,org.benf.cfr.reader.bytecode.analysis.parse.expression.ConditionalExpression) })",
      "programCounter" : 807
    }, {
      "stringRepresentation" : "ASTORE(16)",
      "programCounter" : 810
    }, {
      "stringRepresentation" : "NEW org.benf.cfr.reader.bytecode.analysis.opgraph.Op03SimpleStatement",
      "programCounter" : 812
    }, {
      "stringRepresentation" : "DUP",
      "programCounter" : 815
    }, {
      "stringRepresentation" : "ALOAD(9)",
      "programCounter" : 816
    }, {
      "stringRepresentation" : "INVOKEVIRTUAL(org.benf.cfr.reader.bytecode.analysis.opgraph.Op03SimpleStatement{ java.util.Set getBlockIdentifiers() })",
      "programCounter" : 818
    }, {
      "stringRepresentation" : "ALOAD(16)",
      "programCounter" : 821
    }, {
      "stringRepresentation" : "ALOAD(9)",
      "programCounter" : 823
    }, {
      "stringRepresentation" : "INVOKEVIRTUAL(org.benf.cfr.reader.bytecode.analysis.opgraph.Op03SimpleStatement{ org.benf.cfr.reader.bytecode.analysis.parse.utils.SSAIdentifiers getSSAIdentifiers() })",
      "programCounter" : 825
    }, {
      "stringRepresentation" : "ALOAD(12)",
      "programCounter" : 828
    }, {
      "stringRepresentation" : "INVOKEVIRTUAL(org.benf.cfr.reader.bytecode.analysis.opgraph.Op03SimpleStatement{ org.benf.cfr.reader.bytecode.analysis.opgraph.InstrIndex getIndex() })",
      "programCounter" : 830
    }, {
      "stringRepresentation" : "INVOKEVIRTUAL(org.benf.cfr.reader.bytecode.analysis.opgraph.InstrIndex{ org.benf.cfr.reader.bytecode.analysis.opgraph.InstrIndex justAfter() })",
      "programCounter" : 833
    }, {
      "stringRepresentation" : "INVOKESPECIAL(org.benf.cfr.reader.bytecode.analysis.opgraph.Op03SimpleStatement{ void <init>(java.util.Set,org.benf.cfr.reader.bytecode.analysis.parse.Statement,org.benf.cfr.reader.bytecode.analysis.parse.utils.SSAIdentifiers,org.benf.cfr.reader.bytecode.analysis.opgraph.InstrIndex) })",
      "programCounter" : 836
    }, {
      "stringRepresentation" : "ASTORE(17)",
      "programCounter" : 839
    }, {
      "stringRepresentation" : "ALOAD(17)",
      "programCounter" : 841
    }, {
      "stringRepresentation" : "ALOAD(12)",
      "programCounter" : 843
    }, {
      "stringRepresentation" : "INVOKEVIRTUAL(org.benf.cfr.reader.bytecode.analysis.opgraph.Op03SimpleStatement{ void addSource(org.benf.cfr.reader.bytecode.analysis.opgraph.Op03SimpleStatement) })",
      "programCounter" : 845
    }, {
      "stringRepresentation" : "ALOAD(12)",
      "programCounter" : 848
    }, {
      "stringRepresentation" : "ALOAD(17)",
      "programCounter" : 850
    }, {
      "stringRepresentation" : "INVOKEVIRTUAL(org.benf.cfr.reader.bytecode.analysis.opgraph.Op03SimpleStatement{ void addTarget(org.benf.cfr.reader.bytecode.analysis.opgraph.Op03SimpleStatement) })",
      "programCounter" : 852
    }, {
      "stringRepresentation" : "ALOAD(17)",
      "programCounter" : 855
    }, {
      "stringRepresentation" : "ALOAD(6)",
      "programCounter" : 857
    }, {
      "stringRepresentation" : "INVOKEVIRTUAL(org.benf.cfr.reader.bytecode.analysis.opgraph.Op03SimpleStatement{ void markFirstStatementInBlock(org.benf.cfr.reader.bytecode.analysis.parse.utils.BlockIdentifier) })",
      "programCounter" : 859
    }, {
      "stringRepresentation" : "ALOAD(9)",
      "programCounter" : 862
    }, {
      "stringRepresentation" : "ALOAD(17)",
      "programCounter" : 864
    }, {
      "stringRepresentation" : "INVOKEVIRTUAL(org.benf.cfr.reader.bytecode.analysis.opgraph.Op03SimpleStatement{ void addSource(org.benf.cfr.reader.bytecode.analysis.opgraph.Op03SimpleStatement) })",
      "programCounter" : 866
    }, {
      "stringRepresentation" : "ALOAD(17)",
      "programCounter" : 869
    }, {
      "stringRepresentation" : "ALOAD(9)",
      "programCounter" : 871
    }, {
      "stringRepresentation" : "INVOKEVIRTUAL(org.benf.cfr.reader.bytecode.analysis.opgraph.Op03SimpleStatement{ void addTarget(org.benf.cfr.reader.bytecode.analysis.opgraph.Op03SimpleStatement) })",
      "programCounter" : 873
    }, {
      "stringRepresentation" : "ALOAD(17)",
      "programCounter" : 876
    }, {
      "stringRepresentation" : "ALOAD(4)",
      "programCounter" : 878
    }, {
      "stringRepresentation" : "INVOKEVIRTUAL(org.benf.cfr.reader.bytecode.analysis.opgraph.Op03SimpleStatement{ void addTarget(org.benf.cfr.reader.bytecode.analysis.opgraph.Op03SimpleStatement) })",
      "programCounter" : 880
    }, {
      "stringRepresentation" : "ALOAD(4)",
      "programCounter" : 883
    }, {
      "stringRepresentation" : "ALOAD(17)",
      "programCounter" : 885
    }, {
      "stringRepresentation" : "INVOKEVIRTUAL(org.benf.cfr.reader.bytecode.analysis.opgraph.Op03SimpleStatement{ void addSource(org.benf.cfr.reader.bytecode.analysis.opgraph.Op03SimpleStatement) })",
      "programCounter" : 887
    }, {
      "stringRepresentation" : "ALOAD_1",
      "programCounter" : 890
    }, {
      "stringRepresentation" : "ALOAD(15)",
      "programCounter" : 891
    }, {
      "stringRepresentation" : "INVOKEINTERFACE(java.util.List{ boolean add(java.lang.Object) })",
      "programCounter" : 893
    }, {
      "stringRepresentation" : "POP",
      "programCounter" : 898
    }, {
      "stringRepresentation" : "ALOAD_1",
      "programCounter" : 899
    }, {
      "stringRepresentation" : "ALOAD(12)",
      "programCounter" : 900
    }, {
      "stringRepresentation" : "INVOKEINTERFACE(java.util.List{ boolean add(java.lang.Object) })",
      "programCounter" : 902
    }, {
      "stringRepresentation" : "POP",
      "programCounter" : 907
    }, {
      "stringRepresentation" : "ALOAD_1",
      "programCounter" : 908
    }, {
      "stringRepresentation" : "ALOAD(17)",
      "programCounter" : 909
    }, {
      "stringRepresentation" : "INVOKEINTERFACE(java.util.List{ boolean add(java.lang.Object) })",
      "programCounter" : 911
    }, {
      "stringRepresentation" : "POP",
      "programCounter" : 916
    }, {
      "stringRepresentation" : "ALOAD(13)",
      "programCounter" : 917
    }, {
      "stringRepresentation" : "ACONST_NULL",
      "programCounter" : 919
    }, {
      "stringRepresentation" : "INVOKEVIRTUAL(org.benf.cfr.reader.bytecode.analysis.opgraph.Op03SimpleStatement{ void markFirstStatementInBlock(org.benf.cfr.reader.bytecode.analysis.parse.utils.BlockIdentifier) })",
      "programCounter" : 920
    }, {
      "stringRepresentation" : "ALOAD_0",
      "programCounter" : 923
    }, {
      "stringRepresentation" : "ICONST_1",
      "programCounter" : 924
    }, {
      "stringRepresentation" : "put org.benf.cfr.reader.bytecode.analysis.opgraph.op3rewriters.JumpsIntoDoRewriter.effect : boolean",
      "programCounter" : 925
    } ]
  }, {
    "fullSignature" : "void rewriteArrayForLoop(org.benf.cfr.reader.bytecode.analysis.opgraph.Op03SimpleStatement,java.util.List)",
    "numberOfTotalInstructions" : 420,
    "numberOfDeadInstructions" : 2,
    "enclosingTypeName" : "org.benf.cfr.reader.bytecode.analysis.opgraph.op3rewriters.IterLoopRewriter",
    "deadInstructions" : [ {
      "stringRepresentation" : "GOTO(-33)",
      "programCounter" : 717
    }, {
      "stringRepresentation" : "GOTO(-123)",
      "programCounter" : 750
    } ]
  }, {
    "fullSignature" : "boolean extractExceptionMiddle(org.benf.cfr.reader.bytecode.analysis.opgraph.Op03SimpleStatement,java.util.List,org.benf.cfr.reader.bytecode.analysis.opgraph.op3rewriters.ExceptionRewriters$SingleExceptionAddressing)",
    "numberOfTotalInstructions" : 161,
    "numberOfDeadInstructions" : 2,
    "enclosingTypeName" : "org.benf.cfr.reader.bytecode.analysis.opgraph.op3rewriters.ExceptionRewriters",
    "deadInstructions" : [ {
      "stringRepresentation" : "GOTO(-39)",
      "programCounter" : 109
    }, {
      "stringRepresentation" : "GOTO(-68)",
      "programCounter" : 324
    } ]
  }, {
    "fullSignature" : "java.util.Map getFirstByBlock(java.util.List)",
    "numberOfTotalInstructions" : 36,
    "numberOfDeadInstructions" : 1,
    "enclosingTypeName" : "org.benf.cfr.reader.bytecode.analysis.opgraph.op3rewriters.ExceptionRewriters",
    "deadInstructions" : [ {
      "stringRepresentation" : "GOTO(-76)",
      "programCounter" : 87
    } ]
  }, {
    "fullSignature" : "java.util.List copyBlock(org.benf.cfr.reader.bytecode.analysis.opgraph.Op03SimpleStatement,org.benf.cfr.reader.bytecode.analysis.opgraph.Op03SimpleStatement,org.benf.cfr.reader.bytecode.analysis.opgraph.Op03SimpleStatement,org.benf.cfr.reader.bytecode.analysis.opgraph.Op03SimpleStatement,java.util.Set,org.benf.cfr.reader.bytecode.analysis.parse.utils.BlockIdentifier,java.util.Set,java.util.Map)",
    "numberOfTotalInstructions" : 180,
    "numberOfDeadInstructions" : 1,
    "enclosingTypeName" : "org.benf.cfr.reader.bytecode.analysis.opgraph.op3rewriters.JumpsIntoLoopCloneRewriter",
    "deadInstructions" : [ {
      "stringRepresentation" : "GOTO(-163)",
      "programCounter" : 429
    } ]
  }, {
    "fullSignature" : "boolean containsTargetInBlock(org.benf.cfr.reader.bytecode.analysis.opgraph.Op03SimpleStatement,org.benf.cfr.reader.bytecode.analysis.parse.utils.BlockIdentifier)",
    "numberOfTotalInstructions" : 21,
    "numberOfDeadInstructions" : 1,
    "enclosingTypeName" : "org.benf.cfr.reader.bytecode.analysis.opgraph.op3rewriters.LoopIdentifier",
    "deadInstructions" : [ {
      "stringRepresentation" : "GOTO(-34)",
      "programCounter" : 44
    } ]
  }, {
    "fullSignature" : "void fixLoopOverlaps(java.util.List,java.util.List,java.util.Set)",
    "numberOfTotalInstructions" : 212,
    "numberOfDeadInstructions" : 1,
    "enclosingTypeName" : "org.benf.cfr.reader.bytecode.analysis.opgraph.op3rewriters.LoopIdentifier",
    "deadInstructions" : [ {
      "stringRepresentation" : "GOTO(-235)",
      "programCounter" : 259
    } ]
  }, {
    "fullSignature" : "void addSources(java.util.List)",
    "numberOfTotalInstructions" : 28,
    "numberOfDeadInstructions" : 1,
    "enclosingTypeName" : "org.benf.cfr.reader.bytecode.analysis.opgraph.Op03Blocks$Block3",
    "deadInstructions" : [ {
      "stringRepresentation" : "GOTO(-31)",
      "programCounter" : 38
    } ]
  }, {
    "fullSignature" : "void addTargets(java.util.List)",
    "numberOfTotalInstructions" : 23,
    "numberOfDeadInstructions" : 1,
    "enclosingTypeName" : "org.benf.cfr.reader.bytecode.analysis.opgraph.Op03Blocks$Block3",
    "deadInstructions" : [ {
      "stringRepresentation" : "GOTO(-31)",
      "programCounter" : 38
    } ]
  }, {
    "fullSignature" : "boolean check(org.benf.cfr.reader.entities.exceptions.ExceptionAggregator,java.util.List,java.util.SortedMap)",
    "numberOfTotalInstructions" : 70,
    "numberOfDeadInstructions" : 1,
    "enclosingTypeName" : "org.benf.cfr.reader.bytecode.analysis.opgraph.op02obf.SimpleControlFlowBase",
    "deadInstructions" : [ {
      "stringRepresentation" : "GOTO(-144)",
      "programCounter" : 155
    } ]
  }, {
    "fullSignature" : "void noteInterestingLifetimes(java.util.List)",
    "numberOfTotalInstructions" : 228,
    "numberOfDeadInstructions" : 3,
    "enclosingTypeName" : "org.benf.cfr.reader.bytecode.analysis.opgraph.Op03SimpleStatement",
    "deadInstructions" : [ {
      "stringRepresentation" : "GOTO(-181)",
      "programCounter" : 427
    }, {
      "stringRepresentation" : "GOTO(-52)",
      "programCounter" : 570
    }, {
      "stringRepresentation" : "GOTO(-152)",
      "programCounter" : 590
    } ]
  }, {
    "fullSignature" : "void removePointlessSwitchDefault(org.benf.cfr.reader.bytecode.analysis.opgraph.Op03SimpleStatement)",
    "numberOfTotalInstructions" : 114,
    "numberOfDeadInstructions" : 1,
    "enclosingTypeName" : "org.benf.cfr.reader.bytecode.analysis.opgraph.Op03SimpleStatement",
    "deadInstructions" : [ {
      "stringRepresentation" : "GOTO(-242)",
      "programCounter" : 279
    } ]
  }, {
    "fullSignature" : "void patchUpRelations()",
    "numberOfTotalInstructions" : 60,
    "numberOfDeadInstructions" : 1,
    "enclosingTypeName" : "org.benf.cfr.reader.bytecode.analysis.opgraph.GraphConversionHelper",
    "deadInstructions" : [ {
      "stringRepresentation" : "GOTO(-148)",
      "programCounter" : 163
    } ]
  }, {
    "fullSignature" : "boolean hasUnstructuredSource()",
    "numberOfTotalInstructions" : 20,
    "numberOfDeadInstructions" : 1,
    "enclosingTypeName" : "org.benf.cfr.reader.bytecode.analysis.opgraph.Op04StructuredStatement",
    "deadInstructions" : [ {
      "stringRepresentation" : "GOTO(-33)",
      "programCounter" : 43
    } ]
  }, {
    "fullSignature" : "java.util.List addTryEndDependencies(java.util.List)",
    "numberOfTotalInstructions" : 100,
    "numberOfDeadInstructions" : 3,
    "enclosingTypeName" : "org.benf.cfr.reader.bytecode.analysis.opgraph.Op03Blocks",
    "deadInstructions" : [ {
      "stringRepresentation" : "GOTO(-87)",
      "programCounter" : 105
    }, {
      "stringRepresentation" : "GOTO(-94)",
      "programCounter" : 265
    }, {
      "stringRepresentation" : "GOTO(-153)",
      "programCounter" : 268
    } ]
  }, {
    "fullSignature" : "java.util.List buildBasicBlocks(java.util.List)",
    "numberOfTotalInstructions" : 144,
    "numberOfDeadInstructions" : 1,
    "enclosingTypeName" : "org.benf.cfr.reader.bytecode.analysis.opgraph.Op03Blocks",
    "deadInstructions" : [ {
      "stringRepresentation" : "GOTO(-318)",
      "programCounter" : 375
    } ]
  }, {
    "fullSignature" : "java.util.Map createReverseMap(java.util.Map)",
    "numberOfTotalInstructions" : 45,
    "numberOfDeadInstructions" : 1,
    "enclosingTypeName" : "org.benf.cfr.reader.bytecode.analysis.opgraph.Op02WithProcessedDataAndRefs",
    "deadInstructions" : [ {
      "stringRepresentation" : "GOTO(-94)",
      "programCounter" : 117
    } ]
  }, {
    "fullSignature" : "void discoverStorageLiveness(org.benf.cfr.reader.entities.Method,org.benf.cfr.reader.util.DecompilerComments,java.util.List,org.benf.cfr.reader.bytecode.BytecodeMeta)",
    "numberOfTotalInstructions" : 286,
    "numberOfDeadInstructions" : 4,
    "enclosingTypeName" : "org.benf.cfr.reader.bytecode.analysis.opgraph.Op02WithProcessedDataAndRefs",
    "deadInstructions" : [ {
      "stringRepresentation" : "GOTO(-148)",
      "programCounter" : 356
    }, {
      "stringRepresentation" : "GOTO(-289)",
      "programCounter" : 359
    }, {
      "stringRepresentation" : "GOTO(-107)",
      "programCounter" : 498
    }, {
      "stringRepresentation" : "GOTO(-197)",
      "programCounter" : 712
    } ]
  }, {
    "fullSignature" : "org.benf.cfr.reader.util.DecompilerComment populateStackInfo(java.util.List,org.benf.cfr.reader.entities.Method)",
    "numberOfTotalInstructions" : 91,
    "numberOfDeadInstructions" : 1,
    "enclosingTypeName" : "org.benf.cfr.reader.bytecode.analysis.opgraph.Op02WithProcessedDataAndRefs",
    "deadInstructions" : [ {
      "stringRepresentation" : "GOTO(90)",
      "programCounter" : 114
    } ]
  } ]
}